account_id,account_tier,account_age_days,account_status,historical_terminal_ids,primary_device_fingerprint,account_region,kyc_identity_id
ACC-00001,legit,16,active,[],DEV-DD02A7733A,New Delhi Central,KYC-IND-96EFED7198
ACC-00002,legit,124,active,[],DEV-96E44CDFC9,South Delhi,KYC-IND-159AFF85B6
ACC-00003,legit,1723,dormant,[],DEV-AC889CD61E,Noida,KYC-IND-79E8AB1976
ACC-00004,legit,18,active,[],DEV-9E090EBF9E,Gurugram,KYC-IND-E291A7EB7B
ACC-00005,legit,299,active,[],DEV-FA03622B51,South Mumbai,KYC-IND-888E85476A
ACC-00006,legit,338,frozen,[],DEV-C4274D66C8,Bandra BKC,KYC-IND-0D40882DC0
ACC-00007,victim,30,active,[],DEV-210755BE0A,Andheri,KYC-IND-50112D929C
ACC-00008,legit,149,active,[],DEV-C150D52A1B,Navi Mumbai,KYC-IND-1CFF4578FC
ACC-00009,legit,106,active,[],DEV-B73B8CA7AE,Central BLR,KYC-IND-4221F96878
ACC-00010,legit,780,active,[],DEV-8425EE752A,Koramangala,KYC-IND-00B441D51A
ACC-00011,legit,350,active,[],DEV-76A38E5196,Whitefield,KYC-IND-44BCCD95BC
ACC-00012,legit,248,active,[],DEV-900E045C49,Electronic City,KYC-IND-BBA9E14284
ACC-00013,legit,102,frozen,[],DEV-DD29AE1F4D,Hitec City,KYC-IND-E40703ED21
ACC-00014,mule_l1,2142,active,"[""ATM-SBI-13-366""]",DEV-F9E79BDB04,Banjara Hills,KYC-IND-DB77B8FC44
ACC-00015,legit,901,active,[],DEV-B7CFD1BDC8,Secunderabad,KYC-IND-009F5127C6
ACC-00016,mule_l1,206,active,[],DEV-A795A7233F,Old City Hyderabad,KYC-IND-20C709A7FC
ACC-00017,legit,1367,active,[],DEV-C78959F4C0,Anna Salai,KYC-IND-E903D776A6
ACC-00018,aggregator,289,active,"[""ATM-ICICI-17-062""]",DEV-FE177A0843,OMR Taramani,KYC-IND-2636612634
ACC-00019,legit,42,active,[],DEV-3EC7525BB2,T-Nagar,KYC-IND-E3C1434821
ACC-00020,mule_l1,2368,active,[],DEV-6CBE8F3BBD,Guindy,KYC-IND-B2CB11884B
ACC-00021,legit,631,active,[],DEV-FD0DFADBF8,Park Street,KYC-IND-985DC29237
ACC-00022,legit,2451,active,[],DEV-0F14B99B73,Salt Lake Sector V,KYC-IND-B03C6BFD38
ACC-00023,legit,179,active,[],DEV-50F6A947BE,New Town Kolkata,KYC-IND-1862F8DE1F
ACC-00024,legit,268,dormant,[],DEV-8666CECDE4,Howrah,KYC-IND-CF9E217BFC
ACC-00025,legit,313,active,[],DEV-E379B7549C,Shivaji Nagar Pune,KYC-IND-D18EE09711
ACC-00026,mule_l1,2217,active,"[""ATM-JIO-03-224""]",DEV-69A0C2C7E1,Hinjewadi IT Park,KYC-IND-AF566ADF90
ACC-00027,legit,208,frozen,[],DEV-F621279C1E,Magarpatta Hadapsar,KYC-IND-3A62554E70
ACC-00028,legit,1408,frozen,[],DEV-5E22B1B0AF,Kothrud,KYC-IND-A5AB1B3E64
ACC-00029,legit,1574,dormant,[],DEV-04A126A4DA,Navrangpura,KYC-IND-77F3A116E7
ACC-00030,aggregator,36,dormant,"[""ATM-ICICI-29-338""]",DEV-19C762895F,SG Highway,KYC-IND-2E3D76BAE3
ACC-00031,legit,245,dormant,[],DEV-4889C0F0ED,Maninagar,KYC-IND-8F9920A3E5
ACC-00032,legit,269,active,[],DEV-AAEA6FFD89,Gandhinagar Center,KYC-IND-9F58F7854D
ACC-00033,legit,8,active,[],DEV-DD207DF028,MI Road Jaipur,KYC-IND-07C82BA9BF
ACC-00034,aggregator,2,active,"[""ATM-BOI-33-210""]",DEV-FCDA1828A7,Malviya Nagar Jaipur,KYC-IND-46C54D9C69
ACC-00035,mule_l1,344,active,[],DEV-3FE23CF6F7,Vaishali Nagar,KYC-IND-D4B1C52F0C
ACC-00036,victim,769,active,[],DEV-2F739A409D,Hazratganj,KYC-IND-DC64E83669
ACC-00037,legit,4,active,[],DEV-85569601FE,Gomti Nagar Lucknow,KYC-IND-37BE0F595D
ACC-00038,victim,169,active,[],DEV-3D24EA2D26,Alambagh,KYC-IND-5C58648529
ACC-00039,legit,85,frozen,[],DEV-7580BD78A6,Ernakulam Central,KYC-IND-95D1DE5E76
ACC-00040,legit,5,active,[],DEV-B840EA9F34,Kakkanad InfoPark,KYC-IND-1DA8918164
ACC-00041,legit,2020,dormant,[],DEV-47EDDE8DED,Fort Kochi,KYC-IND-90BEE20945
ACC-00042,victim,414,dormant,[],DEV-06E16C3F7B,Ring Road Surat,KYC-IND-2DA24D3D79
ACC-00043,aggregator,977,dormant,"[""AEPS-SBI-42-087""]",DEV-B2D461113B,Adajan,KYC-IND-9FAE813CA5
ACC-00044,legit,1225,dormant,[],DEV-A8D68510F1,Vesu Surat,KYC-IND-3FE42F42D0
ACC-00045,legit,297,dormant,[],DEV-33FE01DD28,New Delhi Central,KYC-IND-9F8DD0505F
ACC-00046,legit,58,active,[],DEV-79C374837B,South Delhi,KYC-IND-EF9105639E
ACC-00047,legit,228,active,[],DEV-49A5E299BC,Noida,KYC-IND-CB198F67E9
ACC-00048,legit,489,active,[],DEV-05975C1411,Gurugram,KYC-IND-0751B1D143
ACC-00049,legit,1617,active,[],DEV-0735BA2051,South Mumbai,KYC-IND-BC9CC36326
ACC-00050,legit,196,active,[],DEV-27ADC1CA20,Bandra BKC,KYC-IND-8892515264
ACC-00051,mule_l1,221,frozen,"[""ATM-AXIS-43-352""]",DEV-FINGERPRINT-RING-SCN-SHARED_DEVICE-031,Andheri,KYC-IND-A1F103D6B6
ACC-00052,legit,305,active,[],DEV-9982CF7248,Navi Mumbai,KYC-IND-8E9899F74A
ACC-00053,legit,184,frozen,[],DEV-6185E2B9F2,Central BLR,KYC-IND-3BD4879B15
ACC-00054,legit,326,frozen,[],DEV-C940CDE1CB,Koramangala,KYC-IND-50CCD4F8EF
ACC-00055,legit,1202,dormant,[],DEV-5F150F0A42,Whitefield,KYC-IND-85A5589A9C
ACC-00056,legit,258,active,[],DEV-ECC2EDC6EE,Electronic City,KYC-IND-8650D5CF6F
ACC-00057,legit,1613,active,[],DEV-813202FF07,Hitec City,KYC-IND-F90762EF5C
ACC-00058,legit,105,active,[],DEV-F4C4D88068,Banjara Hills,KYC-IND-D663DB660F
ACC-00059,legit,28,active,[],DEV-6A38C8814A,Secunderabad,KYC-IND-87DEF51547
ACC-00060,legit,1946,active,[],DEV-B971DC289C,Old City Hyderabad,KYC-IND-841A40E3C3
ACC-00061,legit,283,active,[],DEV-29CB7209D6,Anna Salai,KYC-IND-CD73D850ED
ACC-00062,legit,20,active,[],DEV-D70ECFDDD7,OMR Taramani,KYC-IND-5F271EF32A
ACC-00063,legit,1967,active,[],DEV-20B4363E64,T-Nagar,KYC-IND-61A65A9EB6
ACC-00064,legit,229,dormant,[],DEV-319C214FB1,Guindy,KYC-IND-B29798C3F2
ACC-00065,legit,120,active,[],DEV-C2A8A94877,Park Street,KYC-IND-3D13DF8359
ACC-00066,legit,355,dormant,[],DEV-08C54A7A4B,Salt Lake Sector V,KYC-IND-FF9CB0E542
ACC-00067,legit,173,frozen,[],DEV-7738B79855,New Town Kolkata,KYC-IND-92AA467A46
ACC-00068,legit,2245,active,[],DEV-1C95731713,Howrah,KYC-IND-773464514A
ACC-00069,legit,2191,active,[],DEV-1B14F9FF55,Shivaji Nagar Pune,KYC-IND-7764053301
ACC-00070,legit,141,frozen,[],DEV-9209F7D769,Hinjewadi IT Park,KYC-IND-F8F191F8CF
ACC-00071,legit,266,dormant,[],DEV-3ADFC80F12,Magarpatta Hadapsar,KYC-IND-69AD970F37
ACC-00072,legit,2,active,[],DEV-14F6C19D83,Kothrud,KYC-IND-7581C6E97E
ACC-00073,legit,1786,active,[],DEV-8DB76691B3,Navrangpura,KYC-IND-A7659A6EED
ACC-00074,legit,1083,dormant,[],DEV-892C1D5EFB,SG Highway,KYC-IND-973DD1F437
ACC-00075,legit,2135,dormant,[],DEV-F560D1ECF2,Maninagar,KYC-IND-FD8D6E6909
ACC-00076,legit,306,active,[],DEV-55747B696A,Gandhinagar Center,KYC-IND-A062A8C2A1
ACC-00077,legit,1347,active,[],DEV-69EE6079C9,MI Road Jaipur,KYC-IND-C444A26C18
ACC-00078,legit,164,active,[],DEV-1A910CCF58,Malviya Nagar Jaipur,KYC-IND-578B8359DD
ACC-00079,legit,1255,dormant,[],DEV-8790631FCA,Vaishali Nagar,KYC-IND-EC0319C690
ACC-00080,legit,862,active,[],DEV-8E60A400FD,Hazratganj,KYC-IND-F23B14D610
ACC-00081,legit,13,active,[],DEV-12C6BC5720,Gomti Nagar Lucknow,KYC-IND-62D3D19126
ACC-00082,legit,121,frozen,[],DEV-FCEBEC2A59,Alambagh,KYC-IND-7D77A03C2A
ACC-00083,legit,11,dormant,[],DEV-DB259D0949,Ernakulam Central,KYC-IND-C02577FD64
ACC-00084,legit,1162,dormant,[],DEV-7D59A8FB04,Kakkanad InfoPark,KYC-IND-530F82ED51
ACC-00085,legit,84,active,[],DEV-C369248DA6,Fort Kochi,KYC-IND-7056218B07
ACC-00086,legit,251,active,[],DEV-6958B57A84,Ring Road Surat,KYC-IND-681972B577
ACC-00087,aggregator,239,active,[],DEV-73130E8AAE,Adajan,KYC-IND-4E4580356A
ACC-00088,legit,97,active,[],DEV-34451CF3E2,Vesu Surat,KYC-IND-8DBFC853C6
ACC-00089,legit,105,active,[],DEV-B04ECE583C,New Delhi Central,KYC-IND-24906AE7FD
ACC-00090,legit,1055,active,[],DEV-2ED9D85ED6,South Delhi,KYC-IND-1BFA3130F1
ACC-00091,legit,5,active,[],DEV-7140384603,Noida,KYC-IND-DF39D01C80
ACC-00092,legit,32,frozen,[],DEV-01D758CD0D,Gurugram,KYC-IND-0C818A6EA2
ACC-00093,legit,340,frozen,[],DEV-6976FD8E11,South Mumbai,KYC-IND-6B61E44EBC
ACC-00094,legit,787,dormant,[],DEV-704B6CC430,Bandra BKC,KYC-IND-E2286DD63B
ACC-00095,legit,321,active,[],DEV-1628971BA2,Andheri,KYC-IND-BEE961DBA7
ACC-00096,legit,118,active,[],DEV-44FD75CC6D,Navi Mumbai,KYC-IND-CA83269031
ACC-00097,legit,61,active,[],DEV-9FC9A4C430,Central BLR,KYC-IND-2C4E326570
ACC-00098,legit,1746,active,[],DEV-D827E252F5,Koramangala,KYC-IND-CFDC57D135
ACC-00099,legit,2,active,[],DEV-61B1EB8B35,Whitefield,KYC-IND-C8A77F3160
ACC-00100,legit,9,active,[],DEV-2002D7BD2A,Electronic City,KYC-IND-6C5F59CE3C
ACC-00101,legit,335,active,[],DEV-B7AD7AD86F,Hitec City,KYC-IND-958367E220
ACC-00102,mule_l1,1984,dormant,[],DEV-SHARED-SCN-FAN_IN-015,Banjara Hills,KYC-RING-SCN-FAN_IN-015
ACC-00103,legit,197,active,[],DEV-6C0B375D7B,Secunderabad,KYC-IND-1670AFF5A1
ACC-00104,legit,176,active,[],DEV-5415F17FFC,Old City Hyderabad,KYC-IND-DBAC138691
ACC-00105,mule_l1,48,active,[],DEV-SHARED-SCN-FAN_IN-013,Anna Salai,KYC-RING-SCN-FAN_IN-013
ACC-00106,legit,49,active,[],DEV-EF917E00FC,OMR Taramani,KYC-IND-4E7BCEE884
ACC-00107,legit,2412,active,[],DEV-74641A2F66,T-Nagar,KYC-IND-6A82059221
ACC-00108,legit,1068,active,[],DEV-41A29DF63C,Guindy,KYC-IND-F7A53FCFE9
ACC-00109,legit,338,dormant,[],DEV-0EE1D947FA,Park Street,KYC-IND-15DBC1FEFB
ACC-00110,legit,910,active,[],DEV-EAAE7E347E,Salt Lake Sector V,KYC-IND-8D6DF3A4A3
ACC-00111,legit,1668,dormant,[],DEV-180BF51893,New Town Kolkata,KYC-IND-2A4E160EFB
ACC-00112,legit,10,dormant,[],DEV-F6C1F2DDBB,Howrah,KYC-IND-DB4591D5F0
ACC-00113,legit,134,frozen,[],DEV-7E76C0F8B9,Shivaji Nagar Pune,KYC-IND-0551CC1F8F
ACC-00114,legit,1318,active,[],DEV-7EA5156233,Hinjewadi IT Park,KYC-IND-210D0FE6B4
ACC-00115,legit,1631,active,[],DEV-2579558AFE,Magarpatta Hadapsar,KYC-IND-2C1E61FF1D
ACC-00116,legit,691,active,[],DEV-BD019CB3A6,Kothrud,KYC-IND-47D7614973
ACC-00117,legit,118,active,[],DEV-DF8A36F918,Navrangpura,KYC-IND-0417FFD211
ACC-00118,legit,136,frozen,[],DEV-A0E58ACC00,SG Highway,KYC-IND-FF6B105AF2
ACC-00119,legit,183,active,[],DEV-49C30D805B,Maninagar,KYC-IND-A358A62621
ACC-00120,legit,35,frozen,[],DEV-BD6371D3BC,Gandhinagar Center,KYC-IND-D2D9FB94C4
ACC-00121,legit,162,active,[],DEV-A2580038AC,MI Road Jaipur,KYC-IND-93BDC669F5
ACC-00122,legit,1769,active,[],DEV-759866A379,Malviya Nagar Jaipur,KYC-IND-5CE9837B6A
ACC-00123,legit,11,active,[],DEV-777AB9A003,Vaishali Nagar,KYC-IND-62600FCA5D
ACC-00124,legit,128,frozen,[],DEV-C4586D27D4,Hazratganj,KYC-IND-3F9EAFAEC4
ACC-00125,legit,108,dormant,[],DEV-D7E36BF37F,Gomti Nagar Lucknow,KYC-IND-A1BB8F08DA
ACC-00126,legit,8,active,[],DEV-8E0092A279,Alambagh,KYC-IND-F574C442A8
ACC-00127,legit,3,active,[],DEV-C906887C98,Ernakulam Central,KYC-IND-CBBF5F3C5C
ACC-00128,legit,296,active,[],DEV-6DCF2291AB,Kakkanad InfoPark,KYC-IND-93452092E9
ACC-00129,legit,12,dormant,[],DEV-FCB3DB5A40,Fort Kochi,KYC-IND-A1434F696E
ACC-00130,legit,1369,dormant,[],DEV-7AF49A35B0,Ring Road Surat,KYC-IND-63E0C5CC80
ACC-00131,legit,161,frozen,[],DEV-8F8DA9390F,Adajan,KYC-IND-767BDC887D
ACC-00132,legit,154,dormant,[],DEV-B84620E5B7,Vesu Surat,KYC-IND-E858E0434C
ACC-00133,aggregator,1997,dormant,"[""ATM-PAYTM-00-265""]",DEV-79FBA0B2E9,New Delhi Central,KYC-IND-D5328F94EC
ACC-00134,legit,273,frozen,[],DEV-BA3BF01168,South Delhi,KYC-IND-3FE5111C06
ACC-00135,legit,2340,active,[],DEV-2785642C44,Noida,KYC-IND-121C9E1B08
ACC-00136,legit,57,active,[],DEV-39537F9945,Gurugram,KYC-IND-899F7D8DAA
ACC-00137,legit,104,active,[],DEV-CA23298D5F,South Mumbai,KYC-IND-204093EF22
ACC-00138,legit,160,dormant,[],DEV-9F7C2F6D76,Bandra BKC,KYC-IND-C7FA65CB79
ACC-00139,legit,185,active,[],DEV-3EFF76CD7F,Andheri,KYC-IND-665E0FB288
ACC-00140,legit,112,active,[],DEV-185462DAAA,Navi Mumbai,KYC-IND-549266AE8A
ACC-00141,legit,206,dormant,[],DEV-14E11E65D6,Central BLR,KYC-IND-32BA6C8DD0
ACC-00142,legit,217,active,[],DEV-4FEE493CC1,Koramangala,KYC-IND-69E144EF52
ACC-00143,mule_l1,316,active,"[""AEPS-SBI-20-461"", ""ATM-JIO-32-385""]",DEV-C5CCE49D4C,Whitefield,KYC-IND-1FDDDD7F5A
ACC-00144,legit,2,dormant,[],DEV-21817E6B04,Electronic City,KYC-IND-49D1D6668C
ACC-00145,legit,238,active,[],DEV-22C1ED07D7,Hitec City,KYC-IND-71FF4FC602
ACC-00146,legit,1793,frozen,[],DEV-B61E56242E,Banjara Hills,KYC-IND-3A21EC2B90
ACC-00147,legit,203,active,[],DEV-1DF525FF30,Secunderabad,KYC-IND-48DDB66258
ACC-00148,legit,1376,active,[],DEV-5607F3D340,Old City Hyderabad,KYC-IND-E3EE18F4BE
ACC-00149,legit,1846,active,[],DEV-6AA4F42452,Anna Salai,KYC-IND-A70692F23D
ACC-00150,legit,148,frozen,[],DEV-33C45395F7,OMR Taramani,KYC-IND-E013BA3ECC
ACC-00151,victim,145,active,[],DEV-6BB6D5F352,T-Nagar,KYC-IND-BB3A20956D
ACC-00152,legit,1027,active,[],DEV-536451B134,Guindy,KYC-IND-6AB21B990F
ACC-00153,legit,12,dormant,[],DEV-4F788C35EF,Park Street,KYC-IND-0D0E929F7A
ACC-00154,legit,56,frozen,[],DEV-660A276B2E,Salt Lake Sector V,KYC-IND-0C72FCDF19
ACC-00155,legit,1045,dormant,[],DEV-C81B697101,New Town Kolkata,KYC-IND-44390EDB70
ACC-00156,legit,287,dormant,[],DEV-943CCA6F4D,Howrah,KYC-IND-CDCAB70E26
ACC-00157,legit,730,active,[],DEV-18A505428F,Shivaji Nagar Pune,KYC-IND-0A952EF9FA
ACC-00158,legit,1776,active,[],DEV-012DD4DA0D,Hinjewadi IT Park,KYC-IND-3EFADE6E6F
ACC-00159,legit,218,active,[],DEV-C7F98903C3,Magarpatta Hadapsar,KYC-IND-594D126CDE
ACC-00160,legit,266,active,[],DEV-1750BF19B4,Kothrud,KYC-IND-492DFD9587
ACC-00161,victim,2077,frozen,[],DEV-0717EDF717,Navrangpura,KYC-IND-1672B126FF
ACC-00162,legit,235,active,[],DEV-A47C24D703,SG Highway,KYC-IND-7605191726
ACC-00163,legit,83,active,[],DEV-00413F7D24,Maninagar,KYC-IND-ECF6D70048
ACC-00164,legit,71,dormant,[],DEV-B61BF180D9,Gandhinagar Center,KYC-IND-9CB029F1F3
ACC-00165,legit,117,active,[],DEV-66CCB05F8C,MI Road Jaipur,KYC-IND-3D0D4AA3DA
ACC-00166,legit,1151,active,[],DEV-A2B2A9BDC4,Malviya Nagar Jaipur,KYC-IND-B95D2E381E
ACC-00167,legit,2171,frozen,[],DEV-F77C6919EF,Vaishali Nagar,KYC-IND-735C3CAD1F
ACC-00168,legit,55,active,[],DEV-7F86CFA4C9,Hazratganj,KYC-IND-9D6635E518
ACC-00169,legit,47,active,[],DEV-B05FB0FCDF,Gomti Nagar Lucknow,KYC-IND-B0EC7F1B38
ACC-00170,legit,263,active,[],DEV-AF9AEC1DAD,Alambagh,KYC-IND-DFCA73C990
ACC-00171,legit,18,frozen,[],DEV-BF8984CB58,Ernakulam Central,KYC-IND-027464A334
ACC-00172,legit,4,frozen,[],DEV-E6C25FCE8F,Kakkanad InfoPark,KYC-IND-BAD77B65DC
ACC-00173,legit,281,active,[],DEV-8946DE4A7F,Fort Kochi,KYC-IND-BE3BDD8933
ACC-00174,mule_l1,187,frozen,[],DEV-SHARED-SCN-FAN_OUT-017,Ring Road Surat,KYC-RING-SCN-FAN_OUT-017
ACC-00175,legit,190,active,[],DEV-B0BCB29C27,Adajan,KYC-IND-BD6DDCC830
ACC-00176,legit,1998,dormant,[],DEV-56294689EF,Vesu Surat,KYC-IND-FE22395EA1
ACC-00177,legit,1718,active,[],DEV-6693A91C01,New Delhi Central,KYC-IND-14B570A317
ACC-00178,legit,2011,active,[],DEV-291FF2B88A,South Delhi,KYC-IND-13B9CB8A0A
ACC-00179,victim,286,active,[],DEV-C390E59E5B,Noida,KYC-IND-E81F8E45C4
ACC-00180,legit,1384,active,[],DEV-4F039CBCB5,Gurugram,KYC-IND-8EC7505084
ACC-00181,legit,258,frozen,[],DEV-2D39E4E14B,South Mumbai,KYC-IND-FA025A504D
ACC-00182,legit,341,active,[],DEV-6033D8F3E3,Bandra BKC,KYC-IND-170FAC0BB7
ACC-00183,legit,38,active,[],DEV-6620E5FE0C,Andheri,KYC-IND-069B49F469
ACC-00184,legit,263,dormant,[],DEV-B0FDBAF3DA,Navi Mumbai,KYC-IND-AF63780FF7
ACC-00185,legit,1792,dormant,[],DEV-479F4F0B5B,Central BLR,KYC-IND-645736BC2C
ACC-00186,legit,2316,active,[],DEV-EA252BEEA2,Koramangala,KYC-IND-BCE9017C58
ACC-00187,legit,114,active,[],DEV-65296293A2,Whitefield,KYC-IND-A43CD9030C
ACC-00188,legit,2432,active,[],DEV-9C6B10E3B8,Electronic City,KYC-IND-56C88A5C17
ACC-00189,legit,1600,frozen,[],DEV-A9ADE8E3FB,Hitec City,KYC-IND-B2AE29078A
ACC-00190,legit,243,active,[],DEV-240C9C92B7,Banjara Hills,KYC-IND-35335F3CF3
ACC-00191,legit,139,active,[],DEV-EAD12DA062,Secunderabad,KYC-IND-75C798332B
ACC-00192,legit,732,active,[],DEV-2230AB9574,Old City Hyderabad,KYC-IND-99554F1D44
ACC-00193,mule_l1,1022,active,[],DEV-SHARED-SCN-LAYERING-009,Anna Salai,KYC-RING-SCN-LAYERING-009
ACC-00194,legit,1268,active,[],DEV-656C8FBA34,OMR Taramani,KYC-IND-8E240EEEFB
ACC-00195,legit,870,active,[],DEV-2D29303D27,T-Nagar,KYC-IND-2458B310D9
ACC-00196,legit,266,active,[],DEV-182DA4E19B,Guindy,KYC-IND-BEB3D6CA63
ACC-00197,legit,129,frozen,[],DEV-F2B7521133,Park Street,KYC-IND-78022A75C9
ACC-00198,legit,344,active,[],DEV-05C6AF4E6F,Salt Lake Sector V,KYC-IND-802F7C65BF
ACC-00199,mule_l1,1929,frozen,[],DEV-SHARED-SCN-FAN_IN-014,New Town Kolkata,KYC-RING-SCN-FAN_IN-014
ACC-00200,legit,134,active,[],DEV-507A18F8FE,Howrah,KYC-IND-DB72E41E34
ACC-00201,legit,72,active,[],DEV-75BE1C09F0,Shivaji Nagar Pune,KYC-IND-FD2324C2AF
ACC-00202,mule_l1,111,active,"[""ATM-PAYTM-00-133"", ""AEPS-JIO-39-172""]",DEV-A5BFB8E166,Hinjewadi IT Park,KYC-IND-8B9311B440
ACC-00203,legit,175,dormant,[],DEV-3CA6C060AC,Magarpatta Hadapsar,KYC-IND-5E649FD6C8
ACC-00204,legit,1,frozen,[],DEV-0F53D3CE1F,Kothrud,KYC-IND-E271952790
ACC-00205,legit,2101,active,[],DEV-96B5BB5487,Navrangpura,KYC-IND-F5D0702FDE
ACC-00206,aggregator,883,frozen,"[""AEPS-CANARA-29-294""]",DEV-2094C89BAF,SG Highway,KYC-IND-9171E8125C
ACC-00207,legit,69,dormant,[],DEV-D1FBBFB979,Maninagar,KYC-IND-17D1D8A72A
ACC-00208,legit,1660,active,[],DEV-D2EB26A361,Gandhinagar Center,KYC-IND-6F65C6CE36
ACC-00209,legit,127,dormant,[],DEV-E399F3742F,MI Road Jaipur,KYC-IND-C15C4B4078
ACC-00210,legit,160,active,[],DEV-76C8602653,Malviya Nagar Jaipur,KYC-IND-1DE350B06E
ACC-00211,legit,506,frozen,[],DEV-89C84DED40,Vaishali Nagar,KYC-IND-CF0772E5E6
ACC-00212,legit,78,active,[],DEV-F6FCBA9038,Hazratganj,KYC-IND-7910B97264
ACC-00213,legit,2325,active,[],DEV-417C6C300A,Gomti Nagar Lucknow,KYC-IND-2E3763F060
ACC-00214,legit,1908,active,[],DEV-B6DE9B7AAA,Alambagh,KYC-IND-33093D6012
ACC-00215,legit,122,active,[],DEV-222F64909F,Ernakulam Central,KYC-IND-F30BBC58A7
ACC-00216,legit,14,active,[],DEV-07AC031599,Kakkanad InfoPark,KYC-IND-5715C0E290
ACC-00217,legit,1591,active,[],DEV-FECCCAD3D0,Fort Kochi,KYC-IND-E57BFEECF8
ACC-00218,legit,187,dormant,[],DEV-C160A3436E,Ring Road Surat,KYC-IND-431C800B3D
ACC-00219,legit,1969,dormant,[],DEV-A0D2E74F24,Adajan,KYC-IND-0B2DAE9E42
ACC-00220,legit,1522,active,[],DEV-07C70E5B4C,Vesu Surat,KYC-IND-F2088152EA
ACC-00221,legit,64,active,[],DEV-3562276AF0,New Delhi Central,KYC-IND-00D22BA158
ACC-00222,legit,587,active,[],DEV-2945BF6B22,South Delhi,KYC-IND-5B38C3F8B9
ACC-00223,legit,85,dormant,[],DEV-4598D52CDF,Noida,KYC-IND-6AFD69A928
ACC-00224,legit,89,active,[],DEV-E90941713F,Gurugram,KYC-IND-87730BB0C3
ACC-00225,legit,403,active,[],DEV-D6BDDFFB9D,South Mumbai,KYC-IND-90BEE20945
ACC-00226,legit,362,active,[],DEV-803C447E0E,Bandra BKC,KYC-IND-AB2D1AA616
ACC-00227,legit,1055,active,[],DEV-DAFD8FE582,Andheri,KYC-IND-813783F912
ACC-00228,legit,1101,active,[],DEV-58E9295FAE,Navi Mumbai,KYC-IND-565CFD095E
ACC-00229,legit,188,frozen,[],DEV-8A707CD067,Central BLR,KYC-IND-FC14F9F370
ACC-00230,legit,221,active,[],DEV-C28644D151,Koramangala,KYC-IND-E031E7E4EB
ACC-00231,legit,265,active,[],DEV-CBD6A4064A,Whitefield,KYC-IND-379F32CB7E
ACC-00232,legit,1903,active,[],DEV-086063076E,Electronic City,KYC-IND-9C0C1134C4
ACC-00233,legit,1931,active,[],DEV-4B1268CE1F,Hitec City,KYC-IND-F862763E20
ACC-00234,legit,20,active,[],DEV-C8316E3958,Banjara Hills,KYC-IND-47F55C4B9E
ACC-00235,legit,343,frozen,[],DEV-AC42091067,Secunderabad,KYC-IND-095B63E39E
ACC-00236,legit,308,dormant,[],DEV-C313D47D17,Old City Hyderabad,KYC-IND-324E24EDD9
ACC-00237,legit,1107,dormant,[],DEV-662027EBD9,Anna Salai,KYC-IND-4EA354E8EB
ACC-00238,legit,237,active,[],DEV-298ED659F1,OMR Taramani,KYC-IND-D362F64762
ACC-00239,legit,2,frozen,[],DEV-3DCAA7E226,T-Nagar,KYC-IND-4FE7BC051B
ACC-00240,legit,446,dormant,[],DEV-F5266ACFEB,Guindy,KYC-IND-627457CF0C
ACC-00241,legit,286,dormant,[],DEV-E57CBD0E90,Park Street,KYC-IND-D06ADC2285
ACC-00242,legit,874,active,[],DEV-75100805F3,Salt Lake Sector V,KYC-IND-EF7AF46FD7
ACC-00243,legit,1106,frozen,[],DEV-F60D2E3359,New Town Kolkata,KYC-IND-E63FBC6F14
ACC-00244,legit,8,active,[],DEV-A9F4C0831F,Howrah,KYC-IND-E9DC5E1453
ACC-00245,legit,120,active,[],DEV-495E85EAFA,Shivaji Nagar Pune,KYC-IND-D18F894E2A
ACC-00246,legit,32,active,[],DEV-5AB8C296DB,Hinjewadi IT Park,KYC-IND-06C4810A33
ACC-00247,legit,201,frozen,[],DEV-CB1A454C1A,Magarpatta Hadapsar,KYC-IND-3C72448867
ACC-00248,legit,366,active,[],DEV-7DE550E76C,Kothrud,KYC-IND-00F8162907
ACC-00249,legit,2493,active,[],DEV-DFC6B878BD,Navrangpura,KYC-IND-6B673D92C1
ACC-00250,legit,310,dormant,[],DEV-7F6F9AC600,SG Highway,KYC-IND-26557AC290
ACC-00251,aggregator,195,frozen,"[""AEPS-BOI-30-119""]",DEV-C03C52E045,Maninagar,KYC-IND-904BE0E7A1
ACC-00252,legit,65,active,[],DEV-3984843B72,Gandhinagar Center,KYC-IND-29BA3A7EAC
ACC-00253,legit,168,active,[],DEV-56B088885F,MI Road Jaipur,KYC-IND-370C4CA1F1
ACC-00254,legit,125,frozen,[],DEV-1BF9008D56,Malviya Nagar Jaipur,KYC-IND-DB762609A6
ACC-00255,legit,333,dormant,[],DEV-A0ED6003FF,Vaishali Nagar,KYC-IND-E7235F65B4
ACC-00256,legit,210,active,[],DEV-2D65C4E433,Hazratganj,KYC-IND-A87E03B209
ACC-00257,mule_l1,1185,dormant,[],DEV-6963A5B974,Gomti Nagar Lucknow,KYC-IND-2DD5CF49DE
ACC-00258,legit,119,active,[],DEV-BFA268E79F,Alambagh,KYC-IND-53406A054F
ACC-00259,legit,339,active,[],DEV-ED522304CC,Ernakulam Central,KYC-IND-E48810CFF3
ACC-00260,legit,346,frozen,[],DEV-0C853E0153,Kakkanad InfoPark,KYC-IND-1160FFF73A
ACC-00261,legit,93,active,[],DEV-99B1F78770,Fort Kochi,KYC-IND-640A7611C4
ACC-00262,legit,28,frozen,[],DEV-413CF839E1,Ring Road Surat,KYC-IND-9415BAABB9
ACC-00263,legit,287,active,[],DEV-9BF37EF54B,Adajan,KYC-IND-75E003BF92
ACC-00264,legit,183,active,[],DEV-6E5AF3B583,Vesu Surat,KYC-IND-A459E940FD
ACC-00265,legit,154,active,[],DEV-5424B82C43,New Delhi Central,KYC-IND-A5DAF397A5
ACC-00266,legit,20,active,[],DEV-45BD48978B,South Delhi,KYC-IND-536FF62E87
ACC-00267,legit,1916,active,[],DEV-9AE97E0090,Noida,KYC-IND-694EF26CEC
ACC-00268,legit,284,active,[],DEV-BBD41003E5,Gurugram,KYC-IND-64254F219B
ACC-00269,legit,757,frozen,[],DEV-19E92DF605,South Mumbai,KYC-IND-E28B401711
ACC-00270,legit,159,frozen,[],DEV-F4CBFBF85D,Bandra BKC,KYC-IND-3EFADE6E6F
ACC-00271,legit,1,active,[],DEV-587A26FA97,Andheri,KYC-IND-0C9A1F78CC
ACC-00272,legit,1106,active,[],DEV-042DC05D71,Navi Mumbai,KYC-IND-AD814AFA04
ACC-00273,legit,287,frozen,[],DEV-688B97F9F2,Central BLR,KYC-IND-06885817F1
ACC-00274,legit,2319,frozen,[],DEV-3A15253D01,Koramangala,KYC-IND-8216808FDB
ACC-00275,legit,9,active,[],DEV-21801026CD,Whitefield,KYC-IND-9F5899DDD2
ACC-00276,legit,305,active,[],DEV-805F617884,Electronic City,KYC-IND-95B7DC6F24
ACC-00277,legit,1882,active,[],DEV-608F77D176,Hitec City,KYC-IND-75FA6CBAF8
ACC-00278,legit,249,active,[],DEV-C369EE01F3,Banjara Hills,KYC-IND-FB7E472A72
ACC-00279,legit,254,frozen,[],DEV-8B1CE7301A,Secunderabad,KYC-IND-61C53F59CB
ACC-00280,legit,2498,active,[],DEV-EBD9F2D6EA,Old City Hyderabad,KYC-IND-C2733EECF3
ACC-00281,legit,1617,dormant,[],DEV-51C9AC4A5B,Anna Salai,KYC-IND-F5E4F11CF3
ACC-00282,legit,691,active,[],DEV-3904EB9194,OMR Taramani,KYC-IND-1CC0359280
ACC-00283,legit,1042,frozen,[],DEV-936771F2A7,T-Nagar,KYC-IND-60C144E8A6
ACC-00284,legit,2384,active,[],DEV-577BC50BC8,Guindy,KYC-IND-8BD2C7295F
ACC-00285,legit,275,active,[],DEV-BEE075FBD0,Park Street,KYC-IND-CA7C894CD7
ACC-00286,legit,361,frozen,[],DEV-E702D557B8,Salt Lake Sector V,KYC-IND-57A2DDB75D
ACC-00287,legit,330,active,[],DEV-C9ECBBBE82,New Town Kolkata,KYC-IND-143B0599F0
ACC-00288,legit,2106,frozen,[],DEV-0D24FD6E54,Howrah,KYC-IND-E34EC89815
ACC-00289,legit,353,frozen,[],DEV-C6FC207102,Shivaji Nagar Pune,KYC-IND-A31376785B
ACC-00290,legit,8,active,[],DEV-D10876B937,Hinjewadi IT Park,KYC-IND-C98A82AE4A
ACC-00291,legit,1287,active,[],DEV-09E48FFED4,Magarpatta Hadapsar,KYC-IND-34AFA7862F
ACC-00292,legit,2470,active,[],DEV-CD59B1F01F,Kothrud,KYC-IND-5CF37E224C
ACC-00293,legit,209,active,[],DEV-179AE752FE,Navrangpura,KYC-IND-DC824F27B0
ACC-00294,legit,11,active,[],DEV-607DDB39B5,SG Highway,KYC-IND-CFF17B5578
ACC-00295,legit,848,active,[],DEV-ECA241FC31,Maninagar,KYC-IND-FAE4EEB5B7
ACC-00296,legit,124,active,[],DEV-E6D461A272,Gandhinagar Center,KYC-IND-0E96F2B95A
ACC-00297,legit,126,active,[],DEV-A5FCB864E5,MI Road Jaipur,KYC-IND-7E5C7C1A76
ACC-00298,legit,2477,active,[],DEV-7331268D1C,Malviya Nagar Jaipur,KYC-IND-92E5BB0F80
ACC-00299,legit,2365,active,[],DEV-B950FAD99C,Vaishali Nagar,KYC-IND-4450DDF521
ACC-00300,legit,183,active,[],DEV-5AB031E606,Hazratganj,KYC-IND-B18B6D75AF
ACC-00301,legit,12,active,[],DEV-E1728DCAE1,Gomti Nagar Lucknow,KYC-IND-C4C206CE57
ACC-00302,legit,7,dormant,[],DEV-303472FCCB,Alambagh,KYC-IND-B8356B37B9
ACC-00303,legit,93,dormant,[],DEV-6575566359,Ernakulam Central,KYC-IND-C6EEB5FF53
ACC-00304,legit,94,active,[],DEV-41A632BBE5,Kakkanad InfoPark,KYC-IND-C9862C6BDD
ACC-00305,legit,168,active,[],DEV-50A98C9BF4,Fort Kochi,KYC-IND-E92C2D1D18
ACC-00306,legit,152,active,[],DEV-B8B68BC94B,Ring Road Surat,KYC-IND-40FD3A9224
ACC-00307,legit,239,active,[],DEV-1B38324B02,Adajan,KYC-IND-E2067FF30C
ACC-00308,legit,389,active,[],DEV-7E409B6D38,Vesu Surat,KYC-IND-24B52A32E5
ACC-00309,legit,819,active,[],DEV-27ED8A1ED4,New Delhi Central,KYC-IND-2A5F9ABEA3
ACC-00310,legit,230,active,[],DEV-F496ED1136,South Delhi,KYC-IND-7A910FCD4B
ACC-00311,legit,116,dormant,[],DEV-75C28EE352,Noida,KYC-IND-AE24F79F95
ACC-00312,legit,852,dormant,[],DEV-EA7CA2757D,Gurugram,KYC-IND-A1434F696E
ACC-00313,legit,364,active,[],DEV-2AF0A0038F,South Mumbai,KYC-IND-C385DE4ADC
ACC-00314,legit,2003,frozen,[],DEV-5912719BBD,Bandra BKC,KYC-IND-64254F219B
ACC-00315,legit,1958,active,[],DEV-DCFCB75B78,Andheri,KYC-IND-E9BA37BC98
ACC-00316,legit,1,active,[],DEV-7EFC1C46BB,Navi Mumbai,KYC-IND-0EA2DB402E
ACC-00317,legit,365,active,[],DEV-B4079D004E,Central BLR,KYC-IND-10E31D95F9
ACC-00318,mule_l2,2125,frozen,"[""AEPS-BOI-16-017""]",DEV-SHARED-SCN-FAN_IN_FAN_OUT-024,Koramangala,KYC-IND-25BCC94290
ACC-00319,legit,163,active,[],DEV-1A0EE9A694,Whitefield,KYC-IND-32DBB3DA7F
ACC-00320,legit,1380,frozen,[],DEV-6076856E39,Electronic City,KYC-IND-E006DBEBCE
ACC-00321,legit,142,active,[],DEV-C0F41AB88B,Hitec City,KYC-IND-ED3F75B0BA
ACC-00322,legit,1379,dormant,[],DEV-E6EACD3105,Banjara Hills,KYC-IND-0C5DC5B98A
ACC-00323,legit,788,frozen,[],DEV-A390EDCAD9,Secunderabad,KYC-IND-B93C088BF1
ACC-00324,legit,317,active,[],DEV-199A49C4F0,Old City Hyderabad,KYC-IND-E1EB4E6FD5
ACC-00325,legit,34,active,[],DEV-629BA4DA48,Anna Salai,KYC-IND-95944858F5
ACC-00326,mule_l1,2112,active,[],DEV-SHARED-SCN-FAN_OUT-021,OMR Taramani,KYC-RING-SCN-FAN_OUT-021
ACC-00327,legit,1,dormant,[],DEV-959D904F6C,T-Nagar,KYC-IND-0307688358
ACC-00328,mule_l1,339,active,"[""ATM-BOI-26-203""]",DEV-F3CC581DB5,Guindy,KYC-RING-HASH-SCN-SHARED_KYC_CLUSTER-035
ACC-00329,legit,46,frozen,[],DEV-66699D89D7,Park Street,KYC-IND-8236855EC8
ACC-00330,legit,2,active,[],DEV-04CFA0EDFC,Salt Lake Sector V,KYC-IND-64683302BF
ACC-00331,legit,2078,active,[],DEV-C85164B638,New Town Kolkata,KYC-IND-0C326AFA12
ACC-00332,legit,1,active,[],DEV-7472DC29A5,Howrah,KYC-IND-2C86481464
ACC-00333,legit,1234,active,[],DEV-85BFB99BF8,Shivaji Nagar Pune,KYC-IND-E26425D7CF
ACC-00334,legit,778,dormant,[],DEV-CBE475A444,Hinjewadi IT Park,KYC-IND-2062A80AA3
ACC-00335,legit,1855,active,[],DEV-859DF7A184,Magarpatta Hadapsar,KYC-IND-9E44ECEA48
ACC-00336,legit,1,frozen,[],DEV-6546BE12BA,Kothrud,KYC-IND-2FA79D97E1
ACC-00337,victim,199,active,[],DEV-DC8177F336,Navrangpura,KYC-IND-32BC4B48D6
ACC-00338,legit,324,active,[],DEV-E271D40014,SG Highway,KYC-IND-899F7D8DAA
ACC-00339,legit,314,dormant,[],DEV-77351B6BF4,Maninagar,KYC-IND-54AED86086
ACC-00340,legit,11,frozen,[],DEV-B54D965058,Gandhinagar Center,KYC-IND-01368E5177
ACC-00341,legit,350,active,[],DEV-B94CAE5B23,MI Road Jaipur,KYC-IND-A628A89445
ACC-00342,legit,65,active,[],DEV-FABAC53B75,Malviya Nagar Jaipur,KYC-IND-C6AA2B69E8
ACC-00343,legit,169,dormant,[],DEV-7D56B59672,Vaishali Nagar,KYC-IND-F3C7ED9657
ACC-00344,legit,93,active,[],DEV-45BA23B6A0,Hazratganj,KYC-IND-587AD06E87
ACC-00345,legit,144,frozen,[],DEV-794ED122E3,Gomti Nagar Lucknow,KYC-IND-E2378CC703
ACC-00346,legit,2202,active,[],DEV-D6C5E22116,Alambagh,KYC-IND-D1F0CA9362
ACC-00347,legit,7,frozen,[],DEV-55F6AB9678,Ernakulam Central,KYC-IND-6155EE22A3
ACC-00348,legit,26,active,[],DEV-7B0AAB4FF4,Kakkanad InfoPark,KYC-IND-56F70FEA65
ACC-00349,legit,81,active,[],DEV-F7EF2A4C7E,Fort Kochi,KYC-IND-32913BBEFA
ACC-00350,legit,112,dormant,[],DEV-D078B4498B,Ring Road Surat,KYC-IND-70ED25C815
ACC-00351,legit,277,active,[],DEV-D036A50AD5,Adajan,KYC-IND-6E298AD8D6
ACC-00352,legit,1939,frozen,[],DEV-038D90B953,Vesu Surat,KYC-IND-06A3379903
ACC-00353,legit,154,active,[],DEV-540153C78D,New Delhi Central,KYC-IND-5F507AF520
ACC-00354,mule_l1,126,frozen,[],DEV-53962C4AD1,South Delhi,KYC-IND-DF4518E9D9
ACC-00355,legit,2466,dormant,[],DEV-CC2E09EC53,Noida,KYC-IND-6F65C6CE36
ACC-00356,legit,1426,active,[],DEV-1CA072DBC5,Gurugram,KYC-IND-F920B9B421
ACC-00357,legit,152,frozen,[],DEV-05286DE1F3,South Mumbai,KYC-IND-9958770D29
ACC-00358,legit,288,active,[],DEV-D8B8EBFCAD,Bandra BKC,KYC-IND-AEA2370997
ACC-00359,legit,157,active,[],DEV-73934FBA62,Andheri,KYC-IND-170FAC0BB7
ACC-00360,legit,1385,active,[],DEV-F83D5008B5,Navi Mumbai,KYC-IND-894F8BF102
ACC-00361,legit,6,frozen,[],DEV-D7FB0F4AE2,Central BLR,KYC-IND-F76CE4365A
ACC-00362,legit,296,active,[],DEV-AAAEF9647A,Koramangala,KYC-IND-8D6DF3A4A3
ACC-00363,legit,328,active,[],DEV-28C4FCC011,Whitefield,KYC-IND-43132CB557
ACC-00364,legit,14,active,[],DEV-C946752B76,Electronic City,KYC-IND-C280956767
ACC-00365,legit,158,active,[],DEV-D69D2CBF10,Hitec City,KYC-IND-4231726908
ACC-00366,legit,11,frozen,[],DEV-9D9876A97A,Banjara Hills,KYC-IND-170C9FA920
ACC-00367,legit,1930,active,[],DEV-CF8D529EAA,Secunderabad,KYC-IND-13624588E0
ACC-00368,mule_l1,297,active,"[""ATM-SBI-26-115""]",DEV-A261B8A109,Old City Hyderabad,KYC-IND-49983C40B0
ACC-00369,legit,152,active,[],DEV-D583F9BA04,Anna Salai,KYC-IND-20ABC3C538
ACC-00370,legit,1985,active,[],DEV-3CC92BB8FD,OMR Taramani,KYC-IND-624FC87FAC
ACC-00371,legit,2143,active,[],DEV-B43FA27B08,T-Nagar,KYC-IND-3FF92E9597
ACC-00372,legit,268,active,[],DEV-8835A7717D,Guindy,KYC-IND-1ECC3B3764
ACC-00373,legit,1087,active,[],DEV-0A73F1FA78,Park Street,KYC-IND-5557740E02
ACC-00374,legit,1104,active,[],DEV-9955D2F328,Salt Lake Sector V,KYC-IND-5513F54E04
ACC-00375,legit,105,dormant,[],DEV-D343411504,New Town Kolkata,KYC-IND-F8F0F5B009
ACC-00376,legit,88,active,[],DEV-ACEBECA2C8,Howrah,KYC-IND-78D2A0995A
ACC-00377,legit,345,dormant,[],DEV-ECC4DC4659,Shivaji Nagar Pune,KYC-IND-C86023C1E8
ACC-00378,legit,21,frozen,[],DEV-E49C82EA9A,Hinjewadi IT Park,KYC-IND-5D99BCD922
ACC-00379,legit,71,active,[],DEV-079DE3F817,Magarpatta Hadapsar,KYC-IND-019A1DB228
ACC-00380,victim,37,active,[],DEV-5EB256469B,Kothrud,KYC-IND-EB3BEDF032
ACC-00381,legit,3,frozen,[],DEV-C6146ED846,Navrangpura,KYC-IND-448F8DAF25
ACC-00382,legit,801,frozen,[],DEV-E3BA73E11D,SG Highway,KYC-IND-45E700511A
ACC-00383,legit,58,active,[],DEV-A1C1952C89,Maninagar,KYC-IND-16C984B03A
ACC-00384,legit,2185,active,[],DEV-9FE9783C6B,Gandhinagar Center,KYC-IND-BECEEA9446
ACC-00385,legit,139,active,[],DEV-24D25A085F,MI Road Jaipur,KYC-IND-2A0BC38588
ACC-00386,legit,293,active,[],DEV-251DB8C629,Malviya Nagar Jaipur,KYC-IND-7454D4C052
ACC-00387,legit,9,active,[],DEV-DCD906D200,Vaishali Nagar,KYC-IND-6B4303A90A
ACC-00388,aggregator,2067,active,"[""ATM-JIO-35-256""]",DEV-6D3DA15BED,Hazratganj,KYC-IND-7CC5E8615B
ACC-00389,legit,131,dormant,[],DEV-45480F3C94,Gomti Nagar Lucknow,KYC-IND-8DBFC853C6
ACC-00390,legit,161,active,[],DEV-9E5E532C11,Alambagh,KYC-IND-32BEB23F1F
ACC-00391,legit,72,dormant,[],DEV-21F0A314E7,Ernakulam Central,KYC-IND-133EF95DA1
ACC-00392,legit,2,active,[],DEV-88AF210BA6,Kakkanad InfoPark,KYC-IND-E57203D9FA
ACC-00393,legit,75,active,[],DEV-5947DA8F8E,Fort Kochi,KYC-IND-7E1F900220
ACC-00394,legit,543,frozen,[],DEV-9F7951FE5A,Ring Road Surat,KYC-IND-7B00CF1BB7
ACC-00395,legit,186,frozen,[],DEV-744B7BF799,Adajan,KYC-IND-391322EF4E
ACC-00396,legit,356,active,[],DEV-6875C76CAA,Vesu Surat,KYC-IND-7AE050CF73
ACC-00397,legit,68,active,[],DEV-4C09CBE5EF,New Delhi Central,KYC-IND-33CEFFBD40
ACC-00398,legit,150,active,[],DEV-93AF48C6A3,South Delhi,KYC-IND-C5A9627B37
ACC-00399,legit,974,active,[],DEV-2FFA991DCA,Noida,KYC-IND-46436BCA7D
ACC-00400,legit,259,active,[],DEV-5359E69C3C,Gurugram,KYC-IND-8BB47DFB21
ACC-00401,legit,157,active,[],DEV-C3BE6393E7,South Mumbai,KYC-IND-CA67E48EEA
ACC-00402,legit,1110,dormant,[],DEV-710A1E948F,Bandra BKC,KYC-IND-635EA004A6
ACC-00403,legit,261,dormant,[],DEV-2B1B737625,Andheri,KYC-IND-77AD65AA59
ACC-00404,legit,85,active,[],DEV-F26A6F4C2B,Navi Mumbai,KYC-IND-AA315A03D4
ACC-00405,legit,290,frozen,[],DEV-2043F57F9C,Central BLR,KYC-IND-7909BE101D
ACC-00406,legit,132,dormant,[],DEV-05E9DFB215,Koramangala,KYC-IND-88A851C2DD
ACC-00407,legit,1264,active,[],DEV-156EF5B771,Whitefield,KYC-IND-350483072D
ACC-00408,legit,14,active,[],DEV-79899DFCED,Electronic City,KYC-IND-3907EBF441
ACC-00409,legit,83,active,[],DEV-76BC758830,Hitec City,KYC-IND-5B091E2646
ACC-00410,mule_l1,86,active,[],DEV-SHARED-SCN-LAYERING-011,Banjara Hills,KYC-RING-SCN-LAYERING-011
ACC-00411,mule_l1,2090,active,[],DEV-SHARED-SCN-FAN_OUT-017,Secunderabad,KYC-RING-SCN-FAN_OUT-017
ACC-00412,legit,85,active,[],DEV-E9EC3670ED,Old City Hyderabad,KYC-IND-A345EA8978
ACC-00413,legit,1912,active,[],DEV-87A442D8C9,Anna Salai,KYC-IND-97CB80D616
ACC-00414,aggregator,42,active,"[""ATM-PAYTM-00-133""]",DEV-BEBBA8D4B5,OMR Taramani,KYC-IND-4604A7688B
ACC-00415,legit,14,frozen,[],DEV-899F3656B8,T-Nagar,KYC-IND-A43CD9030C
ACC-00416,legit,6,active,[],DEV-73790E762A,Guindy,KYC-IND-DDC3CD077E
ACC-00417,legit,10,dormant,[],DEV-016A895451,Park Street,KYC-IND-CE569A08C5
ACC-00418,legit,86,frozen,[],DEV-562E738D01,Salt Lake Sector V,KYC-IND-6648D4B3E6
ACC-00419,legit,225,active,[],DEV-5992CF7BFF,New Town Kolkata,KYC-IND-C2573F45DE
ACC-00420,legit,21,active,[],DEV-7A52DB14F6,Howrah,KYC-IND-47997A097C
ACC-00421,legit,11,active,[],DEV-719A49CFBE,Shivaji Nagar Pune,KYC-IND-F273A688CC
ACC-00422,legit,97,active,[],DEV-E26A16DC02,Hinjewadi IT Park,KYC-IND-5F07FDC215
ACC-00423,legit,247,frozen,[],DEV-883548669B,Magarpatta Hadapsar,KYC-IND-7FC344B495
ACC-00424,legit,307,frozen,[],DEV-4592882D56,Kothrud,KYC-IND-5A299BE238
ACC-00425,mule_l1,95,active,[],DEV-SHARED-SCN-FAN_IN-014,Navrangpura,KYC-RING-SCN-FAN_IN-014
ACC-00426,legit,79,active,[],DEV-79C5FA9140,SG Highway,KYC-IND-EB9B01C639
ACC-00427,legit,7,active,[],DEV-B44793D2D3,Maninagar,KYC-IND-A3B9D1CDEA
ACC-00428,legit,682,dormant,[],DEV-5C0C976F93,Gandhinagar Center,KYC-IND-4083D25D54
ACC-00429,legit,222,dormant,[],DEV-F5AE618CD8,MI Road Jaipur,KYC-IND-00A135F240
ACC-00430,legit,2103,active,[],DEV-9CA263829B,Malviya Nagar Jaipur,KYC-IND-84AADC1887
ACC-00431,legit,6,frozen,[],DEV-A0C5FDC8C8,Vaishali Nagar,KYC-IND-F2D5DF9834
ACC-00432,mule_l1,137,active,"[""ATM-AXIS-43-352""]",DEV-FINGERPRINT-RING-SCN-SHARED_DEVICE-031,Hazratganj,KYC-IND-2140F759B3
ACC-00433,legit,4,frozen,[],DEV-7218C06D92,Gomti Nagar Lucknow,KYC-IND-41836C8CF5
ACC-00434,legit,1134,frozen,[],DEV-C7A12B8096,Alambagh,KYC-IND-B419FD4EAC
ACC-00435,legit,1350,active,[],DEV-9DAD1ECC83,Ernakulam Central,KYC-IND-982C67A751
ACC-00436,legit,37,frozen,[],DEV-E07A5EAC7B,Kakkanad InfoPark,KYC-IND-1EB90B86F9
ACC-00437,legit,39,active,[],DEV-6E72F05A1C,Fort Kochi,KYC-IND-E713AAB44C
ACC-00438,legit,197,active,[],DEV-6D2C17E7D3,Ring Road Surat,KYC-IND-F75BCEFCD4
ACC-00439,legit,176,dormant,[],DEV-01085D85B5,Adajan,KYC-IND-968E26C480
ACC-00440,legit,764,active,[],DEV-93CB399D1A,Vesu Surat,KYC-IND-4B70F33D0C
ACC-00441,legit,779,frozen,[],DEV-19CBBECC37,New Delhi Central,KYC-IND-09CCA88EAE
ACC-00442,legit,315,dormant,[],DEV-ECADDDF167,South Delhi,KYC-IND-2FC15C721D
ACC-00443,legit,519,active,[],DEV-2A414940B3,Noida,KYC-IND-067032DDA6
ACC-00444,legit,55,active,[],DEV-20F204B1A2,Gurugram,KYC-IND-A309CFC068
ACC-00445,legit,125,active,[],DEV-729F373185,South Mumbai,KYC-IND-99C8138300
ACC-00446,legit,271,frozen,[],DEV-FD96995AE0,Bandra BKC,KYC-IND-375852BA52
ACC-00447,legit,282,active,[],DEV-2C521170E1,Andheri,KYC-IND-3A2243C7E1
ACC-00448,legit,163,active,[],DEV-1D2251D0EA,Navi Mumbai,KYC-IND-B7C0E22F73
ACC-00449,legit,529,dormant,[],DEV-62E9D8CEAE,Central BLR,KYC-IND-1EB90B86F9
ACC-00450,legit,673,active,[],DEV-42A35CA1FD,Koramangala,KYC-IND-5468554396
ACC-00451,legit,764,active,[],DEV-B77D0EB227,Whitefield,KYC-IND-2883BF86E7
ACC-00452,legit,723,dormant,[],DEV-9DCAFB4A95,Electronic City,KYC-IND-B5483FA9A1
ACC-00453,legit,166,active,[],DEV-8F723F9EA2,Hitec City,KYC-IND-058357EE83
ACC-00454,legit,195,active,[],DEV-D4279D58BD,Banjara Hills,KYC-IND-C638B63701
ACC-00455,legit,2253,active,[],DEV-BB15CFE81D,Secunderabad,KYC-IND-B97A5AA4B7
ACC-00456,legit,2176,active,[],DEV-BCF9517ED0,Old City Hyderabad,KYC-IND-10AC6C696B
ACC-00457,legit,2365,active,[],DEV-B477C3BFD3,Anna Salai,KYC-IND-CD45CCF79C
ACC-00458,legit,224,frozen,[],DEV-C1B1208C84,OMR Taramani,KYC-IND-60539C28B8
ACC-00459,legit,202,frozen,[],DEV-34B78618F1,T-Nagar,KYC-IND-4558E3D45A
ACC-00460,legit,1896,active,[],DEV-241E009DED,Guindy,KYC-IND-2B53B91AD1
ACC-00461,legit,149,active,[],DEV-715D0D713D,Park Street,KYC-IND-94BA5B960A
ACC-00462,legit,140,frozen,[],DEV-E56B7F66F3,Salt Lake Sector V,KYC-IND-3DB8450DBE
ACC-00463,legit,1556,dormant,[],DEV-79FDFF2D96,New Town Kolkata,KYC-IND-81A2443A29
ACC-00464,legit,52,active,[],DEV-8401D0AC6F,Howrah,KYC-IND-53C0847FFF
ACC-00465,mule_l1,62,active,[],DEV-SHARED-SCN-LAYERING-007,Shivaji Nagar Pune,KYC-RING-SCN-LAYERING-007
ACC-00466,legit,253,active,[],DEV-43569C7D4B,Hinjewadi IT Park,KYC-IND-EC322F308C
ACC-00467,legit,1991,dormant,[],DEV-2289BE21F7,Magarpatta Hadapsar,KYC-IND-1C2249AF1A
ACC-00468,legit,177,active,[],DEV-2E4C5C1216,Kothrud,KYC-IND-97DE2FCC4C
ACC-00469,legit,258,active,[],DEV-228E6C9F77,Navrangpura,KYC-IND-03897012EB
ACC-00470,aggregator,3,dormant,[],DEV-6F9DB3BDFC,SG Highway,KYC-IND-EB25DDB0F9
ACC-00471,legit,305,active,[],DEV-96C04C8E88,Maninagar,KYC-IND-78BD4BD383
ACC-00472,mule_l1,621,active,[],DEV-SHARED-SCN-FAN_IN-014,Gandhinagar Center,KYC-RING-SCN-FAN_IN-014
ACC-00473,legit,1240,active,[],DEV-74A298D500,MI Road Jaipur,KYC-IND-3A8705222E
ACC-00474,legit,13,dormant,[],DEV-B6A043D530,Malviya Nagar Jaipur,KYC-IND-0DFC7087B4
ACC-00475,legit,57,active,[],DEV-4F085BBB24,Vaishali Nagar,KYC-IND-54435120F0
ACC-00476,legit,167,dormant,[],DEV-4D16FDDF5F,Hazratganj,KYC-IND-D97CF60EEA
ACC-00477,legit,357,active,[],DEV-4CB9ADCFC3,Gomti Nagar Lucknow,KYC-IND-137871809C
ACC-00478,legit,7,active,[],DEV-949A31BF95,Alambagh,KYC-IND-51655EA6BA
ACC-00479,legit,116,active,[],DEV-0CCE9946DF,Ernakulam Central,KYC-IND-319089E498
ACC-00480,legit,289,active,[],DEV-CBD32D9B0E,Kakkanad InfoPark,KYC-IND-75E003BF92
ACC-00481,legit,307,dormant,[],DEV-14105FA292,Fort Kochi,KYC-IND-3E772C8C38
ACC-00482,legit,320,active,[],DEV-08AF39F778,Ring Road Surat,KYC-IND-22F5FB52F3
ACC-00483,legit,330,active,[],DEV-71EEEB6093,Adajan,KYC-IND-394C458A70
ACC-00484,legit,1662,active,[],DEV-FBAECC5CD4,Vesu Surat,KYC-IND-22192FA840
ACC-00485,mule_l1,90,dormant,"[""AEPS-AXIS-00-485""]",DEV-SHARED-SCN-FAN_OUT-017,New Delhi Central,KYC-RING-SCN-FAN_OUT-017
ACC-00486,legit,11,dormant,[],DEV-4C299CF52C,South Delhi,KYC-IND-D4521C7706
ACC-00487,legit,2211,active,[],DEV-4DAAE9C5BD,Noida,KYC-IND-E6FB2E2CC1
ACC-00488,mule_l1,311,active,[],DEV-SHARED-SCN-FAN_OUT-019,Gurugram,KYC-RING-SCN-FAN_OUT-019
ACC-00489,legit,1134,dormant,[],DEV-DCE64E24A7,South Mumbai,KYC-IND-38B3A2AFF6
ACC-00490,legit,1912,active,[],DEV-734792B2F5,Bandra BKC,KYC-IND-037249ED66
ACC-00491,mule_l1,424,active,[],DEV-SHARED-SCN-FAN_IN-014,Andheri,KYC-RING-SCN-FAN_IN-014
ACC-00492,legit,5,frozen,[],DEV-6C6C3D50B3,Navi Mumbai,KYC-IND-D6166EFBBD
ACC-00493,legit,270,dormant,[],DEV-80B76B2832,Central BLR,KYC-IND-FB737E0EC1
ACC-00494,legit,292,dormant,[],DEV-5211A0EB2C,Koramangala,KYC-IND-A250AEC2B3
ACC-00495,victim,830,active,[],DEV-ED23D796ED,Whitefield,KYC-IND-61D0CCFE5C
ACC-00496,legit,298,frozen,[],DEV-B3BAD2EB8F,Electronic City,KYC-IND-6C1EC3ABF0
ACC-00497,mule_l1,160,dormant,[],DEV-SHARED-SCN-FAN_OUT-018,Hitec City,KYC-RING-SCN-FAN_OUT-018
ACC-00498,legit,772,active,[],DEV-43B312246B,Banjara Hills,KYC-IND-A925E6EAC3
ACC-00499,legit,11,active,[],DEV-2873EE2723,Secunderabad,KYC-IND-5D9B600A0E
ACC-00500,legit,269,frozen,[],DEV-55494C8E1B,Old City Hyderabad,KYC-IND-06603D0A4B
ACC-00501,legit,8,frozen,[],DEV-FF3483AE80,Anna Salai,KYC-IND-3CAD8F3021
ACC-00502,legit,5,dormant,[],DEV-658B647D66,OMR Taramani,KYC-IND-10F763172B
ACC-00503,legit,1926,active,[],DEV-A3F08AAF99,T-Nagar,KYC-IND-8123347A58
ACC-00504,legit,78,active,[],DEV-29EBC679D7,Guindy,KYC-IND-2175C67361
ACC-00505,mule_l1,2057,dormant,[],DEV-SHARED-SCN-FAN_IN-015,Park Street,KYC-RING-SCN-FAN_IN-015
ACC-00506,legit,129,frozen,[],DEV-3614BA3CE5,Salt Lake Sector V,KYC-IND-73548269FC
ACC-00507,victim,1449,active,[],DEV-4DE1BF5444,New Town Kolkata,KYC-IND-55A8430F46
ACC-00508,legit,2064,active,[],DEV-E29198891B,Howrah,KYC-IND-FB737E0EC1
ACC-00509,legit,499,active,[],DEV-D8D23A8BEB,Shivaji Nagar Pune,KYC-IND-33940018B5
ACC-00510,legit,2491,frozen,[],DEV-E7222D00DD,Hinjewadi IT Park,KYC-IND-715BC99CDE
ACC-00511,legit,307,dormant,[],DEV-EC6F5CE98E,Magarpatta Hadapsar,KYC-IND-BA8CC06E6B
ACC-00512,legit,1155,frozen,[],DEV-E6C5434986,Kothrud,KYC-IND-BF38C1968E
ACC-00513,legit,2123,active,[],DEV-4596983F3B,Navrangpura,KYC-IND-42B8C559DA
ACC-00514,legit,103,dormant,[],DEV-CAC7E27292,SG Highway,KYC-IND-8A1EDFC641
ACC-00515,legit,238,active,[],DEV-83C75EF35F,Maninagar,KYC-IND-8C5F7D6820
ACC-00516,legit,2431,active,[],DEV-690C8BD415,Gandhinagar Center,KYC-IND-A7B6BA0197
ACC-00517,legit,1431,frozen,[],DEV-72903471E2,MI Road Jaipur,KYC-IND-60539C28B8
ACC-00518,legit,62,active,[],DEV-6C584A465D,Malviya Nagar Jaipur,KYC-IND-D5DB067594
ACC-00519,victim,13,frozen,[],DEV-48E5A85A11,Vaishali Nagar,KYC-IND-D6166EFBBD
ACC-00520,legit,293,active,[],DEV-D0575969A9,Hazratganj,KYC-IND-52F3E049BC
ACC-00521,legit,12,active,[],DEV-D861A07291,Gomti Nagar Lucknow,KYC-IND-0D7842EE59
ACC-00522,legit,198,active,[],DEV-E223F708AF,Alambagh,KYC-IND-73C5B9E051
ACC-00523,legit,1582,active,[],DEV-62C0765F3F,Ernakulam Central,KYC-IND-7129362D8E
ACC-00524,legit,208,active,[],DEV-80462B1DC0,Kakkanad InfoPark,KYC-IND-F3098D7666
ACC-00525,legit,88,active,[],DEV-64FF09608D,Fort Kochi,KYC-IND-E4F25D050A
ACC-00526,legit,67,active,[],DEV-A107FD2D74,Ring Road Surat,KYC-IND-A35EF64205
ACC-00527,legit,69,active,[],DEV-8A94AED9D4,Adajan,KYC-IND-C020575EAC
ACC-00528,legit,746,active,[],DEV-2A543C7E61,Vesu Surat,KYC-IND-F289AC7E47
ACC-00529,legit,121,dormant,[],DEV-894D320E6E,New Delhi Central,KYC-IND-EF039744F1
ACC-00530,legit,2060,active,[],DEV-A111528BA5,South Delhi,KYC-IND-79979FD5C5
ACC-00531,legit,122,dormant,[],DEV-C7FDEA82C0,Noida,KYC-IND-8650D5CF6F
ACC-00532,legit,245,active,[],DEV-24079ACD29,Gurugram,KYC-IND-7E4C3F4748
ACC-00533,legit,3,frozen,[],DEV-0A2F0E3FB0,South Mumbai,KYC-IND-1DE350B06E
ACC-00534,legit,846,active,[],DEV-07EA32B274,Bandra BKC,KYC-IND-F1FA49A204
ACC-00535,legit,329,frozen,[],DEV-9052DB371E,Andheri,KYC-IND-87814594C6
ACC-00536,legit,145,active,[],DEV-54C083AFED,Navi Mumbai,KYC-IND-A371B2961B
ACC-00537,legit,1,frozen,[],DEV-9FCE6F42A2,Central BLR,KYC-IND-923C16B4FC
ACC-00538,legit,201,active,[],DEV-D3886473A0,Koramangala,KYC-IND-26B9A03284
ACC-00539,legit,3,active,[],DEV-E00AA36D09,Whitefield,KYC-IND-FBEB280E10
ACC-00540,legit,79,active,[],DEV-C37D7015B9,Electronic City,KYC-IND-B604C7C509
ACC-00541,legit,62,active,[],DEV-8D64C8DB8C,Hitec City,KYC-IND-DE3C4FA585
ACC-00542,aggregator,254,dormant,"[""ATM-PAYTM-13-146""]",DEV-3EE2A758E4,Banjara Hills,KYC-IND-83E45723CA
ACC-00543,legit,1156,active,[],DEV-1954F4FFF1,Secunderabad,KYC-IND-EEC3C9C0C7
ACC-00544,legit,158,dormant,[],DEV-F06E0C75FE,Old City Hyderabad,KYC-IND-27BFCECB77
ACC-00545,legit,1642,active,[],DEV-01AB3C1F3D,Anna Salai,KYC-IND-50C1BBCDF7
ACC-00546,legit,2364,dormant,[],DEV-B7CF4C0B9C,OMR Taramani,KYC-IND-71B1AB310B
ACC-00547,legit,154,active,[],DEV-B6739F920F,T-Nagar,KYC-IND-5F02D006ED
ACC-00548,legit,234,active,[],DEV-699E8EAB30,Guindy,KYC-IND-205F0CBAE7
ACC-00549,legit,338,active,[],DEV-26B0E5C085,Park Street,KYC-IND-8B1FB7A7B4
ACC-00550,legit,2460,active,[],DEV-1072D8AB30,Salt Lake Sector V,KYC-IND-A434606277
ACC-00551,aggregator,345,frozen,[],DEV-240A92F070,New Town Kolkata,KYC-IND-D9A8E48C7E
ACC-00552,mule_l1,3,active,"[""ATM-HDFC-23-200""]",DEV-SHARED-SCN-FAN_OUT-017,Howrah,KYC-RING-SCN-FAN_OUT-017
ACC-00553,legit,140,active,[],DEV-64517A7AEE,Shivaji Nagar Pune,KYC-IND-92604A4126
ACC-00554,legit,89,active,[],DEV-9CB06C83BA,Hinjewadi IT Park,KYC-IND-86D48F5077
ACC-00555,legit,20,active,[],DEV-EC37969B36,Magarpatta Hadapsar,KYC-IND-6D771DE114
ACC-00556,legit,179,active,[],DEV-3F48956E05,Kothrud,KYC-IND-E8F2755F32
ACC-00557,legit,323,active,[],DEV-D8807DA798,Navrangpura,KYC-IND-A8179CB4BF
ACC-00558,legit,5,frozen,[],DEV-4DBCAA1CD4,SG Highway,KYC-IND-A8ECAAAA05
ACC-00559,legit,672,frozen,[],DEV-E1C6798838,Maninagar,KYC-IND-46677D1FB3
ACC-00560,victim,237,active,[],DEV-SHARED-SCN-FAN_OUT-020,Gandhinagar Center,KYC-RING-SCN-FAN_OUT-020
ACC-00561,legit,40,dormant,[],DEV-1F11FDEF91,MI Road Jaipur,KYC-IND-1D0E1B81D1
ACC-00562,legit,2091,active,[],DEV-762C47696F,Malviya Nagar Jaipur,KYC-IND-F1D4E9EDE0
ACC-00563,mule_l1,182,frozen,[],DEV-SHARED-SCN-LAYERING-006,Vaishali Nagar,KYC-RING-SCN-LAYERING-006
ACC-00564,legit,160,active,[],DEV-A0F90279B4,Hazratganj,KYC-IND-2D73A70CA6
ACC-00565,mule_l1,385,dormant,"[""ATM-PAYTM-35-432""]",DEV-3299940A6E,Gomti Nagar Lucknow,KYC-IND-1BFF47E4A5
ACC-00566,legit,2015,active,[],DEV-E4B3EF112D,Alambagh,KYC-IND-AF1AA39C6E
ACC-00567,legit,526,active,[],DEV-1E22EACF49,Ernakulam Central,KYC-IND-EBB1D18C68
ACC-00568,legit,2,dormant,[],DEV-629056A563,Kakkanad InfoPark,KYC-IND-3E1D16919C
ACC-00569,legit,192,dormant,[],DEV-4B30AC9305,Fort Kochi,KYC-IND-EDE213E4C5
ACC-00570,mule_l1,2388,frozen,"[""ATM-JIO-18-195"", ""AEPS-HDFC-41-218""]",DEV-SHARED-SCN-FAN_IN_FAN_OUT-022,Ring Road Surat,KYC-RING-HASH-SCN-SHARED_KYC_CLUSTER-038
ACC-00571,legit,247,dormant,[],DEV-6CD2E708D1,Adajan,KYC-IND-C823D85A11
ACC-00572,legit,863,active,[],DEV-53AD77D081,Vesu Surat,KYC-IND-7909BE101D
ACC-00573,legit,4,active,[],DEV-AFC3C936BE,New Delhi Central,KYC-IND-ADD335C127
ACC-00574,legit,180,dormant,[],DEV-B76412214C,South Delhi,KYC-IND-3288319619
ACC-00575,legit,12,active,[],DEV-78D9DADBF4,Noida,KYC-IND-6AB21B990F
ACC-00576,legit,17,active,[],DEV-B06BA63CD2,Gurugram,KYC-IND-DA246BE21A
ACC-00577,legit,819,active,[],DEV-4F8E03C0CD,South Mumbai,KYC-IND-3879CD4F93
ACC-00578,legit,6,frozen,[],DEV-6D4B8F20A1,Bandra BKC,KYC-IND-2CDC79B338
ACC-00579,legit,102,active,[],DEV-1256B2E86A,Andheri,KYC-IND-5EF16E838B
ACC-00580,legit,6,active,[],DEV-526E601207,Navi Mumbai,KYC-IND-AA92F31A18
ACC-00581,legit,2058,dormant,[],DEV-72A89638D7,Central BLR,KYC-IND-C3AD5B42C0
ACC-00582,legit,138,frozen,[],DEV-D07B4866A9,Koramangala,KYC-IND-210A089583
ACC-00583,legit,158,active,[],DEV-537B8BCBF1,Whitefield,KYC-IND-317AAB3B5F
ACC-00584,legit,62,active,[],DEV-A547A56D04,Electronic City,KYC-IND-A62F89CC84
ACC-00585,legit,1811,frozen,[],DEV-EBD1026E57,Hitec City,KYC-IND-BD116C92DE
ACC-00586,legit,346,active,[],DEV-8F36309279,Banjara Hills,KYC-IND-63B3122F74
ACC-00587,legit,8,active,[],DEV-309D6A058C,Secunderabad,KYC-IND-0592192140
ACC-00588,legit,254,dormant,[],DEV-623A7DBAF9,Old City Hyderabad,KYC-IND-A7BA54359B
ACC-00589,legit,4,frozen,[],DEV-E6631F9386,Anna Salai,KYC-IND-AEEF81C353
ACC-00590,legit,175,active,[],DEV-CB6E276E42,OMR Taramani,KYC-IND-EB25DDB0F9
ACC-00591,legit,273,active,[],DEV-0DC1C44662,T-Nagar,KYC-IND-9289A3A575
ACC-00592,legit,201,dormant,[],DEV-69D554EE95,Guindy,KYC-IND-9AA6F7EB8D
ACC-00593,legit,2469,active,[],DEV-1E20BD860A,Park Street,KYC-IND-E6ADEED231
ACC-00594,mule_l2,157,dormant,[],DEV-C68D07704B,Salt Lake Sector V,KYC-IND-DD289ECF79
ACC-00595,legit,310,active,[],DEV-FD2F69B34B,New Town Kolkata,KYC-IND-982820BA5C
ACC-00596,legit,817,active,[],DEV-181565AA89,Howrah,KYC-IND-C9AEEBC70E
ACC-00597,legit,151,active,[],DEV-C5740B3787,Shivaji Nagar Pune,KYC-IND-5BF0CA6AEF
ACC-00598,legit,195,active,[],DEV-D64940013C,Hinjewadi IT Park,KYC-IND-8F7343D502
ACC-00599,legit,196,dormant,[],DEV-8257D46733,Magarpatta Hadapsar,KYC-IND-5BC2F2A876
ACC-00600,legit,235,frozen,[],DEV-822FC476DB,Kothrud,KYC-IND-210A089583
ACC-00601,legit,204,active,[],DEV-8D62D925A9,Navrangpura,KYC-IND-2E131F40B6
ACC-00602,legit,231,active,[],DEV-552F05ECF4,SG Highway,KYC-IND-830F0C612E
ACC-00603,legit,319,active,[],DEV-100CFA4228,Maninagar,KYC-IND-D26D584DB0
ACC-00604,legit,236,active,[],DEV-1C2F9F93A4,Gandhinagar Center,KYC-IND-BAA8783B9A
ACC-00605,legit,71,active,[],DEV-F614504473,MI Road Jaipur,KYC-IND-8FA154EEAE
ACC-00606,legit,1456,active,[],DEV-D68C3D9051,Malviya Nagar Jaipur,KYC-IND-0D11087EF0
ACC-00607,legit,4,frozen,[],DEV-7F1FEEE178,Vaishali Nagar,KYC-IND-9289A3A575
ACC-00608,legit,216,active,[],DEV-E47A84FA48,Hazratganj,KYC-IND-C7BB1655A0
ACC-00609,legit,1464,dormant,[],DEV-D8E11438DD,Gomti Nagar Lucknow,KYC-IND-E1794953C2
ACC-00610,legit,1789,active,[],DEV-A6F0C855E6,Alambagh,KYC-IND-94590F5011
ACC-00611,legit,16,active,[],DEV-A4395C185B,Ernakulam Central,KYC-IND-1ECC3B3764
ACC-00612,legit,2318,active,[],DEV-5E733E4000,Kakkanad InfoPark,KYC-IND-9BD5C4A994
ACC-00613,legit,102,active,[],DEV-B54EA8BA90,Fort Kochi,KYC-IND-FCD7D4BE59
ACC-00614,legit,185,dormant,[],DEV-887C3548F8,Ring Road Surat,KYC-IND-896D11C232
ACC-00615,legit,8,dormant,[],DEV-91640F4672,Adajan,KYC-IND-CF84B1D369
ACC-00616,legit,150,active,[],DEV-B0D6D09EEF,Vesu Surat,KYC-IND-02F1E3FF13
ACC-00617,legit,405,frozen,[],DEV-A6592BDA39,New Delhi Central,KYC-IND-3DB49ACBF6
ACC-00618,legit,15,dormant,[],DEV-0C7100A70E,South Delhi,KYC-IND-929CF4ACED
ACC-00619,legit,38,active,[],DEV-6521EDA9C1,Noida,KYC-IND-088182FEA2
ACC-00620,mule_l1,1301,frozen,"[""AEPS-JIO-03-004""]",DEV-FINGERPRINT-RING-SCN-SHARED_DEVICE-032,Gurugram,KYC-IND-6AFD69A928
ACC-00621,mule_l1,819,dormant,[],DEV-8472C119D8,South Mumbai,KYC-IND-8621AA9129
ACC-00622,legit,2219,dormant,[],DEV-3703172397,Bandra BKC,KYC-IND-D1D0023AA6
ACC-00623,legit,1420,dormant,[],DEV-4340DD2EC8,Andheri,KYC-IND-0575AAD74B
ACC-00624,legit,195,active,[],DEV-5E337B73F5,Navi Mumbai,KYC-IND-8DD1EDF425
ACC-00625,legit,2349,active,[],DEV-CDB0B9CDDD,Central BLR,KYC-IND-76FF968F50
ACC-00626,legit,342,active,[],DEV-5B31D8904F,Koramangala,KYC-IND-5205DE1277
ACC-00627,legit,127,active,[],DEV-0855BDFF0B,Whitefield,KYC-IND-3518D2C4B0
ACC-00628,mule_l1,10,dormant,[],DEV-SHARED-SCN-FAN_OUT-020,Electronic City,KYC-RING-SCN-FAN_OUT-020
ACC-00629,legit,1159,dormant,[],DEV-0A32F12F85,Hitec City,KYC-IND-3DCBBB92B0
ACC-00630,legit,2206,frozen,[],DEV-DDE172E9F4,Banjara Hills,KYC-IND-68FA90CDB6
ACC-00631,legit,1794,active,[],DEV-174605CBC0,Secunderabad,KYC-IND-53AD974AB0
ACC-00632,legit,156,active,[],DEV-E412813C99,Old City Hyderabad,KYC-IND-46315F744C
ACC-00633,legit,190,frozen,[],DEV-8C750F6C1C,Anna Salai,KYC-IND-FEFD9825D3
ACC-00634,victim,1787,active,[],DEV-162402D825,OMR Taramani,KYC-IND-42F8C260BD
ACC-00635,legit,11,active,[],DEV-A07A721B9A,T-Nagar,KYC-IND-2A1518437C
ACC-00636,legit,163,frozen,[],DEV-A83795BCD7,Guindy,KYC-IND-7897B261C8
ACC-00637,legit,264,active,[],DEV-F31E319B13,Park Street,KYC-IND-EE31B19DB9
ACC-00638,legit,247,active,[],DEV-06442B4192,Salt Lake Sector V,KYC-IND-B0D4D8BC88
ACC-00639,legit,871,active,[],DEV-E401E4D2B3,New Town Kolkata,KYC-IND-06E51000ED
ACC-00640,legit,6,active,[],DEV-90776F9B62,Howrah,KYC-IND-FBB96410EA
ACC-00641,legit,160,frozen,[],DEV-6AA73D0F48,Shivaji Nagar Pune,KYC-IND-8DBFC853C6
ACC-00642,legit,1001,active,[],DEV-1653BADE96,Hinjewadi IT Park,KYC-IND-B53FCCE040
ACC-00643,victim,115,dormant,[],DEV-SHARED-SCN-FAN_OUT-021,Magarpatta Hadapsar,KYC-RING-SCN-FAN_OUT-021
ACC-00644,legit,4,active,[],DEV-499EA30831,Kothrud,KYC-IND-32E17AD8F4
ACC-00645,legit,362,dormant,[],DEV-387E0CABE0,Navrangpura,KYC-IND-1F7D96E0B4
ACC-00646,legit,767,active,[],DEV-3CFC547C99,SG Highway,KYC-IND-982283E29F
ACC-00647,legit,103,frozen,[],DEV-3FA960F855,Maninagar,KYC-IND-2D412323A4
ACC-00648,legit,936,active,[],DEV-8322917410,Gandhinagar Center,KYC-IND-47F1B4FB1F
ACC-00649,legit,117,active,[],DEV-84AF9E19A8,MI Road Jaipur,KYC-IND-3E41041F68
ACC-00650,mule_l1,336,dormant,"[""ATM-PNB-33-166""]",DEV-FINGERPRINT-RING-SCN-SHARED_DEVICE-033,Malviya Nagar Jaipur,KYC-IND-0A5C9A2AA6
ACC-00651,legit,238,active,[],DEV-C1A453E647,Vaishali Nagar,KYC-IND-41A8F3631F
ACC-00652,legit,175,frozen,[],DEV-3FB2EE8A45,Hazratganj,KYC-IND-27BFCECB77
ACC-00653,legit,2284,active,[],DEV-E4080DF15D,Gomti Nagar Lucknow,KYC-IND-CD54B272F3
ACC-00654,legit,225,dormant,[],DEV-93AC45815A,Alambagh,KYC-IND-DBEAD7740C
ACC-00655,legit,230,active,[],DEV-74D6DF4F22,Ernakulam Central,KYC-IND-3C56731220
ACC-00656,legit,169,active,[],DEV-A6B58A5F7B,Kakkanad InfoPark,KYC-IND-E6305C9943
ACC-00657,legit,332,frozen,[],DEV-CD53FDA792,Fort Kochi,KYC-IND-6B7E2B9A40
ACC-00658,legit,585,dormant,[],DEV-DAA5C49F1A,Ring Road Surat,KYC-IND-7F01F64047
ACC-00659,legit,251,frozen,[],DEV-1E276E8F07,Adajan,KYC-IND-B268FA54C9
ACC-00660,legit,1,active,[],DEV-85A66D589E,Vesu Surat,KYC-IND-6CAAAF7203
ACC-00661,mule_l1,185,frozen,[],DEV-SHARED-SCN-FAN_OUT-017,New Delhi Central,KYC-RING-SCN-FAN_OUT-017
ACC-00662,legit,261,active,[],DEV-E0DEF5A7F2,South Delhi,KYC-IND-F82DE58391
ACC-00663,legit,314,frozen,[],DEV-0E77690751,Noida,KYC-IND-F8930EC7AE
ACC-00664,legit,4,frozen,[],DEV-DC2B976D96,Gurugram,KYC-IND-F501891F49
ACC-00665,legit,2394,active,[],DEV-71F783A2F1,South Mumbai,KYC-IND-AD126104BD
ACC-00666,legit,94,active,[],DEV-24BC99BD83,Bandra BKC,KYC-IND-9692C30334
ACC-00667,legit,392,dormant,[],DEV-35EAC753B0,Andheri,KYC-IND-D41B985E96
ACC-00668,legit,49,active,[],DEV-69F5B3158B,Navi Mumbai,KYC-IND-50112D929C
ACC-00669,legit,2495,active,[],DEV-7C9D04E707,Central BLR,KYC-IND-6957E519ED
ACC-00670,legit,1,frozen,[],DEV-0F1193612B,Koramangala,KYC-IND-F66E32ADFE
ACC-00671,legit,2,active,[],DEV-337C98B89C,Whitefield,KYC-IND-D0B0FFC1D8
ACC-00672,legit,1328,frozen,[],DEV-D4C814DE76,Electronic City,KYC-IND-A41CB4B8C4
ACC-00673,mule_l1,239,frozen,"[""ATM-BOI-26-203""]",DEV-D1F2FB20E4,Hitec City,KYC-RING-HASH-SCN-SHARED_KYC_CLUSTER-037
ACC-00674,victim,26,active,[],DEV-DD343F2DD4,Banjara Hills,KYC-IND-6D0CA82ACF
ACC-00675,legit,1351,active,[],DEV-4FFF6A32EA,Secunderabad,KYC-IND-54BD58366B
ACC-00676,legit,117,dormant,[],DEV-8FF1A06EEE,Old City Hyderabad,KYC-IND-D6BB84E4F8
ACC-00677,legit,66,frozen,[],DEV-B8DF2A49F2,Anna Salai,KYC-IND-86DFCBE6EA
ACC-00678,legit,215,dormant,[],DEV-A52D6F28C5,OMR Taramani,KYC-IND-1D4274C554
ACC-00679,legit,7,dormant,[],DEV-1E33AFA9ED,T-Nagar,KYC-IND-DCF52A62C7
ACC-00680,aggregator,76,frozen,[],DEV-1E11D25A10,Guindy,KYC-IND-9A180B6D15
ACC-00681,mule_l1,32,frozen,"[""AEPS-PAYTM-20-285""]",DEV-SHARED-SCN-FAN_OUT-018,Park Street,KYC-RING-SCN-FAN_OUT-018
ACC-00682,legit,1818,active,[],DEV-D6055D0545,Salt Lake Sector V,KYC-IND-F83A09C65D
ACC-00683,aggregator,1500,active,"[""ATM-ICICI-22-023"", ""AEPS-PAYTM-06-139""]",DEV-818B7D071D,New Town Kolkata,KYC-IND-0ED84C8A14
ACC-00684,legit,272,active,[],DEV-774EF94BDD,Howrah,KYC-IND-832B2B714E
ACC-00685,legit,1965,frozen,[],DEV-9CD09CA603,Shivaji Nagar Pune,KYC-IND-6E0465BB7C
ACC-00686,legit,195,frozen,[],DEV-2B2293027A,Hinjewadi IT Park,KYC-IND-014C3B2D9A
ACC-00687,legit,939,active,[],DEV-A6F36BDF87,Magarpatta Hadapsar,KYC-IND-F3C7ED9657
ACC-00688,legit,216,active,[],DEV-5624923685,Kothrud,KYC-IND-1F28FDCADC
ACC-00689,mule_l1,207,dormant,"[""ATM-PNB-28-161""]",DEV-SHARED-SCN-SIMPLE_MULE-005,Navrangpura,KYC-IND-F9DDC76FC7
ACC-00690,legit,274,frozen,[],DEV-A8C8AE3E29,SG Highway,KYC-IND-9193981252
ACC-00691,legit,316,frozen,[],DEV-1CAAC45396,Maninagar,KYC-IND-F3A5A6CD47
ACC-00692,legit,221,active,[],DEV-FEC59B4E3B,Gandhinagar Center,KYC-IND-7C3E6861AC
ACC-00693,legit,1017,active,[],DEV-4AA6E4F93F,MI Road Jaipur,KYC-IND-56005ACC83
ACC-00694,legit,11,dormant,[],DEV-9B81E18265,Malviya Nagar Jaipur,KYC-IND-8E1CBEC260
ACC-00695,aggregator,136,active,"[""ATM-CANARA-11-232""]",DEV-1C967C8D97,Vaishali Nagar,KYC-IND-4AD6E47D32
ACC-00696,legit,211,dormant,[],DEV-E33EBE05DD,Hazratganj,KYC-IND-943B24AC24
ACC-00697,legit,5,active,[],DEV-44550689F4,Gomti Nagar Lucknow,KYC-IND-3E5ABA41E3
ACC-00698,legit,2174,active,[],DEV-1A7F43C9C7,Alambagh,KYC-IND-476E9824BE
ACC-00699,mule_l1,1078,active,"[""AEPS-AXIS-00-485""]",DEV-081A0C7212,Ernakulam Central,KYC-IND-7758EE1196
ACC-00700,legit,83,frozen,[],DEV-66CAB21873,Kakkanad InfoPark,KYC-IND-0459C5DF2F
ACC-00701,legit,266,dormant,[],DEV-73B8B7A267,Fort Kochi,KYC-IND-3AEFC68109
ACC-00702,legit,97,dormant,[],DEV-AAB0E754D2,Ring Road Surat,KYC-IND-A47886B1A8
ACC-00703,legit,1153,active,[],DEV-ADE60E33EB,Adajan,KYC-IND-97D8636931
ACC-00704,legit,357,active,[],DEV-1FF12BF52F,Vesu Surat,KYC-IND-8344B3CDA5
ACC-00705,legit,387,active,[],DEV-B8BCE75A97,New Delhi Central,KYC-IND-998DFDB3AA
ACC-00706,legit,51,active,[],DEV-BB80E45D46,South Delhi,KYC-IND-154662B247
ACC-00707,legit,2398,active,[],DEV-60E5475DD7,Noida,KYC-IND-F68E793904
ACC-00708,legit,257,frozen,[],DEV-82E2C9F57E,Gurugram,KYC-IND-499AFB90C3
ACC-00709,legit,301,active,[],DEV-0F68101C5C,South Mumbai,KYC-IND-011DAD6F14
ACC-00710,legit,335,dormant,[],DEV-C194B02D71,Bandra BKC,KYC-IND-729D5347BB
ACC-00711,legit,80,frozen,[],DEV-76DD0A8B89,Andheri,KYC-IND-DA48BCE12E
ACC-00712,legit,4,active,[],DEV-845D11C83E,Navi Mumbai,KYC-IND-90E2217D4F
ACC-00713,legit,129,active,[],DEV-0DF7A7E549,Central BLR,KYC-IND-62037388DF
ACC-00714,legit,198,active,[],DEV-8EEBD35355,Koramangala,KYC-IND-009CBB512C
ACC-00715,legit,162,active,[],DEV-66496F516D,Whitefield,KYC-IND-A76A3A0BEF
ACC-00716,legit,280,frozen,[],DEV-7D0AD87DF9,Electronic City,KYC-IND-4B19ADC7C7
ACC-00717,legit,44,frozen,[],DEV-F6F017CA91,Hitec City,KYC-IND-F6913496C9
ACC-00718,legit,8,active,[],DEV-C622D90C82,Banjara Hills,KYC-IND-5F1F08A929
ACC-00719,legit,7,active,[],DEV-BD039B2A65,Secunderabad,KYC-IND-6C87241683
ACC-00720,mule_l1,609,active,[],DEV-SHARED-SCN-FAN_IN-015,Old City Hyderabad,KYC-RING-SCN-FAN_IN-015
ACC-00721,legit,1716,active,[],DEV-57AD3E1FFB,Anna Salai,KYC-IND-78D2A0995A
ACC-00722,legit,10,frozen,[],DEV-5331B2E4F8,OMR Taramani,KYC-IND-5E29CE3F83
ACC-00723,legit,510,active,[],DEV-C7A589B2A0,T-Nagar,KYC-IND-E3851FBE95
ACC-00724,legit,696,frozen,[],DEV-5874B86BA6,Guindy,KYC-IND-8B1C91A4F8
ACC-00725,legit,36,active,[],DEV-FBA2FA3215,Park Street,KYC-IND-C2C4DC9DE9
ACC-00726,legit,347,active,[],DEV-02F9152B92,Salt Lake Sector V,KYC-IND-58BD973B8D
ACC-00727,legit,131,active,[],DEV-73D967C04F,New Town Kolkata,KYC-IND-F32EB47127
ACC-00728,legit,13,active,[],DEV-D61EEE18DC,Howrah,KYC-IND-B27ED69ED5
ACC-00729,legit,440,frozen,[],DEV-1797AA149C,Shivaji Nagar Pune,KYC-IND-421A85BE5F
ACC-00730,legit,208,active,"[""ATM-FINO-25-070""]",DEV-4905CA6B06,Hinjewadi IT Park,KYC-IND-DDF5208D10
ACC-00731,legit,85,active,[],DEV-CCC527C3AD,Magarpatta Hadapsar,KYC-IND-0E1F7866CA
ACC-00732,legit,1872,active,[],DEV-1BD3258148,Kothrud,KYC-IND-2A4E160EFB
ACC-00733,mule_l1,44,active,[],DEV-SHARED-SCN-LAYERING-009,Navrangpura,KYC-RING-SCN-LAYERING-009
ACC-00734,mule_l1,131,dormant,"[""ATM-PAYTM-29-426""]",DEV-FINGERPRINT-RING-SCN-SHARED_DEVICE-034,SG Highway,KYC-IND-BE1FEADB91
ACC-00735,legit,553,active,[],DEV-084F8045B1,Maninagar,KYC-IND-224B33A8DA
ACC-00736,victim,44,active,[],DEV-904735E6E9,Gandhinagar Center,KYC-IND-6474150D8F
ACC-00737,legit,159,active,[],DEV-5D9268FDBC,MI Road Jaipur,KYC-IND-849700094D
ACC-00738,legit,140,active,[],DEV-A58E271661,Malviya Nagar Jaipur,KYC-IND-DCCBE1830C
ACC-00739,legit,351,active,[],DEV-A9E95C3357,Vaishali Nagar,KYC-IND-6F36D85C82
ACC-00740,legit,9,active,[],DEV-BE84A18828,Hazratganj,KYC-IND-D5B187388E
ACC-00741,legit,1828,active,[],DEV-2D69184A8D,Gomti Nagar Lucknow,KYC-IND-A43CD9030C
ACC-00742,legit,202,frozen,[],DEV-157DB97695,Alambagh,KYC-IND-4235C0075C
ACC-00743,legit,284,active,[],DEV-AF461B7B2A,Ernakulam Central,KYC-IND-B1CCBE0135
ACC-00744,legit,68,active,[],DEV-2654BF861D,Kakkanad InfoPark,KYC-IND-A940849535
ACC-00745,legit,333,dormant,[],DEV-164CFED144,Fort Kochi,KYC-IND-4B1212B135
ACC-00746,legit,85,frozen,[],DEV-4230D39503,Ring Road Surat,KYC-IND-708D91AFC5
ACC-00747,legit,1229,active,[],DEV-22FDDED31D,Adajan,KYC-IND-2DA24D3D79
ACC-00748,legit,947,active,[],DEV-5F5A4375E7,Vesu Surat,KYC-IND-E65D213C2A
ACC-00749,legit,347,dormant,[],DEV-205CEB18EF,New Delhi Central,KYC-IND-248A6D7FD2
ACC-00750,legit,14,active,[],DEV-D949973CF3,South Delhi,KYC-IND-6B4F90DBAA
ACC-00751,legit,168,active,[],DEV-50C8B7FD20,Noida,KYC-IND-6F4F591F24
ACC-00752,legit,1938,dormant,[],DEV-3BD0C97D80,Gurugram,KYC-IND-29645C5ACA
ACC-00753,legit,242,active,[],DEV-7EDAD1D6B4,South Mumbai,KYC-IND-9DCD3581F8
ACC-00754,legit,352,dormant,[],DEV-069E20D415,Bandra BKC,KYC-IND-7E6BC8EA30
ACC-00755,legit,31,frozen,[],DEV-D728BA1CA4,Andheri,KYC-IND-DC3E9DB8DF
ACC-00756,legit,1743,active,[],DEV-FCB5CD3554,Navi Mumbai,KYC-IND-DBEAD7740C
ACC-00757,legit,29,active,[],DEV-6C372D2AE1,Central BLR,KYC-IND-546DA84A44
ACC-00758,legit,233,active,[],DEV-745B222143,Koramangala,KYC-IND-0A9AD976E3
ACC-00759,legit,362,active,[],DEV-876F783D58,Whitefield,KYC-IND-524488D42E
ACC-00760,legit,2264,dormant,[],DEV-DCA004F025,Electronic City,KYC-IND-C92A33896A
ACC-00761,legit,280,active,[],DEV-315058DFF2,Hitec City,KYC-IND-9E44ECEA48
ACC-00762,legit,136,active,[],DEV-ECB2452BEF,Banjara Hills,KYC-IND-6EE433FD7A
ACC-00763,legit,364,active,[],DEV-17012E478D,Secunderabad,KYC-IND-DCF0DC0B33
ACC-00764,mule_l1,292,active,[],DEV-B83E85398B,Old City Hyderabad,KYC-IND-A276C5FCA0
ACC-00765,legit,330,active,[],DEV-EA5B17F098,Anna Salai,KYC-IND-E925086C86
ACC-00766,legit,349,frozen,[],DEV-5B26B5C317,OMR Taramani,KYC-IND-75000DCFFE
ACC-00767,legit,353,active,[],DEV-F0596D7B16,T-Nagar,KYC-IND-0569D77566
ACC-00768,legit,2183,dormant,[],DEV-DCC2A875A6,Guindy,KYC-IND-97D09D07AA
ACC-00769,legit,1,active,[],DEV-02829BFD61,Park Street,KYC-IND-AF63780FF7
ACC-00770,legit,1258,dormant,[],DEV-AE4F6C1CD1,Salt Lake Sector V,KYC-IND-DDDC06C5B9
ACC-00771,legit,1498,frozen,[],DEV-BCC887C8FC,New Town Kolkata,KYC-IND-416E065B3B
ACC-00772,legit,2170,active,[],DEV-91C76418F1,Howrah,KYC-IND-C07D0AEE62
ACC-00773,legit,1429,dormant,[],DEV-EB11028D4D,Shivaji Nagar Pune,KYC-IND-1690692852
ACC-00774,legit,90,frozen,[],DEV-FC5961BFEE,Hinjewadi IT Park,KYC-IND-09075BD58F
ACC-00775,legit,350,active,[],DEV-7C147BC50A,Magarpatta Hadapsar,KYC-IND-B3D95B327A
ACC-00776,legit,240,frozen,[],DEV-59F48D0CC2,Kothrud,KYC-IND-328BB41FDC
ACC-00777,legit,131,active,[],DEV-71CE89D328,Navrangpura,KYC-IND-38B9BF8842
ACC-00778,legit,1420,active,[],DEV-42A904F3E8,SG Highway,KYC-IND-B986ABE4B2
ACC-00779,legit,1813,frozen,[],DEV-AC0DE3B70D,Maninagar,KYC-IND-BBA40F79AB
ACC-00780,legit,194,active,[],DEV-A388339522,Gandhinagar Center,KYC-IND-D2D5322EB3
ACC-00781,legit,276,active,[],DEV-9B64665BF7,MI Road Jaipur,KYC-IND-682C3A6647
ACC-00782,legit,205,dormant,[],DEV-1C8AFA3D41,Malviya Nagar Jaipur,KYC-IND-8D385E79C2
ACC-00783,legit,159,active,[],DEV-2A78638FBE,Vaishali Nagar,KYC-IND-DE9FCD54A9
ACC-00784,legit,199,active,[],DEV-196DD67093,Hazratganj,KYC-IND-6A15C0A40C
ACC-00785,legit,1900,dormant,[],DEV-C6DB17474B,Gomti Nagar Lucknow,KYC-IND-7A4F47AAF8
ACC-00786,legit,30,active,[],DEV-2C402923F2,Alambagh,KYC-IND-8B36A6623F
ACC-00787,legit,91,frozen,[],DEV-A5B6219ED4,Ernakulam Central,KYC-IND-EA9C719487
ACC-00788,legit,175,frozen,[],DEV-9BFEA7AD01,Kakkanad InfoPark,KYC-IND-13CDE2E216
ACC-00789,legit,1775,active,[],DEV-2880059CF3,Fort Kochi,KYC-IND-3D3ED72C69
ACC-00790,legit,351,active,[],DEV-CF36652B05,Ring Road Surat,KYC-IND-9C0C1134C4
ACC-00791,legit,687,active,[],DEV-E9FF7FE421,Adajan,KYC-IND-EFC9D51572
ACC-00792,legit,2428,frozen,[],DEV-C2832B9323,Vesu Surat,KYC-IND-0C1EE2EA5B
ACC-00793,legit,862,frozen,[],DEV-F1EDF36E4D,New Delhi Central,KYC-IND-96349AA87F
ACC-00794,legit,352,frozen,[],DEV-CA2FA84016,South Delhi,KYC-IND-5AB3463C71
ACC-00795,legit,114,frozen,[],DEV-0E88D5E8F0,Noida,KYC-IND-847E983FA3
ACC-00796,legit,139,active,[],DEV-AA0F1206DF,Gurugram,KYC-IND-A4C8A75529
ACC-00797,legit,74,active,[],DEV-32630689CC,South Mumbai,KYC-IND-0AE70D3777
ACC-00798,legit,2045,active,[],DEV-9E8DFFD02D,Bandra BKC,KYC-IND-926DAE4DBD
ACC-00799,legit,54,active,[],DEV-27E2083545,Andheri,KYC-IND-245DAB494F
ACC-00800,legit,244,dormant,[],DEV-5D5A60AA06,Navi Mumbai,KYC-IND-CF04595ADA
ACC-00801,legit,879,frozen,[],DEV-1B8F74E957,Central BLR,KYC-IND-BEF6D891B4
ACC-00802,legit,931,frozen,[],DEV-07E7B54403,Koramangala,KYC-IND-CFD9D1EAA0
ACC-00803,legit,175,active,[],DEV-523D3CE1D0,Whitefield,KYC-IND-695DE71A8A
ACC-00804,legit,90,frozen,[],DEV-8E4DA690AC,Electronic City,KYC-IND-F66F6FAC60
ACC-00805,legit,1177,active,[],DEV-BEAF97236C,Hitec City,KYC-IND-1F232321A1
ACC-00806,legit,2,dormant,[],DEV-1593986E15,Banjara Hills,KYC-IND-3C1308AC17
ACC-00807,legit,255,active,[],DEV-E820E0A96B,Secunderabad,KYC-IND-5E75677E34
ACC-00808,legit,7,active,[],DEV-A7D158964D,Old City Hyderabad,KYC-IND-E3DBFFA81F
ACC-00809,legit,908,frozen,[],DEV-F7649EEA28,Anna Salai,KYC-IND-5CF09223AE
ACC-00810,legit,2095,active,[],DEV-EAC20681F1,OMR Taramani,KYC-IND-4208AA2950
ACC-00811,legit,138,active,[],DEV-86277A6ED6,T-Nagar,KYC-IND-85F68416C7
ACC-00812,legit,1744,frozen,[],DEV-C5BE9BE142,Guindy,KYC-IND-BD6D506432
ACC-00813,legit,12,active,[],DEV-8AC9A3561B,Park Street,KYC-IND-50F3A893C2
ACC-00814,legit,2204,dormant,[],DEV-F8269E379E,Salt Lake Sector V,KYC-IND-598F387303
ACC-00815,legit,2150,active,[],DEV-D4C38F3AD1,New Town Kolkata,KYC-IND-64683302BF
ACC-00816,legit,1117,frozen,[],DEV-A4E8B9F3CC,Howrah,KYC-IND-07DAD429AA
ACC-00817,victim,709,active,[],DEV-729667330F,Shivaji Nagar Pune,KYC-IND-3A62554E70
ACC-00818,legit,204,dormant,[],DEV-7D0C01CEAF,Hinjewadi IT Park,KYC-IND-B51EC28B8A
ACC-00819,legit,275,frozen,[],DEV-ADE7095DEC,Magarpatta Hadapsar,KYC-IND-2DA24D3D79
ACC-00820,legit,1317,active,[],DEV-62423602F6,Kothrud,KYC-IND-E888FA0D9A
ACC-00821,legit,9,frozen,[],DEV-E17DE6AE2D,Navrangpura,KYC-IND-D29F20F771
ACC-00822,legit,2113,active,[],DEV-2D400F089C,SG Highway,KYC-IND-809844FF52
ACC-00823,legit,106,active,[],DEV-588F0C78E8,Maninagar,KYC-IND-BAABB419A9
ACC-00824,legit,1228,dormant,[],DEV-4AADDFB71F,Gandhinagar Center,KYC-IND-E24A5CE53C
ACC-00825,legit,330,active,[],DEV-EB7F9D8DAA,MI Road Jaipur,KYC-IND-16AB89DC81
ACC-00826,legit,75,active,[],DEV-623B1A3976,Malviya Nagar Jaipur,KYC-IND-FA8C45B2FD
ACC-00827,legit,101,active,[],DEV-69129B4CE9,Vaishali Nagar,KYC-IND-78A0349863
ACC-00828,legit,325,active,[],DEV-8135D636BD,Hazratganj,KYC-IND-1C076C2D0A
ACC-00829,legit,87,active,[],DEV-ED35ED9554,Gomti Nagar Lucknow,KYC-IND-005C7E1768
ACC-00830,legit,1057,active,[],DEV-F6EBACB6FB,Alambagh,KYC-IND-AC3AA69B05
ACC-00831,legit,9,frozen,[],DEV-73E30443C8,Ernakulam Central,KYC-IND-0D5DAEBA04
ACC-00832,legit,14,active,[],DEV-309F890535,Kakkanad InfoPark,KYC-IND-C8815008D4
ACC-00833,mule_l1,307,dormant,"[""AEPS-AXIS-00-485""]",DEV-E13AB4B668,Fort Kochi,KYC-IND-93CC809DDF
ACC-00834,legit,247,active,[],DEV-CBBF6DC032,Ring Road Surat,KYC-IND-E01ECCC915
ACC-00835,legit,857,dormant,[],DEV-2EE77E0BA7,Adajan,KYC-IND-61C53F59CB
ACC-00836,legit,59,active,[],DEV-AC6C4EDA99,Vesu Surat,KYC-IND-1DCE9308AA
ACC-00837,legit,843,active,[],DEV-C463927E9B,New Delhi Central,KYC-IND-1CAB9D2C76
ACC-00838,legit,1277,active,[],DEV-FD5240CABC,South Delhi,KYC-IND-0AF16233FE
ACC-00839,legit,156,dormant,[],DEV-B6FE9DBA5A,Noida,KYC-IND-CF04595ADA
ACC-00840,legit,52,active,[],DEV-8AED56ADC7,Gurugram,KYC-IND-CE569A08C5
ACC-00841,legit,2,frozen,[],DEV-20E64A7A8D,South Mumbai,KYC-IND-1C76991F8E
ACC-00842,legit,511,active,[],DEV-8CE410E435,Bandra BKC,KYC-IND-4F6A0F4C21
ACC-00843,legit,127,active,[],DEV-A99B639562,Andheri,KYC-IND-60CE25CFCC
ACC-00844,legit,110,dormant,[],DEV-CA9074F8C9,Navi Mumbai,KYC-IND-54686FCC48
ACC-00845,legit,60,frozen,[],DEV-0E029E5C8B,Central BLR,KYC-IND-5172F1518C
ACC-00846,legit,379,dormant,[],DEV-54ED72D94B,Koramangala,KYC-IND-79B052AFE3
ACC-00847,legit,121,active,[],DEV-87DFD80A41,Whitefield,KYC-IND-78E2B45DE2
ACC-00848,legit,329,dormant,[],DEV-3EB5D1C61C,Electronic City,KYC-IND-2E5CFDD323
ACC-00849,legit,193,dormant,[],DEV-978D52126B,Hitec City,KYC-IND-E467D77DF7
ACC-00850,victim,1595,active,[],DEV-9DFF52DAA2,Banjara Hills,KYC-IND-C2E3500194
ACC-00851,legit,265,dormant,[],DEV-F51F5899DC,Secunderabad,KYC-IND-343AF123AC
ACC-00852,legit,166,active,[],DEV-5F2493DC02,Old City Hyderabad,KYC-IND-3AABDF64F3
ACC-00853,legit,1542,dormant,[],DEV-7063A1F787,Anna Salai,KYC-IND-22CE5927B6
ACC-00854,legit,354,dormant,[],DEV-F3B5DA9B0A,OMR Taramani,KYC-IND-F9E613F7B2
ACC-00855,legit,178,active,[],DEV-AF1F7E5359,T-Nagar,KYC-IND-4F560D7213
ACC-00856,legit,80,dormant,[],DEV-0F11704A9E,Guindy,KYC-IND-9171E8125C
ACC-00857,legit,2053,active,[],DEV-B211E2DC1E,Park Street,KYC-IND-B1AF15896E
ACC-00858,legit,125,dormant,[],DEV-7701BA8515,Salt Lake Sector V,KYC-IND-450253C17F
ACC-00859,legit,1437,active,[],DEV-6292223B11,New Town Kolkata,KYC-IND-B4C6E89063
ACC-00860,legit,2107,dormant,[],DEV-3C2722F99C,Howrah,KYC-IND-6FC16E4F67
ACC-00861,legit,8,active,[],DEV-34444E3C0A,Shivaji Nagar Pune,KYC-IND-BDCC0E32DA
ACC-00862,legit,1629,dormant,[],DEV-41E2750D9B,Hinjewadi IT Park,KYC-IND-098FE51459
ACC-00863,legit,100,frozen,[],DEV-41D7040083,Magarpatta Hadapsar,KYC-IND-7056218B07
ACC-00864,legit,329,frozen,[],DEV-50E6705330,Kothrud,KYC-IND-1BEF38AF56
ACC-00865,victim,25,active,[],DEV-4E8CE3D1D3,Navrangpura,KYC-IND-48DC62EC36
ACC-00866,legit,12,active,[],DEV-14929CE822,SG Highway,KYC-IND-2468F9BBF0
ACC-00867,legit,625,active,[],DEV-BEC14C9581,Maninagar,KYC-IND-66D9EBE666
ACC-00868,legit,116,active,[],DEV-9A4276EF5F,Gandhinagar Center,KYC-IND-7BC5DD34AB
ACC-00869,legit,132,active,[],DEV-9E701FB951,MI Road Jaipur,KYC-IND-B0BE401336
ACC-00870,legit,1723,dormant,[],DEV-805DEBBD51,Malviya Nagar Jaipur,KYC-IND-BB68B8AFEE
ACC-00871,legit,421,active,[],DEV-81D2251605,Vaishali Nagar,KYC-IND-78CF702DF9
ACC-00872,mule_l2,785,frozen,"[""ATM-SBI-15-236""]",DEV-SHARED-SCN-FAN_IN_FAN_OUT-025,Hazratganj,KYC-IND-DCA503F3F9
ACC-00873,legit,95,active,[],DEV-DA1812655E,Gomti Nagar Lucknow,KYC-IND-9774B18D48
ACC-00874,legit,141,active,[],DEV-3539BF6E18,Alambagh,KYC-IND-30CEDE23DE
ACC-00875,legit,208,dormant,[],DEV-FA5BC03AFE,Ernakulam Central,KYC-IND-05AA120F7B
ACC-00876,mule_l1,1471,active,[],DEV-SHARED-SCN-FAN_IN-012,Kakkanad InfoPark,KYC-RING-SCN-FAN_IN-012
ACC-00877,legit,227,active,[],DEV-C8868D7C83,Fort Kochi,KYC-IND-98BCE70323
ACC-00878,legit,987,active,[],DEV-89A103BBA0,Ring Road Surat,KYC-IND-F11ABAD1C3
ACC-00879,legit,1161,frozen,[],DEV-D4FCD2A781,Adajan,KYC-IND-5FA6A2B684
ACC-00880,legit,2107,frozen,[],DEV-A24CD47557,Vesu Surat,KYC-IND-F1294E64D6
ACC-00881,aggregator,249,active,"[""ATM-PAYTM-00-133""]",DEV-C19668CDAF,New Delhi Central,KYC-IND-463C26AE27
ACC-00882,legit,2296,dormant,[],DEV-E4E5DFF42D,South Delhi,KYC-IND-CEA140F71C
ACC-00883,legit,7,frozen,[],DEV-505A58FC32,Noida,KYC-IND-4CF992227A
ACC-00884,legit,288,frozen,[],DEV-109510890B,Gurugram,KYC-IND-E74AD0D303
ACC-00885,legit,8,dormant,[],DEV-BC5355BB43,South Mumbai,KYC-IND-F45096870F
ACC-00886,legit,809,dormant,[],DEV-83ECECA2C8,Bandra BKC,KYC-IND-E98EB40DAE
ACC-00887,mule_l1,1993,active,"[""ATM-BOI-26-203""]",DEV-159A0B14CB,Andheri,KYC-RING-HASH-SCN-SHARED_KYC_CLUSTER-037
ACC-00888,legit,70,active,[],DEV-1B828505AD,Navi Mumbai,KYC-IND-36F5AB187B
ACC-00889,legit,708,active,[],DEV-C0E70D5060,Central BLR,KYC-IND-59B7E4E246
ACC-00890,legit,265,frozen,[],DEV-E6809FFB68,Koramangala,KYC-IND-9D0E7F1D1B
ACC-00891,legit,330,dormant,[],DEV-6887F72571,Whitefield,KYC-IND-ADF9E51530
ACC-00892,legit,1318,active,[],DEV-7ADA350C90,Electronic City,KYC-IND-523036F953
ACC-00893,legit,174,active,[],DEV-1501A778CD,Hitec City,KYC-IND-B0DE6A68B1
ACC-00894,legit,12,frozen,[],DEV-16292AA33D,Banjara Hills,KYC-IND-5BF91F97C5
ACC-00895,legit,1464,active,[],DEV-336A81513A,Secunderabad,KYC-IND-EFA7A418CD
ACC-00896,legit,2413,active,[],DEV-3D7D92859E,Old City Hyderabad,KYC-IND-34A181F0B4
ACC-00897,mule_l1,251,dormant,[],DEV-SHARED-SCN-FAN_OUT-018,Anna Salai,KYC-RING-SCN-FAN_OUT-018
ACC-00898,legit,699,active,[],DEV-9A67FE15CE,OMR Taramani,KYC-IND-01C17036AD
ACC-00899,legit,3,active,[],DEV-3E5B78B756,T-Nagar,KYC-IND-90E862C774
ACC-00900,legit,1046,active,[],DEV-E226513706,Guindy,KYC-IND-5FABB5DCE9
ACC-00901,legit,525,dormant,[],DEV-EBCE9BC0A4,Park Street,KYC-IND-F1CDAAA04D
ACC-00902,legit,283,dormant,[],DEV-BC3FD0CEEA,Salt Lake Sector V,KYC-IND-B4B7ABCE91
ACC-00903,legit,2078,dormant,[],DEV-2CCDDE2362,New Town Kolkata,KYC-IND-6DD95F1301
ACC-00904,aggregator,5,active,"[""ATM-HDFC-23-244""]",DEV-505A641E55,Howrah,KYC-IND-2580F7DD2E
ACC-00905,legit,205,frozen,[],DEV-36515A1D49,Shivaji Nagar Pune,KYC-IND-DF7F099130
ACC-00906,legit,282,active,[],DEV-DFF0E3E1CC,Hinjewadi IT Park,KYC-IND-BBD628E589
ACC-00907,legit,1886,frozen,[],DEV-CE67664E27,Magarpatta Hadapsar,KYC-IND-E925A982D7
ACC-00908,legit,122,active,[],DEV-35A540860D,Kothrud,KYC-IND-0FD6F2FBCD
ACC-00909,legit,920,active,[],DEV-29193414D7,Navrangpura,KYC-IND-63115D5534
ACC-00910,legit,406,active,[],DEV-F6ED04FA4C,SG Highway,KYC-IND-8B1B913369
ACC-00911,legit,49,active,[],DEV-ED263B512D,Maninagar,KYC-IND-1EA574BB1C
ACC-00912,mule_l1,63,frozen,[],DEV-SHARED-SCN-FAN_OUT-017,Gandhinagar Center,KYC-RING-SCN-FAN_OUT-017
ACC-00913,legit,10,dormant,[],DEV-BEEF933DBB,MI Road Jaipur,KYC-IND-2078EA4D95
ACC-00914,legit,11,frozen,[],DEV-311522782F,Malviya Nagar Jaipur,KYC-IND-DFC2A05038
ACC-00915,legit,22,active,[],DEV-D2D640F25D,Vaishali Nagar,KYC-IND-CA1B7DE0B2
ACC-00916,aggregator,2111,frozen,"[""ATM-FINO-35-080""]",DEV-E5C1522774,Hazratganj,KYC-IND-2BC4C2F8D0
ACC-00917,legit,221,active,[],DEV-047B301CD2,Gomti Nagar Lucknow,KYC-IND-CB6CFD9379
ACC-00918,legit,118,active,[],DEV-BC25A0CBEF,Alambagh,KYC-IND-CCBB64B17E
ACC-00919,legit,4,active,[],DEV-A349E5265A,Ernakulam Central,KYC-IND-6F4F591F24
ACC-00920,mule_l1,79,frozen,[],DEV-SHARED-SCN-FAN_IN-012,Kakkanad InfoPark,KYC-RING-SCN-FAN_IN-012
ACC-00921,legit,1718,frozen,[],DEV-55317F9F41,Fort Kochi,KYC-IND-A5AD6A0C57
ACC-00922,legit,156,frozen,[],DEV-A94938931D,Ring Road Surat,KYC-IND-12B3FE5343
ACC-00923,legit,101,active,[],DEV-46A8A01FB6,Adajan,KYC-IND-EF114C34A4
ACC-00924,legit,740,frozen,[],DEV-93870C3FC8,Vesu Surat,KYC-IND-5E50EF0BDE
ACC-00925,legit,15,active,[],DEV-A1C2E0C969,New Delhi Central,KYC-IND-034D8CD054
ACC-00926,legit,927,frozen,[],DEV-A79D7A15F2,South Delhi,KYC-IND-3B6777895A
ACC-00927,legit,256,active,[],DEV-9970D4ADAE,Noida,KYC-IND-83B58AB10E
ACC-00928,legit,1352,frozen,[],DEV-CB96312BE2,Gurugram,KYC-IND-FFCA406216
ACC-00929,legit,2309,active,[],DEV-DED947C253,South Mumbai,KYC-IND-85B4AB2B6D
ACC-00930,legit,286,active,[],DEV-5C6F79420B,Bandra BKC,KYC-IND-A951AC309C
ACC-00931,legit,1046,active,[],DEV-3FEAED1F1C,Andheri,KYC-IND-CC4C6D88A3
ACC-00932,legit,2174,dormant,[],DEV-C00F78E89A,Navi Mumbai,KYC-IND-8F72039D25
ACC-00933,legit,76,frozen,[],DEV-6708BC8B21,Central BLR,KYC-IND-AB2D1AA616
ACC-00934,legit,106,active,[],DEV-F38319F9C2,Koramangala,KYC-IND-CAEBB5369D
ACC-00935,legit,1783,dormant,[],DEV-3025946162,Whitefield,KYC-IND-2DA68E01BB
ACC-00936,legit,112,dormant,[],DEV-F6E31CE729,Electronic City,KYC-IND-CA9F19C227
ACC-00937,legit,409,active,[],DEV-C5FEEE45DE,Hitec City,KYC-IND-A6D0BA17A5
ACC-00938,legit,17,frozen,[],DEV-A63F6957EF,Banjara Hills,KYC-IND-D17049570A
ACC-00939,mule_l1,6,active,"[""ATM-CANARA-14-235""]",DEV-SHARED-SCN-FAN_OUT-019,Secunderabad,KYC-RING-SCN-FAN_OUT-019
ACC-00940,legit,5,active,[],DEV-CD2F2D0517,Old City Hyderabad,KYC-IND-24892D729E
ACC-00941,legit,218,active,[],DEV-4E8EACB669,Anna Salai,KYC-IND-AFA64EB84F
ACC-00942,legit,1489,active,[],DEV-B6CC3FB7F6,OMR Taramani,KYC-IND-7543A137F4
ACC-00943,legit,2294,frozen,[],DEV-AFB0F93778,T-Nagar,KYC-IND-F6B8AFFF40
ACC-00944,legit,257,frozen,[],DEV-74434377BD,Guindy,KYC-IND-3BCF57C98E
ACC-00945,legit,1,frozen,[],DEV-74185C3B8A,Park Street,KYC-IND-58F008581E
ACC-00946,legit,105,active,[],DEV-2C71058CC5,Salt Lake Sector V,KYC-IND-A39059C159
ACC-00947,legit,855,active,[],DEV-08E7F9F99C,New Town Kolkata,KYC-IND-86D48F5077
ACC-00948,legit,1653,active,[],DEV-EED2C2EE18,Howrah,KYC-IND-C4C5CF743C
ACC-00949,legit,114,frozen,[],DEV-1159D2E31B,Shivaji Nagar Pune,KYC-IND-354017552E
ACC-00950,legit,359,active,[],DEV-01869B66C7,Hinjewadi IT Park,KYC-IND-9D68B3D69E
ACC-00951,legit,315,active,[],DEV-4F4703BD4A,Magarpatta Hadapsar,KYC-IND-7651AE1D8D
ACC-00952,legit,2017,dormant,[],DEV-EB9C283BAF,Kothrud,KYC-IND-123EB673D8
ACC-00953,legit,48,active,[],DEV-0AE3EEA711,Navrangpura,KYC-IND-D8E89FEB25
ACC-00954,legit,151,active,[],DEV-22BBF81B07,SG Highway,KYC-IND-5D4D4D068B
ACC-00955,legit,10,active,[],DEV-CE5084AE89,Maninagar,KYC-IND-9001B36CA7
ACC-00956,legit,340,active,[],DEV-FEBA0C516F,Gandhinagar Center,KYC-IND-0430650EA0
ACC-00957,legit,75,active,[],DEV-A7CF0D8F64,MI Road Jaipur,KYC-IND-367C9CB314
ACC-00958,legit,718,frozen,[],DEV-4637FCCD25,Malviya Nagar Jaipur,KYC-IND-2C9C70A9FE
ACC-00959,legit,2,active,[],DEV-5D6F05A5B1,Vaishali Nagar,KYC-IND-AD9C5A2CB9
ACC-00960,legit,317,active,[],DEV-6490EC9C30,Hazratganj,KYC-IND-6CAC7B0D1B
ACC-00961,legit,1256,active,[],DEV-727288534B,Gomti Nagar Lucknow,KYC-IND-2062A80AA3
ACC-00962,legit,1376,active,[],DEV-A36D0E657D,Alambagh,KYC-IND-EA6FD6090E
ACC-00963,legit,112,active,[],DEV-555E530A39,Ernakulam Central,KYC-IND-2DB0F79FE9
ACC-00964,legit,161,active,[],DEV-7B5714761F,Kakkanad InfoPark,KYC-IND-3303ABB929
ACC-00965,legit,226,active,[],DEV-97CDECBB19,Fort Kochi,KYC-IND-5A2822B1BA
ACC-00966,victim,117,active,[],DEV-B40B4AA43A,Ring Road Surat,KYC-IND-391322EF4E
ACC-00967,legit,240,active,[],DEV-7544A5E935,Adajan,KYC-IND-4451357067
ACC-00968,legit,201,active,[],DEV-6FAFFEEE04,Vesu Surat,KYC-IND-8D7909696B
ACC-00969,legit,338,active,[],DEV-A31E11F14C,New Delhi Central,KYC-IND-87AAE20615
ACC-00970,legit,1945,active,[],DEV-0DDA5450DF,South Delhi,KYC-IND-AC1121DBEA
ACC-00971,legit,237,active,[],DEV-DBACD8D96F,Noida,KYC-IND-5E7859B15D
ACC-00972,mule_l1,162,active,[],DEV-SHARED-SCN-FAN_IN-016,Gurugram,KYC-RING-SCN-FAN_IN-016
ACC-00973,legit,1467,active,[],DEV-EC9D4CEB14,South Mumbai,KYC-IND-29645C5ACA
ACC-00974,legit,126,dormant,[],DEV-70CA7407A6,Bandra BKC,KYC-IND-B54796D758
ACC-00975,legit,2483,active,[],DEV-70121698EB,Andheri,KYC-IND-29F42B2442
ACC-00976,legit,180,active,[],DEV-6078E2D34B,Navi Mumbai,KYC-IND-525DFD7E27
ACC-00977,aggregator,32,active,[],DEV-F416BF8363,Central BLR,KYC-IND-33E3555A35
ACC-00978,legit,19,active,[],DEV-80780A6C18,Koramangala,KYC-IND-7695B49A97
ACC-00979,legit,346,active,[],DEV-BA4D1461C7,Whitefield,KYC-IND-7B85A25F1A
ACC-00980,legit,98,dormant,[],DEV-7B05D1AEE8,Electronic City,KYC-IND-CA082E4039
ACC-00981,legit,2164,frozen,[],DEV-6ED746B0AA,Hitec City,KYC-IND-9EE66209AF
ACC-00982,legit,237,dormant,[],DEV-8EBB4F94A4,Banjara Hills,KYC-IND-B539D6DEC5
ACC-00983,legit,206,frozen,[],DEV-EDAF587EEC,Secunderabad,KYC-IND-98A3C45789
ACC-00984,legit,168,active,[],DEV-457DFAF81D,Old City Hyderabad,KYC-IND-77F3A116E7
ACC-00985,legit,2442,active,[],DEV-3357FFCA29,Anna Salai,KYC-IND-972DCF60D6
ACC-00986,legit,2007,frozen,[],DEV-71232AB918,OMR Taramani,KYC-IND-AB899E5B90
ACC-00987,legit,168,frozen,[],DEV-CDD0D85EF7,T-Nagar,KYC-IND-D0BB10AB84
ACC-00988,legit,1178,frozen,[],DEV-CCE18FF359,Guindy,KYC-IND-048B2AAB53
ACC-00989,legit,185,active,[],DEV-4C9E0932A8,Park Street,KYC-IND-233CF6D7A3
ACC-00990,legit,87,active,[],DEV-CD41E3B7DB,Salt Lake Sector V,KYC-IND-61D57A0378
ACC-00991,legit,15,active,[],DEV-DDE0F426B8,New Town Kolkata,KYC-IND-A95278FE3C
ACC-00992,mule_l1,172,active,[],DEV-SHARED-SCN-LAYERING-006,Howrah,KYC-RING-SCN-LAYERING-006
ACC-00993,legit,2154,active,[],DEV-CC3B8DF90E,Shivaji Nagar Pune,KYC-IND-97730C753B
ACC-00994,legit,299,active,[],DEV-A5CDB42DFB,Hinjewadi IT Park,KYC-IND-014C3B2D9A
ACC-00995,legit,66,dormant,[],DEV-BA65621C59,Magarpatta Hadapsar,KYC-IND-2D82095E6D
ACC-00996,legit,123,dormant,[],DEV-C310188CE5,Kothrud,KYC-IND-3DCBF4B393
ACC-00997,legit,1360,active,[],DEV-44B0C0335C,Navrangpura,KYC-IND-CD0C09E0A2
ACC-00998,legit,83,dormant,[],DEV-85C606A910,SG Highway,KYC-IND-C8DAF2AC18
ACC-00999,legit,2105,frozen,[],DEV-F28A0879B9,Maninagar,KYC-IND-EC3DB5A142
ACC-01000,legit,8,frozen,[],DEV-F00DBF52A6,Gandhinagar Center,KYC-IND-FF5F4E98DE
ACC-01001,legit,1095,active,[],DEV-1EFAB2A8D0,MI Road Jaipur,KYC-IND-7884230578
ACC-01002,legit,15,frozen,[],DEV-DAD0F53A8D,Malviya Nagar Jaipur,KYC-IND-DBEAD7740C
ACC-01003,legit,54,active,[],DEV-3A0908912F,Vaishali Nagar,KYC-IND-3BB951BCD1
ACC-01004,legit,123,active,[],DEV-18F22FE1F3,Hazratganj,KYC-IND-E0CA606DCE
ACC-01005,legit,349,active,[],DEV-AD58760723,Gomti Nagar Lucknow,KYC-IND-A571C9149C
ACC-01006,legit,213,dormant,[],DEV-109D24A626,Alambagh,KYC-IND-5187DD2D58
ACC-01007,legit,2093,active,[],DEV-42006ECE2A,Ernakulam Central,KYC-IND-6A19A232B2
ACC-01008,victim,69,dormant,[],DEV-ABBBC57081,Kakkanad InfoPark,KYC-IND-C44F9E1D55
ACC-01009,legit,66,dormant,[],DEV-EED3D67489,Fort Kochi,KYC-IND-BA0EA0E057
ACC-01010,mule_l2,6,active,"[""AEPS-BOI-16-017""]",DEV-SHARED-SCN-FAN_IN_FAN_OUT-024,Ring Road Surat,KYC-IND-9BC739B4AA
ACC-01011,legit,247,active,[],DEV-8F6E201D16,Adajan,KYC-IND-7CCFB22F36
ACC-01012,legit,2011,dormant,[],DEV-3C579FDFC6,Vesu Surat,KYC-IND-9A180B6D15
ACC-01013,legit,147,active,[],DEV-CCB879CFA1,New Delhi Central,KYC-IND-2D5A362B92
ACC-01014,legit,2210,frozen,[],DEV-832768E59D,South Delhi,KYC-IND-651185A3B0
ACC-01015,legit,186,frozen,[],DEV-0AF2811453,Noida,KYC-IND-358172142D
ACC-01016,legit,3,dormant,[],DEV-55D8666B71,Gurugram,KYC-IND-876534B665
ACC-01017,legit,360,active,[],DEV-A84615407A,South Mumbai,KYC-IND-1F27B81184
ACC-01018,mule_l1,317,active,"[""ATM-BOI-26-203""]",DEV-E1FA3B3A83,Bandra BKC,KYC-RING-HASH-SCN-SHARED_KYC_CLUSTER-037
ACC-01019,mule_l1,2229,dormant,"[""AEPS-HDFC-41-218""]",DEV-0B695E596D,Andheri,KYC-RING-HASH-SCN-SHARED_KYC_CLUSTER-038
ACC-01020,legit,77,dormant,[],DEV-85E4A076F2,Navi Mumbai,KYC-IND-0FF3B730C7
ACC-01021,legit,10,active,[],DEV-188297E139,Central BLR,KYC-IND-13B7213C47
ACC-01022,legit,166,active,[],DEV-89EEEA2125,Koramangala,KYC-IND-07BA21E40B
ACC-01023,legit,197,dormant,[],DEV-2563AA212E,Whitefield,KYC-IND-BE30A32E64
ACC-01024,legit,340,active,[],DEV-9A7803051E,Electronic City,KYC-IND-6B5FB7BED2
ACC-01025,legit,33,frozen,[],DEV-573E0EF120,Hitec City,KYC-IND-F6BA548308
ACC-01026,legit,58,frozen,[],DEV-8ED6BDAD97,Banjara Hills,KYC-IND-2034BC7552
ACC-01027,legit,2387,dormant,[],DEV-BCFE52E1A4,Secunderabad,KYC-IND-49D94CF0BF
ACC-01028,legit,249,frozen,[],DEV-8F85D1BC41,Old City Hyderabad,KYC-IND-4A6C424996
ACC-01029,mule_l1,2243,active,[],DEV-SHARED-SCN-LAYERING-006,Anna Salai,KYC-RING-SCN-LAYERING-006
ACC-01030,legit,90,frozen,[],DEV-AC63F82E50,OMR Taramani,KYC-IND-0A800918EF
ACC-01031,legit,66,dormant,[],DEV-E5337B5F6A,T-Nagar,KYC-IND-F083CEE5F4
ACC-01032,legit,1749,active,[],DEV-AF567E8714,Guindy,KYC-IND-C506B936B1
ACC-01033,victim,12,active,[],DEV-D847219364,Park Street,KYC-IND-D43CA3DC7C
ACC-01034,mule_l1,690,dormant,"[""AEPS-SBI-21-330""]",DEV-D9BBA60DC5,Salt Lake Sector V,KYC-IND-5EBFF34D21
ACC-01035,legit,1434,active,[],DEV-41273297DF,New Town Kolkata,KYC-IND-CB59A97ADD
ACC-01036,legit,139,active,[],DEV-8BE1F8AD91,Howrah,KYC-IND-8C6C46C301
ACC-01037,legit,238,active,[],DEV-3EDBCC30FA,Shivaji Nagar Pune,KYC-IND-3E74BD84DD
ACC-01038,mule_l1,1499,frozen,[],DEV-SHARED-SCN-LAYERING-007,Hinjewadi IT Park,KYC-RING-SCN-LAYERING-007
ACC-01039,legit,107,active,[],DEV-4711BF17C3,Magarpatta Hadapsar,KYC-IND-EA1AFCCFE8
ACC-01040,legit,24,dormant,[],DEV-859C67AB6B,Kothrud,KYC-IND-F2E5E20E5F
ACC-01041,legit,251,frozen,[],DEV-2A5E2FCEF9,Navrangpura,KYC-IND-37BBF6E9FB
ACC-01042,legit,64,active,[],DEV-EBF642D08B,SG Highway,KYC-IND-DF2D483A6B
ACC-01043,legit,1271,active,[],DEV-3E9C5A32B3,Maninagar,KYC-IND-E19D3DC08B
ACC-01044,legit,2252,frozen,[],DEV-EB5E55EB51,Gandhinagar Center,KYC-IND-5053670EF1
ACC-01045,legit,292,dormant,[],DEV-3814F6B956,MI Road Jaipur,KYC-IND-7415D7CE2C
ACC-01046,legit,190,active,[],DEV-A7EE97C7DB,Malviya Nagar Jaipur,KYC-IND-0FF94E5521
ACC-01047,legit,987,dormant,[],DEV-6B49272938,Vaishali Nagar,KYC-IND-9555A35578
ACC-01048,legit,287,active,[],DEV-C214C82BA2,Hazratganj,KYC-IND-449E2AA025
ACC-01049,legit,31,frozen,[],DEV-5093B92BD4,Gomti Nagar Lucknow,KYC-IND-BEBBA56515
ACC-01050,legit,302,active,[],DEV-361CBACC15,Alambagh,KYC-IND-9ADD84420F
ACC-01051,legit,1878,active,[],DEV-30C429E007,Ernakulam Central,KYC-IND-92AA467A46
ACC-01052,mule_l1,360,dormant,[],DEV-SHARED-SCN-LAYERING-010,Kakkanad InfoPark,KYC-RING-SCN-LAYERING-010
ACC-01053,legit,100,frozen,[],DEV-C17D8B4B2E,Fort Kochi,KYC-IND-A68B98FAD1
ACC-01054,legit,26,active,[],DEV-03FD7255B6,Ring Road Surat,KYC-IND-DA9E3CEB86
ACC-01055,legit,135,dormant,[],DEV-2D6DCCF870,Adajan,KYC-IND-BBF4EED848
ACC-01056,legit,325,active,[],DEV-BD0177B37F,Vesu Surat,KYC-IND-FD79779E51
ACC-01057,legit,71,frozen,[],DEV-12FFA2D033,New Delhi Central,KYC-IND-F3681D18B5
ACC-01058,legit,2008,frozen,[],DEV-1F3FBF80F2,South Delhi,KYC-IND-7C9567A66D
ACC-01059,legit,2078,frozen,[],DEV-22E11451FD,Noida,KYC-IND-0EA8EE251B
ACC-01060,legit,798,active,[],DEV-42F9D0CAC1,Gurugram,KYC-IND-1D76C86AAE
ACC-01061,legit,130,dormant,[],DEV-B0A1941209,South Mumbai,KYC-IND-9E60217C29
ACC-01062,legit,245,active,[],DEV-FE237EAAB6,Bandra BKC,KYC-IND-1FA3A534C7
ACC-01063,legit,162,active,[],DEV-2E8AD9F2DA,Andheri,KYC-IND-08AD827F6F
ACC-01064,legit,252,active,[],DEV-148C1BBB02,Navi Mumbai,KYC-IND-F32EB47127
ACC-01065,legit,10,dormant,[],DEV-3191F4EF45,Central BLR,KYC-IND-A820B00946
ACC-01066,legit,340,active,[],DEV-93C133A0BA,Koramangala,KYC-IND-449332165A
ACC-01067,legit,332,frozen,[],DEV-CE6F7E9BAE,Whitefield,KYC-IND-A8B955E47E
ACC-01068,legit,224,active,[],DEV-05FA7E9CF8,Electronic City,KYC-IND-42FFDB66A9
ACC-01069,legit,306,dormant,[],DEV-BF3C14C04A,Hitec City,KYC-IND-B4838ED6A9
ACC-01070,legit,459,frozen,[],DEV-FB494A2EFF,Banjara Hills,KYC-IND-43C1286581
ACC-01071,legit,297,frozen,[],DEV-769C086A8A,Secunderabad,KYC-IND-52A60E1DF4
ACC-01072,legit,1027,dormant,[],DEV-225631C006,Old City Hyderabad,KYC-IND-377C9EEB95
ACC-01073,legit,1083,dormant,[],DEV-40D79D560A,Anna Salai,KYC-IND-122FAA52B1
ACC-01074,legit,1687,active,[],DEV-10C62C43E7,OMR Taramani,KYC-IND-D7BC3BF354
ACC-01075,legit,1213,frozen,[],DEV-6EC1439D17,T-Nagar,KYC-IND-2FF34E1BF7
ACC-01076,legit,323,dormant,[],DEV-9EAB57833A,Guindy,KYC-IND-459005F7C9
ACC-01077,legit,2255,frozen,[],DEV-45EF3EA356,Park Street,KYC-IND-9BF6FD79E0
ACC-01078,legit,1722,active,[],DEV-0A4E001A75,Salt Lake Sector V,KYC-IND-7094BD542C
ACC-01079,legit,652,active,[],DEV-CAD11A0300,New Town Kolkata,KYC-IND-E2D826E74C
ACC-01080,legit,223,frozen,[],DEV-DC42588106,Howrah,KYC-IND-4A2A2015BB
ACC-01081,legit,654,dormant,[],DEV-FAEB4FCCC6,Shivaji Nagar Pune,KYC-IND-AC8B68F345
ACC-01082,legit,861,frozen,[],DEV-ABDE3EB8B9,Hinjewadi IT Park,KYC-IND-692C17643E
ACC-01083,legit,27,dormant,[],DEV-40B387DF06,Magarpatta Hadapsar,KYC-IND-950B9C0309
ACC-01084,legit,1565,dormant,[],DEV-645EC22863,Kothrud,KYC-IND-929CF4ACED
ACC-01085,legit,529,active,[],DEV-CE6F9D4077,Navrangpura,KYC-IND-3A9FF91862
ACC-01086,legit,2168,dormant,[],DEV-8ACED4811C,SG Highway,KYC-IND-BEBBA56515
ACC-01087,legit,14,active,[],DEV-191ACC0F44,Maninagar,KYC-IND-9278020E0A
ACC-01088,legit,72,active,[],DEV-592B1D1161,Gandhinagar Center,KYC-IND-10ED817B0C
ACC-01089,legit,87,active,[],DEV-4FD4A6EBA2,MI Road Jaipur,KYC-IND-DA4A2678DA
ACC-01090,legit,64,active,[],DEV-2050996A5F,Malviya Nagar Jaipur,KYC-IND-2BB1723750
ACC-01091,legit,12,dormant,[],DEV-253669BC1E,Vaishali Nagar,KYC-IND-52923BBEE6
ACC-01092,legit,1768,active,[],DEV-C9E84A2494,Hazratganj,KYC-IND-C2B3F4F12B
ACC-01093,legit,245,active,[],DEV-BF32BCE287,Gomti Nagar Lucknow,KYC-IND-97D8636931
ACC-01094,legit,86,active,[],DEV-D9F46815A0,Alambagh,KYC-IND-6D8E365491
ACC-01095,legit,6,frozen,[],DEV-4C790DA18B,Ernakulam Central,KYC-IND-BBF25096A7
ACC-01096,legit,96,frozen,[],DEV-A38EBCC78E,Kakkanad InfoPark,KYC-IND-C4959A47C2
ACC-01097,victim,240,active,[],DEV-CDDD28B7D2,Fort Kochi,KYC-IND-3856297C93
ACC-01098,legit,892,active,[],DEV-D9E21FE815,Ring Road Surat,KYC-IND-7952207700
ACC-01099,legit,1419,active,[],DEV-D0242C8A8C,Adajan,KYC-IND-C713989CE8
ACC-01100,legit,170,active,[],DEV-AA6DC51996,Vesu Surat,KYC-IND-B56D150B18
ACC-01101,mule_l1,275,frozen,[],DEV-SHARED-SCN-FAN_IN-014,New Delhi Central,KYC-RING-SCN-FAN_IN-014
ACC-01102,legit,102,active,[],DEV-EA67C5D89F,South Delhi,KYC-IND-F2D5D77E77
ACC-01103,legit,271,active,[],DEV-C8E0D77321,Noida,KYC-IND-8782834993
ACC-01104,legit,263,active,[],DEV-0AE520ACA3,Gurugram,KYC-IND-B59E438728
ACC-01105,legit,262,dormant,[],DEV-866D1B8F3C,South Mumbai,KYC-IND-9193981252
ACC-01106,mule_l1,1768,active,"[""ATM-FINO-10-363"", ""ATM-HDFC-01-046""]",DEV-7FF0685F06,Bandra BKC,KYC-IND-3DBBE9232A
ACC-01107,legit,157,frozen,[],DEV-C01847916F,Andheri,KYC-IND-426A38D362
ACC-01108,legit,1172,active,[],DEV-5D70C579F5,Navi Mumbai,KYC-IND-A691541D5E
ACC-01109,legit,341,active,[],DEV-AB8503CF7D,Central BLR,KYC-IND-C6AA79AF8C
ACC-01110,legit,1301,active,[],DEV-97DF94268A,Koramangala,KYC-IND-243A4CE921
ACC-01111,legit,11,active,[],DEV-0174317147,Whitefield,KYC-IND-0B110C1A1F
ACC-01112,legit,153,frozen,[],DEV-681725E8F5,Electronic City,KYC-IND-C33923859C
ACC-01113,legit,691,active,[],DEV-A2C5EF9F80,Hitec City,KYC-IND-95E901FAB6
ACC-01114,legit,140,active,[],DEV-4602BBFDEC,Banjara Hills,KYC-IND-338F7CF6B2
ACC-01115,legit,348,active,[],DEV-F958580128,Secunderabad,KYC-IND-04B9AFB9F8
ACC-01116,legit,1092,active,[],DEV-482A4C5F7C,Old City Hyderabad,KYC-IND-E1EB58D1E9
ACC-01117,legit,157,active,[],DEV-EA1C86D8C7,Anna Salai,KYC-IND-86C89B4394
ACC-01118,legit,626,active,[],DEV-9EB6B79CF3,OMR Taramani,KYC-IND-6D7BCEBEB6
ACC-01119,legit,4,active,[],DEV-3E863C8C4A,T-Nagar,KYC-IND-6933AA51DB
ACC-01120,legit,252,active,[],DEV-1E02445F82,Guindy,KYC-IND-ACBEE23877
ACC-01121,legit,1672,active,[],DEV-C227F6AE67,Park Street,KYC-IND-A940849535
ACC-01122,legit,2,dormant,[],DEV-0BB9DFA6D4,Salt Lake Sector V,KYC-IND-E75FCCD632
ACC-01123,legit,125,frozen,[],DEV-FC55D1C14D,New Town Kolkata,KYC-IND-2A43EAC513
ACC-01124,legit,312,dormant,[],DEV-4D9C9F5421,Howrah,KYC-IND-B23269C390
ACC-01125,legit,8,active,[],DEV-1A71963B06,Shivaji Nagar Pune,KYC-IND-624FC87FAC
ACC-01126,legit,248,active,[],DEV-64444EABBC,Hinjewadi IT Park,KYC-IND-4209B3598E
ACC-01127,legit,153,dormant,[],DEV-D38939B208,Magarpatta Hadapsar,KYC-IND-C3AB7A452C
ACC-01128,legit,262,frozen,[],DEV-03CA219918,Kothrud,KYC-IND-DC99A46EC7
ACC-01129,legit,150,frozen,[],DEV-85B00202E6,Navrangpura,KYC-IND-F8F191F8CF
ACC-01130,legit,302,frozen,[],DEV-24FB44AEF2,SG Highway,KYC-IND-BEBBA56515
ACC-01131,legit,108,dormant,[],DEV-EA801C7AE6,Maninagar,KYC-IND-A8AC70E64F
ACC-01132,legit,2453,dormant,[],DEV-6BFCF1CFB3,Gandhinagar Center,KYC-IND-3AFDB29B07
ACC-01133,legit,236,active,[],DEV-4660B50569,MI Road Jaipur,KYC-IND-2E5CFDD323
ACC-01134,legit,1768,frozen,[],DEV-9CEBCA7C49,Malviya Nagar Jaipur,KYC-IND-C9623BB077
ACC-01135,legit,70,active,[],DEV-5E7C32101A,Vaishali Nagar,KYC-IND-7E5A093D23
ACC-01136,legit,178,frozen,[],DEV-5C21135EBE,Hazratganj,KYC-IND-B9B700075C
ACC-01137,legit,327,active,[],DEV-A1D858297B,Gomti Nagar Lucknow,KYC-IND-9A553ADD3C
ACC-01138,mule_l1,95,active,[],DEV-SHARED-SCN-FAN_OUT-019,Alambagh,KYC-RING-SCN-FAN_OUT-019
ACC-01139,legit,1012,frozen,[],DEV-BD945CEB58,Ernakulam Central,KYC-IND-71B5348BA9
ACC-01140,legit,279,dormant,[],DEV-D86EB83395,Kakkanad InfoPark,KYC-IND-9D82FB843F
ACC-01141,legit,1469,active,[],DEV-23E7A49161,Fort Kochi,KYC-IND-D2F00B964D
ACC-01142,legit,170,active,[],DEV-FF73CA3CE0,Ring Road Surat,KYC-IND-F3C4F50874
ACC-01143,legit,196,active,[],DEV-DB9AD16025,Adajan,KYC-IND-6AAF1C79FA
ACC-01144,mule_l1,216,dormant,"[""ATM-AXIS-43-352""]",DEV-FINGERPRINT-RING-SCN-SHARED_DEVICE-031,Vesu Surat,KYC-IND-894F8BF102
ACC-01145,legit,592,dormant,[],DEV-6C97D7CD21,New Delhi Central,KYC-IND-B684891086
ACC-01146,legit,2237,active,[],DEV-2C777435AE,South Delhi,KYC-IND-7EBB40A725
ACC-01147,legit,1220,active,[],DEV-6F9554780E,Noida,KYC-IND-6687CA0BA6
ACC-01148,legit,179,dormant,[],DEV-9BAEAA07DC,Gurugram,KYC-IND-9CFB8F769A
ACC-01149,legit,301,active,[],DEV-73B533FFF2,South Mumbai,KYC-IND-9F78CF23B4
ACC-01150,mule_l1,240,active,"[""AEPS-JIO-03-004""]",DEV-FINGERPRINT-RING-SCN-SHARED_DEVICE-032,Bandra BKC,KYC-IND-3E5ABA41E3
ACC-01151,mule_l1,181,dormant,"[""ATM-PNB-33-166""]",DEV-FINGERPRINT-RING-SCN-SHARED_DEVICE-033,Andheri,KYC-IND-89570B2E78
ACC-01152,victim,38,dormant,[],DEV-9F72B881A2,Navi Mumbai,KYC-IND-6A605FAE6B
ACC-01153,legit,2360,active,"[""ATM-HDFC-08-317""]",DEV-1831F9B415,Central BLR,KYC-IND-4244280F1D
ACC-01154,legit,207,active,[],DEV-6572E5852E,Koramangala,KYC-IND-7C7CC89B96
ACC-01155,mule_l1,156,frozen,[],DEV-SHARED-SCN-FAN_IN-015,Whitefield,KYC-RING-SCN-FAN_IN-015
ACC-01156,legit,820,dormant,[],DEV-A2A8B02D03,Electronic City,KYC-IND-8CB7DCDD9C
ACC-01157,legit,1695,dormant,[],DEV-CEF950CDA2,Hitec City,KYC-IND-136142A8C4
ACC-01158,legit,1590,frozen,[],DEV-1D15072F73,Banjara Hills,KYC-IND-114C6C9494
ACC-01159,legit,4,active,[],DEV-1FBBA15BA7,Secunderabad,KYC-IND-12D0A0119B
ACC-01160,legit,1433,frozen,[],DEV-666162C209,Old City Hyderabad,KYC-IND-B8F00327C0
ACC-01161,legit,26,active,[],DEV-8D03046C01,Anna Salai,KYC-IND-4B927595F8
ACC-01162,mule_l1,13,active,"[""AEPS-AXIS-00-485""]",DEV-C89960AFD7,OMR Taramani,KYC-IND-C11C32021A
ACC-01163,legit,243,active,[],DEV-5C31D70A21,T-Nagar,KYC-IND-0A5C9A2AA6
ACC-01164,legit,250,active,[],DEV-1236191C9D,Guindy,KYC-IND-18E52D45C8
ACC-01165,legit,147,active,[],DEV-54CC92165E,Park Street,KYC-IND-9FB5672427
ACC-01166,legit,940,active,[],DEV-FB84A1245F,Salt Lake Sector V,KYC-IND-06E86FFB29
ACC-01167,legit,264,active,[],DEV-0861AAA3E5,New Town Kolkata,KYC-IND-85B4AB2B6D
ACC-01168,legit,9,active,[],DEV-B3E0BDFBB3,Howrah,KYC-IND-05C5A8E0CC
ACC-01169,victim,31,frozen,[],DEV-17EB36F1D2,Shivaji Nagar Pune,KYC-IND-958367E220
ACC-01170,legit,290,dormant,[],DEV-CD468E2902,Hinjewadi IT Park,KYC-IND-58B58B5C5C
ACC-01171,legit,49,active,[],DEV-10A2C15840,Magarpatta Hadapsar,KYC-IND-8DA93E1E6A
ACC-01172,legit,826,frozen,[],DEV-A6B3E7E3ED,Kothrud,KYC-IND-F67FEEAF7E
ACC-01173,legit,59,frozen,[],DEV-E3BD79FB9B,Navrangpura,KYC-IND-5F45E51808
ACC-01174,legit,112,active,[],DEV-1F576DF200,SG Highway,KYC-IND-8DAE2AEFEB
ACC-01175,legit,156,dormant,[],DEV-B8E10CA944,Maninagar,KYC-IND-EFE1D5EA44
ACC-01176,legit,989,active,[],DEV-023C0D2DAA,Gandhinagar Center,KYC-IND-6687CA0BA6
ACC-01177,legit,188,dormant,[],DEV-C497C147DF,MI Road Jaipur,KYC-IND-FE18292CD6
ACC-01178,legit,236,active,[],DEV-9B59420BFE,Malviya Nagar Jaipur,KYC-IND-6114213E53
ACC-01179,legit,334,dormant,[],DEV-E08D985AB4,Vaishali Nagar,KYC-IND-AD1AD5AF5A
ACC-01180,legit,233,active,[],DEV-4B7FCB5B82,Hazratganj,KYC-IND-51838F5555
ACC-01181,legit,360,active,[],DEV-7D1566ACE7,Gomti Nagar Lucknow,KYC-IND-01EBA1B134
ACC-01182,legit,117,frozen,[],DEV-AE774332C1,Alambagh,KYC-IND-9A00280EC9
ACC-01183,legit,991,active,[],DEV-B5D38A1915,Ernakulam Central,KYC-IND-97F90ABF9D
ACC-01184,legit,107,active,[],DEV-E7211F8AD6,Kakkanad InfoPark,KYC-IND-EE9AD63BA7
ACC-01185,legit,35,active,[],DEV-730ADFE9B9,Fort Kochi,KYC-IND-6C5E70BAEE
ACC-01186,legit,1707,active,[],DEV-F0B1BAAE9E,Ring Road Surat,KYC-IND-E80AF7698D
ACC-01187,legit,118,active,[],DEV-9C43EAE45C,Adajan,KYC-IND-9D67FF4BC2
ACC-01188,legit,1320,active,[],DEV-66E7308F33,Vesu Surat,KYC-IND-855BBD84C2
ACC-01189,legit,8,active,[],DEV-578CDED223,New Delhi Central,KYC-IND-0CA3147330
ACC-01190,legit,242,active,[],DEV-4E7B361EA4,South Delhi,KYC-IND-E05A67E0C1
ACC-01191,legit,219,active,[],DEV-2DB1D5EFE9,Noida,KYC-IND-09463C956E
ACC-01192,legit,78,active,[],DEV-0CE722A242,Gurugram,KYC-IND-91AAB52863
ACC-01193,legit,311,frozen,[],DEV-4D9B4AF2E3,South Mumbai,KYC-IND-A3B9D1CDEA
ACC-01194,legit,858,dormant,[],DEV-8F72DC3F2E,Bandra BKC,KYC-IND-E047D932E3
ACC-01195,legit,177,dormant,[],DEV-C683DBE05E,Andheri,KYC-IND-78E2B45DE2
ACC-01196,mule_l1,2442,active,[],DEV-SHARED-SCN-FAN_OUT-021,Navi Mumbai,KYC-RING-SCN-FAN_OUT-021
ACC-01197,mule_l1,248,active,[],DEV-CB3134201B,Central BLR,KYC-IND-989252F264
ACC-01198,legit,2005,active,[],DEV-C226551A57,Koramangala,KYC-IND-792DF13680
ACC-01199,legit,633,dormant,[],DEV-C27FC15242,Whitefield,KYC-IND-9DA3FEFF14
ACC-01200,aggregator,132,active,"[""ATM-CANARA-11-232""]",DEV-5C558EE1BC,Electronic City,KYC-IND-1706E0A5D3
ACC-01201,legit,2296,active,[],DEV-A57C6D5FEB,Hitec City,KYC-IND-38868C82A3
ACC-01202,legit,346,active,[],DEV-5389A11112,Banjara Hills,KYC-IND-6B5FB7BED2
ACC-01203,legit,1092,frozen,[],DEV-251F311B1E,Secunderabad,KYC-IND-E0229C7192
ACC-01204,legit,86,dormant,[],DEV-3DAE0F411A,Old City Hyderabad,KYC-IND-40084E0916
ACC-01205,legit,13,active,[],DEV-CEA6DBCD4D,Anna Salai,KYC-IND-D97CF60EEA
ACC-01206,legit,205,frozen,[],DEV-C355229E5F,OMR Taramani,KYC-IND-BA78310B86
ACC-01207,legit,103,active,[],DEV-C618048F7B,T-Nagar,KYC-IND-DCE4F15C02
ACC-01208,legit,1109,active,[],DEV-376C8790C1,Guindy,KYC-IND-10D4906D2A
ACC-01209,legit,3,active,[],DEV-8CEB468B1F,Park Street,KYC-IND-F1957267DB
ACC-01210,legit,335,active,[],DEV-6F8690FFCE,Salt Lake Sector V,KYC-IND-3A65C2C24C
ACC-01211,legit,179,active,[],DEV-DE48810F4C,New Town Kolkata,KYC-IND-DCD42519B7
ACC-01212,legit,255,active,[],DEV-30D99B8E69,Howrah,KYC-IND-4244280F1D
ACC-01213,legit,223,active,[],DEV-DD1CE71AD5,Shivaji Nagar Pune,KYC-IND-61D30CC1DE
ACC-01214,legit,1061,active,[],DEV-B9CE9BBF48,Hinjewadi IT Park,KYC-IND-C4833271BC
ACC-01215,legit,129,active,[],DEV-EE28EB5451,Magarpatta Hadapsar,KYC-IND-61E5825436
ACC-01216,legit,8,dormant,[],DEV-6A3FDF3C9D,Kothrud,KYC-IND-92B3A1D898
ACC-01217,legit,2169,active,[],DEV-C2DB9884DA,Navrangpura,KYC-IND-BA08DB1256
ACC-01218,legit,368,active,[],DEV-A827FA06D6,SG Highway,KYC-IND-B8A8C39A04
ACC-01219,legit,1418,active,[],DEV-31D400A6A9,Maninagar,KYC-IND-2F79967606
ACC-01220,aggregator,329,active,[],DEV-CBBA72AEBF,Gandhinagar Center,KYC-IND-18EFA982A7
ACC-01221,legit,1169,active,[],DEV-340350E18D,MI Road Jaipur,KYC-IND-996442DBCD
ACC-01222,legit,88,active,[],DEV-DBB5E32B62,Malviya Nagar Jaipur,KYC-IND-1BD5DC9B8F
ACC-01223,legit,2020,active,[],DEV-30A9E1C340,Vaishali Nagar,KYC-IND-46A31CDF64
ACC-01224,legit,4,active,[],DEV-72F09D4C81,Hazratganj,KYC-IND-E079BDC82B
ACC-01225,legit,183,dormant,[],DEV-C7AE42EDD6,Gomti Nagar Lucknow,KYC-IND-79BF6D1D07
ACC-01226,legit,310,active,[],DEV-BF973A12E6,Alambagh,KYC-IND-45067D2104
ACC-01227,legit,231,active,[],DEV-B896FBF37E,Ernakulam Central,KYC-IND-56BE959206
ACC-01228,legit,32,dormant,[],DEV-F4BCCA38AE,Kakkanad InfoPark,KYC-IND-5486857FD7
ACC-01229,legit,1112,active,[],DEV-A46AACC745,Fort Kochi,KYC-IND-D5B281F86A
ACC-01230,legit,13,active,[],DEV-86DAF4A2CF,Ring Road Surat,KYC-IND-EBEC48B746
ACC-01231,legit,307,dormant,[],DEV-F8615AC1B9,Adajan,KYC-IND-1670AFF5A1
ACC-01232,legit,336,frozen,[],DEV-4C11518DAD,Vesu Surat,KYC-IND-EB6E1CE911
ACC-01233,legit,2222,frozen,[],DEV-6A1DB9807C,New Delhi Central,KYC-IND-8835D33F20
ACC-01234,mule_l1,158,frozen,[],DEV-SHARED-SCN-FAN_OUT-018,South Delhi,KYC-RING-SCN-FAN_OUT-018
ACC-01235,legit,110,active,[],DEV-1E43122DF1,Noida,KYC-IND-60201D99E1
ACC-01236,legit,2235,active,[],DEV-D0C63F97E3,Gurugram,KYC-IND-E1496EA668
ACC-01237,legit,280,active,[],DEV-9B02F3E3D3,South Mumbai,KYC-IND-BE3BDD8933
ACC-01238,legit,343,active,[],DEV-03B5E16282,Bandra BKC,KYC-IND-C3884BA3C1
ACC-01239,legit,131,dormant,[],DEV-5911FF1B61,Andheri,KYC-IND-B71E41B403
ACC-01240,legit,166,active,[],DEV-7234C3A3C1,Navi Mumbai,KYC-IND-90E862C774
ACC-01241,legit,238,frozen,[],DEV-5ED97909FB,Central BLR,KYC-IND-C845DD47B2
ACC-01242,legit,14,frozen,[],DEV-EEC3B11D7B,Koramangala,KYC-IND-15EABBDB80
ACC-01243,legit,2458,active,[],DEV-008A6DC0CF,Whitefield,KYC-IND-C3444545DB
ACC-01244,legit,23,active,[],DEV-9560E45FEA,Electronic City,KYC-IND-06603D0A4B
ACC-01245,legit,322,active,[],DEV-E426456E49,Hitec City,KYC-IND-C73E100C96
ACC-01246,aggregator,39,frozen,"[""ATM-SBI-13-190""]",DEV-SHARED-SCN-LAYERING-008,Banjara Hills,KYC-RING-SCN-LAYERING-008
ACC-01247,legit,286,active,[],DEV-11E9973E77,Secunderabad,KYC-IND-6BC65F7D64
ACC-01248,legit,3,frozen,[],DEV-90BFBE6D13,Old City Hyderabad,KYC-IND-046B784CED
ACC-01249,legit,988,frozen,[],DEV-2537E95F5D,Anna Salai,KYC-IND-C28B4B02A0
ACC-01250,legit,118,active,[],DEV-F2A1D9DB46,OMR Taramani,KYC-IND-D0F4E5D438
ACC-01251,aggregator,2007,active,[],DEV-A83F04BE63,T-Nagar,KYC-IND-07BC2E0B77
ACC-01252,legit,230,dormant,[],DEV-1218BE2DB6,Guindy,KYC-IND-8B1DF2A5D2
ACC-01253,legit,168,active,[],DEV-C924B95551,Park Street,KYC-IND-B7AA7991F6
ACC-01254,legit,1642,active,[],DEV-C0DC0AA75E,Salt Lake Sector V,KYC-IND-8B263C55C8
ACC-01255,legit,49,active,[],DEV-BA2E0E6CAE,New Town Kolkata,KYC-IND-C58B6D485A
ACC-01256,legit,261,active,[],DEV-1E04535F28,Howrah,KYC-IND-7D6A6D1291
ACC-01257,legit,1359,dormant,[],DEV-5FF3CFDB73,Shivaji Nagar Pune,KYC-IND-6F4F591F24
ACC-01258,legit,215,frozen,[],DEV-0AF50D7E43,Hinjewadi IT Park,KYC-IND-C94E23BE50
ACC-01259,legit,654,active,[],DEV-F82554F30C,Magarpatta Hadapsar,KYC-IND-E0132BF3BF
ACC-01260,legit,220,active,[],DEV-CC861E21F2,Kothrud,KYC-IND-F235592698
ACC-01261,legit,359,active,[],DEV-BA31E63DA7,Navrangpura,KYC-IND-85B4AB2B6D
ACC-01262,legit,156,active,[],DEV-54C3031680,SG Highway,KYC-IND-387F9A0D64
ACC-01263,legit,5,frozen,[],DEV-91AA54CE29,Maninagar,KYC-IND-FC14F9F370
ACC-01264,mule_l1,256,active,"[""AEPS-SBI-21-330""]",DEV-F4416A9B78,Gandhinagar Center,KYC-IND-ED772D9C48
ACC-01265,legit,78,frozen,[],DEV-80EF8B6488,MI Road Jaipur,KYC-IND-4B732DE4EB
ACC-01266,legit,51,active,[],DEV-F680BBF256,Malviya Nagar Jaipur,KYC-IND-36468369E3
ACC-01267,legit,533,dormant,[],DEV-987F62A741,Vaishali Nagar,KYC-IND-5ED0850C52
ACC-01268,legit,335,dormant,[],DEV-06107D7BAA,Hazratganj,KYC-IND-98D1235663
ACC-01269,legit,264,active,[],DEV-2CF2A0809B,Gomti Nagar Lucknow,KYC-IND-9A6139CF60
ACC-01270,legit,12,frozen,[],DEV-5A5D355617,Alambagh,KYC-IND-F2F0342C90
ACC-01271,legit,1354,dormant,[],DEV-BC7B90B0D1,Ernakulam Central,KYC-IND-91C6AC2F98
ACC-01272,legit,2093,active,[],DEV-E454FAA486,Kakkanad InfoPark,KYC-IND-AD97209288
ACC-01273,mule_l2,1513,active,[],DEV-B4EA038EA1,Fort Kochi,KYC-IND-3F3C5045FB
ACC-01274,legit,183,dormant,[],DEV-A07D451A89,Ring Road Surat,KYC-IND-EF499DB768
ACC-01275,legit,197,active,[],DEV-F2F485D661,Adajan,KYC-IND-BEB3D6CA63
ACC-01276,legit,2354,active,[],DEV-C4334C354B,Vesu Surat,KYC-IND-ACF76741DC
ACC-01277,legit,237,active,[],DEV-6826A1CACC,New Delhi Central,KYC-IND-E09B80D77E
ACC-01278,legit,2364,frozen,[],DEV-1EA06B988A,South Delhi,KYC-IND-C213394C63
ACC-01279,legit,325,frozen,[],DEV-EB21EE7A79,Noida,KYC-IND-59B593372B
ACC-01280,legit,36,frozen,[],DEV-F07E04EF7D,Gurugram,KYC-IND-B33D3C2348
ACC-01281,legit,769,frozen,[],DEV-39733B696F,South Mumbai,KYC-IND-A29429FD45
ACC-01282,legit,1343,active,[],DEV-01ED2E128D,Bandra BKC,KYC-IND-00A53CB01E
ACC-01283,legit,2093,dormant,[],DEV-B507C52F4A,Andheri,KYC-IND-0ECE2AE3A3
ACC-01284,legit,11,dormant,[],DEV-D57533C3DD,Navi Mumbai,KYC-IND-CD5BD89A1B
ACC-01285,legit,282,active,[],DEV-B05CC0DB73,Central BLR,KYC-IND-9FEDBB49EE
ACC-01286,legit,2134,active,[],DEV-AE33EF5634,Koramangala,KYC-IND-A523688C5D
ACC-01287,legit,337,active,[],DEV-2DB20B0EFE,Whitefield,KYC-IND-25D85C490E
ACC-01288,legit,482,dormant,[],DEV-038C3B0EE7,Electronic City,KYC-IND-29139E9523
ACC-01289,legit,364,active,[],DEV-680C0E6B4C,Hitec City,KYC-IND-767FBD30A5
ACC-01290,legit,1499,dormant,[],DEV-238CE22231,Banjara Hills,KYC-IND-524488D42E
ACC-01291,legit,340,active,[],DEV-BB4ADE97E3,Secunderabad,KYC-IND-50F3A893C2
ACC-01292,legit,300,frozen,[],DEV-FF09C2D9DB,Old City Hyderabad,KYC-IND-0F861C448E
ACC-01293,legit,1793,active,[],DEV-69468A3695,Anna Salai,KYC-IND-1CAB9D2C76
ACC-01294,legit,1733,active,[],DEV-1CF8315CEC,OMR Taramani,KYC-IND-9FAD40162B
ACC-01295,legit,1298,active,[],DEV-DB4B806EDD,T-Nagar,KYC-IND-45E700511A
ACC-01296,legit,12,active,[],DEV-9F4CA684D7,Guindy,KYC-IND-DABD6C7C54
ACC-01297,legit,269,active,[],DEV-C5F06F132B,Park Street,KYC-IND-014C3B2D9A
ACC-01298,legit,263,active,[],DEV-E05061581D,Salt Lake Sector V,KYC-IND-95F1D7F110
ACC-01299,legit,200,active,[],DEV-F995A2EC36,New Town Kolkata,KYC-IND-2FC15C721D
ACC-01300,mule_l1,72,active,"[""ATM-PNB-04-445""]",DEV-73F1F3CACC,Howrah,KYC-IND-C63E848324
ACC-01301,legit,1579,frozen,[],DEV-339FCB92B3,Shivaji Nagar Pune,KYC-IND-01C5F6840D
ACC-01302,legit,53,active,[],DEV-03B140B925,Hinjewadi IT Park,KYC-IND-7056218B07
ACC-01303,mule_l1,2023,active,[],DEV-SHARED-SCN-FAN_IN-016,Magarpatta Hadapsar,KYC-RING-SCN-FAN_IN-016
ACC-01304,legit,196,dormant,[],DEV-69A58266C9,Kothrud,KYC-IND-D5E8CCD0DD
ACC-01305,legit,165,frozen,[],DEV-B73257198D,Navrangpura,KYC-IND-6278617972
ACC-01306,legit,4,dormant,[],DEV-0AEF59B2E8,SG Highway,KYC-IND-981FE16CD2
ACC-01307,legit,94,active,[],DEV-9515CDD4D3,Maninagar,KYC-IND-058357EE83
ACC-01308,legit,127,active,[],DEV-15D49BFA1C,Gandhinagar Center,KYC-IND-F9E613F7B2
ACC-01309,legit,125,active,[],DEV-6099E54ED9,MI Road Jaipur,KYC-IND-6F994D9FD3
ACC-01310,legit,25,frozen,[],DEV-85D779B877,Malviya Nagar Jaipur,KYC-IND-D33FF2B164
ACC-01311,legit,299,frozen,[],DEV-B1CFD127F7,Vaishali Nagar,KYC-IND-E74AD0D303
ACC-01312,legit,110,frozen,[],DEV-812D7FDCDC,Hazratganj,KYC-IND-57A48E1495
ACC-01313,legit,213,active,[],DEV-22261F365C,Gomti Nagar Lucknow,KYC-IND-28A3DA2BB7
ACC-01314,legit,1445,dormant,[],DEV-55FA1BC11C,Alambagh,KYC-IND-2019D5F7FE
ACC-01315,legit,1327,active,[],DEV-F6CB9D96BF,Ernakulam Central,KYC-IND-99F95B0255
ACC-01316,legit,12,active,[],DEV-30A6F26156,Kakkanad InfoPark,KYC-IND-3C46D09DB7
ACC-01317,legit,1377,frozen,[],DEV-584C4F8188,Fort Kochi,KYC-IND-79D7936E3A
ACC-01318,legit,13,frozen,[],DEV-D983AF0E94,Ring Road Surat,KYC-IND-B021505B14
ACC-01319,legit,68,frozen,[],DEV-7CCA4FF308,Adajan,KYC-IND-9D95560004
ACC-01320,legit,345,frozen,[],DEV-1726EDAE62,Vesu Surat,KYC-IND-A811C5453E
ACC-01321,legit,152,frozen,[],DEV-D9B7B3C430,New Delhi Central,KYC-IND-5486857FD7
ACC-01322,legit,239,dormant,[],DEV-C7C3A194E9,South Delhi,KYC-IND-B955BBEC91
ACC-01323,legit,3,active,[],DEV-CB00E60D42,Noida,KYC-IND-B0BE8B271E
ACC-01324,legit,44,active,[],DEV-A8E9822859,Gurugram,KYC-IND-A4EF165F47
ACC-01325,legit,627,active,[],DEV-E134A43078,South Mumbai,KYC-IND-2033E58F0A
ACC-01326,legit,1398,active,[],DEV-32F4D40C7E,Bandra BKC,KYC-IND-78E97AAFAA
ACC-01327,legit,83,dormant,[],DEV-374B078415,Andheri,KYC-IND-2A44599435
ACC-01328,legit,290,active,[],DEV-096BE4E72E,Navi Mumbai,KYC-IND-79AF406AE5
ACC-01329,legit,275,dormant,[],DEV-B2A290A496,Central BLR,KYC-IND-8FA154EEAE
ACC-01330,legit,363,frozen,[],DEV-F65C9A3CD2,Koramangala,KYC-IND-757199C105
ACC-01331,legit,10,active,[],DEV-4B4C13A26C,Whitefield,KYC-IND-2175C67361
ACC-01332,legit,76,active,[],DEV-9338A631DF,Electronic City,KYC-IND-8DDD4A78A4
ACC-01333,legit,97,active,[],DEV-BA70A2CFAA,Hitec City,KYC-IND-6244E7AE1B
ACC-01334,legit,106,active,[],DEV-80F22DB424,Banjara Hills,KYC-IND-D1EA89E65E
ACC-01335,legit,855,active,[],DEV-C2DFA8AB7F,Secunderabad,KYC-IND-B02016E647
ACC-01336,legit,1952,dormant,[],DEV-6F9E5DA26E,Old City Hyderabad,KYC-IND-0BB57E04F1
ACC-01337,legit,190,active,[],DEV-5DBC35D023,Anna Salai,KYC-IND-7487400CDD
ACC-01338,aggregator,235,active,"[""AEPS-CANARA-17-018""]",DEV-SHARED-SCN-LAYERING-006,OMR Taramani,KYC-RING-SCN-LAYERING-006
ACC-01339,legit,220,active,[],DEV-E87A44DEEE,T-Nagar,KYC-IND-9FE8C1359A
ACC-01340,legit,700,active,[],DEV-8EB2A20835,Guindy,KYC-IND-C0049D067B
ACC-01341,legit,5,active,[],DEV-29A5DAE981,Park Street,KYC-IND-F28469B347
ACC-01342,legit,9,active,[],DEV-D53A4F987B,Salt Lake Sector V,KYC-IND-AF843A1F4E
ACC-01343,legit,1,frozen,[],DEV-615188DFBA,New Town Kolkata,KYC-IND-D5AF19F39A
ACC-01344,legit,171,active,[],DEV-4ED911F59C,Howrah,KYC-IND-9E1695B92E
ACC-01345,legit,206,active,[],DEV-73FBAAC941,Shivaji Nagar Pune,KYC-IND-00B40B3C5E
ACC-01346,legit,332,dormant,[],DEV-19C22F97FC,Hinjewadi IT Park,KYC-IND-80374110E2
ACC-01347,mule_l1,191,active,"[""ATM-BOI-26-203""]",DEV-2741550AA3,Magarpatta Hadapsar,KYC-RING-HASH-SCN-SHARED_KYC_CLUSTER-037
ACC-01348,legit,1898,frozen,[],DEV-2382145D69,Kothrud,KYC-IND-2F79967606
ACC-01349,legit,105,frozen,[],DEV-957FC5640F,Navrangpura,KYC-IND-484BB3F0DF
ACC-01350,legit,490,frozen,[],DEV-115DA6B641,SG Highway,KYC-IND-A753941FE3
ACC-01351,legit,76,active,[],DEV-40083E7B7A,Maninagar,KYC-IND-626424669D
ACC-01352,legit,11,active,[],DEV-24E5D77985,Gandhinagar Center,KYC-IND-133EF95DA1
ACC-01353,legit,66,dormant,[],DEV-BEB8472987,MI Road Jaipur,KYC-IND-D6773457A5
ACC-01354,legit,328,active,[],DEV-1173B69449,Malviya Nagar Jaipur,KYC-IND-71881AF2A4
ACC-01355,legit,1958,dormant,[],DEV-C81432ADB3,Vaishali Nagar,KYC-IND-9F02D23FAB
ACC-01356,legit,48,active,[],DEV-460765EB70,Hazratganj,KYC-IND-E92C2D1D18
ACC-01357,legit,266,active,[],DEV-B4AFBFFDED,Gomti Nagar Lucknow,KYC-IND-DC5D4C586A
ACC-01358,legit,1,dormant,[],DEV-86E7601178,Alambagh,KYC-IND-B92BA4D89F
ACC-01359,legit,770,frozen,[],DEV-999A526CAA,Ernakulam Central,KYC-IND-F283B11BDA
ACC-01360,legit,284,frozen,[],DEV-E546177211,Kakkanad InfoPark,KYC-IND-238951A649
ACC-01361,legit,216,frozen,[],DEV-21BD4ABA73,Fort Kochi,KYC-IND-C0FED1A158
ACC-01362,legit,84,dormant,[],DEV-27AF7245D1,Ring Road Surat,KYC-IND-ED80BC81FD
ACC-01363,legit,335,dormant,[],DEV-58E4B4D3CF,Adajan,KYC-IND-AEFB4EDF8A
ACC-01364,legit,266,active,[],DEV-D5B1F1B38C,Vesu Surat,KYC-IND-FA025A504D
ACC-01365,legit,262,frozen,[],DEV-79C26AEA92,New Delhi Central,KYC-IND-19CDBF9537
ACC-01366,legit,162,active,[],DEV-8F2789AA8D,South Delhi,KYC-IND-BABAD1E913
ACC-01367,legit,2,active,[],DEV-C2EF738E4E,Noida,KYC-IND-04B78380BE
ACC-01368,legit,1076,active,[],DEV-D1078A1727,Gurugram,KYC-IND-E22C194274
ACC-01369,legit,39,active,[],DEV-AC6015E0C3,South Mumbai,KYC-IND-9193981252
ACC-01370,legit,290,active,[],DEV-FEF5ABD18D,Bandra BKC,KYC-IND-EFC9D51572
ACC-01371,legit,237,frozen,[],DEV-DAF9D7000F,Andheri,KYC-IND-416E065B3B
ACC-01372,legit,204,active,[],DEV-D2AA653863,Navi Mumbai,KYC-IND-3E09C49F5B
ACC-01373,legit,3,active,[],DEV-2EA695D9CC,Central BLR,KYC-IND-F862763E20
ACC-01374,legit,4,dormant,[],DEV-76DDA316EA,Koramangala,KYC-IND-2857F79531
ACC-01375,legit,22,active,[],DEV-A5BC226EE0,Whitefield,KYC-IND-126774A8D0
ACC-01376,legit,74,active,[],DEV-5C9ECE1104,Electronic City,KYC-IND-F9A2F431FC
ACC-01377,legit,184,active,[],DEV-31C7A3B6E9,Hitec City,KYC-IND-D28BC355D1
ACC-01378,legit,1888,dormant,[],DEV-8CCF7BCF7A,Banjara Hills,KYC-IND-DF39D01C80
ACC-01379,legit,141,frozen,[],DEV-5997D4602E,Secunderabad,KYC-IND-6F24E04270
ACC-01380,legit,2097,frozen,[],DEV-812ABA1559,Old City Hyderabad,KYC-IND-BBA62FDF52
ACC-01381,legit,1634,active,[],DEV-FB4622F5DC,Anna Salai,KYC-IND-8962E6C064
ACC-01382,mule_l1,154,dormant,"[""ATM-ICICI-23-288""]",DEV-36E6B57B32,OMR Taramani,KYC-RING-HASH-SCN-SHARED_KYC_CLUSTER-036
ACC-01383,legit,226,dormant,[],DEV-773438B9F7,T-Nagar,KYC-IND-8B36A6623F
ACC-01384,legit,2365,active,[],DEV-921A8314A5,Guindy,KYC-IND-A0A0089B11
ACC-01385,legit,217,active,[],DEV-3AC2C75311,Park Street,KYC-IND-D7962C8F91
ACC-01386,legit,354,active,[],DEV-77CA5EB0BD,Salt Lake Sector V,KYC-IND-5B54293AB3
ACC-01387,legit,3,dormant,[],DEV-D2606BC6FB,New Town Kolkata,KYC-IND-A1C309A66C
ACC-01388,legit,100,active,[],DEV-372D312B56,Howrah,KYC-IND-46D0FD2BE5
ACC-01389,legit,1997,active,[],DEV-7B6E6C2BD8,Shivaji Nagar Pune,KYC-IND-B88646BD85
ACC-01390,legit,306,active,[],DEV-7B9FBD37B3,Hinjewadi IT Park,KYC-IND-67C4B0D0BE
ACC-01391,legit,14,active,[],DEV-B642339F2F,Magarpatta Hadapsar,KYC-IND-A5AF569FA7
ACC-01392,legit,269,active,[],DEV-C4F1E57D44,Kothrud,KYC-IND-31AF2D7270
ACC-01393,legit,2286,dormant,[],DEV-4E75AAB154,Navrangpura,KYC-IND-457EA894AA
ACC-01394,legit,213,active,[],DEV-B64D7CD9F1,SG Highway,KYC-IND-6C8F0AFE9E
ACC-01395,legit,49,active,[],DEV-FB182510D4,Maninagar,KYC-IND-67829A0433
ACC-01396,mule_l2,88,dormant,"[""ATM-SBI-15-236""]",DEV-SHARED-SCN-FAN_IN_FAN_OUT-025,Gandhinagar Center,KYC-IND-78022A75C9
ACC-01397,legit,9,active,[],DEV-745E432EAC,MI Road Jaipur,KYC-IND-725C1CF4FF
ACC-01398,legit,545,frozen,[],DEV-7AB95748A4,Malviya Nagar Jaipur,KYC-IND-0DF5E9D04C
ACC-01399,legit,143,active,[],DEV-990439E79F,Vaishali Nagar,KYC-IND-2C7188FEB5
ACC-01400,legit,344,active,[],DEV-7BCEB8B1B6,Hazratganj,KYC-IND-47E074A15C
ACC-01401,legit,164,frozen,[],DEV-80EFB3E488,Gomti Nagar Lucknow,KYC-IND-15E26E124A
ACC-01402,legit,114,active,[],DEV-3EAE16515E,Alambagh,KYC-IND-2414719ACD
ACC-01403,legit,240,active,[],DEV-873A885A74,Ernakulam Central,KYC-IND-D62FF9EE32
ACC-01404,legit,162,frozen,[],DEV-904ECD0462,Kakkanad InfoPark,KYC-IND-EB97F6472D
ACC-01405,legit,177,active,[],DEV-52BBB0CF44,Fort Kochi,KYC-IND-037249ED66
ACC-01406,legit,9,frozen,[],DEV-1C0F7B51BD,Ring Road Surat,KYC-IND-D517279790
ACC-01407,legit,1683,active,[],DEV-40BAF22AC3,Adajan,KYC-IND-1BC915065F
ACC-01408,legit,1323,active,[],DEV-94FAC52294,Vesu Surat,KYC-IND-BA6AF95FF9
ACC-01409,legit,213,frozen,[],DEV-C6463C1635,New Delhi Central,KYC-IND-FC9440E16E
ACC-01410,legit,336,active,[],DEV-71F0D208D5,South Delhi,KYC-IND-2062A80AA3
ACC-01411,legit,11,dormant,[],DEV-D7DEB0E52D,Noida,KYC-IND-DCE4F15C02
ACC-01412,legit,159,frozen,[],DEV-61A236D6C0,Gurugram,KYC-IND-4A87C13B49
ACC-01413,legit,1339,dormant,[],DEV-2669DDF1FC,South Mumbai,KYC-IND-69EBF5892F
ACC-01414,legit,340,dormant,[],DEV-1F69261E3E,Bandra BKC,KYC-IND-8C05D8556E
ACC-01415,legit,2226,frozen,[],DEV-85D39CFDCA,Andheri,KYC-IND-3137457B6B
ACC-01416,legit,161,active,[],DEV-017AB2A7B9,Navi Mumbai,KYC-IND-9C6D1DC6AE
ACC-01417,legit,146,active,[],DEV-BDE03ECDBE,Central BLR,KYC-IND-4442757A84
ACC-01418,legit,13,active,[],DEV-2DFE73BFA5,Koramangala,KYC-IND-32E17AD8F4
ACC-01419,legit,292,active,[],DEV-CC5096AF1B,Whitefield,KYC-IND-1F1612705F
ACC-01420,legit,335,active,[],DEV-FB19B20B4F,Electronic City,KYC-IND-D5FCEF42D0
ACC-01421,legit,228,dormant,[],DEV-01EE8252ED,Hitec City,KYC-IND-7C3E6861AC
ACC-01422,legit,213,dormant,[],DEV-D0C49EF06E,Banjara Hills,KYC-IND-C77687556A
ACC-01423,legit,219,active,[],DEV-8FB2FE0D02,Secunderabad,KYC-IND-1E9822BC6E
ACC-01424,legit,126,active,[],DEV-E03A9DF1B7,Old City Hyderabad,KYC-IND-326B8FBDD5
ACC-01425,legit,1854,dormant,[],DEV-BD0A5401A4,Anna Salai,KYC-IND-A0C9358C16
ACC-01426,legit,2038,active,[],DEV-CE694C9E91,OMR Taramani,KYC-IND-BDF7EF2D98
ACC-01427,legit,87,dormant,[],DEV-61FEFD6441,T-Nagar,KYC-IND-97FE3D9D75
ACC-01428,legit,168,frozen,[],DEV-185ABBFE83,Guindy,KYC-IND-20CA6A5D5C
ACC-01429,legit,187,frozen,[],DEV-36CC8F2B39,Park Street,KYC-IND-675B4786B2
ACC-01430,legit,279,dormant,[],DEV-AFB0D55D2A,Salt Lake Sector V,KYC-IND-B822B72D7F
ACC-01431,legit,120,dormant,[],DEV-F7BF5BE135,New Town Kolkata,KYC-IND-EC7F755A8E
ACC-01432,legit,363,frozen,[],DEV-ECFC099FD3,Howrah,KYC-IND-DDA1824945
ACC-01433,legit,309,active,[],DEV-F69867DFDA,Shivaji Nagar Pune,KYC-IND-A2069F3E5C
ACC-01434,legit,140,active,[],DEV-F75C035495,Hinjewadi IT Park,KYC-IND-9DBC80F616
ACC-01435,legit,327,frozen,[],DEV-EDA27BBB62,Magarpatta Hadapsar,KYC-IND-1740439178
ACC-01436,legit,33,active,[],DEV-C980CAE93E,Kothrud,KYC-IND-04CD8F70DB
ACC-01437,legit,1,active,[],DEV-2AC2C4859B,Navrangpura,KYC-IND-EEBB1DD683
ACC-01438,legit,6,active,[],DEV-3EA774A5CE,SG Highway,KYC-IND-AA8A6C98FC
ACC-01439,legit,1625,active,[],DEV-01B1109DB9,Maninagar,KYC-IND-B84B3FECF9
ACC-01440,legit,2195,dormant,[],DEV-4E2DB1A1B6,Gandhinagar Center,KYC-IND-6033FCD7FC
ACC-01441,legit,170,active,[],DEV-AF4C06FED4,MI Road Jaipur,KYC-IND-196EB5316F
ACC-01442,legit,92,active,[],DEV-B9BD15331E,Malviya Nagar Jaipur,KYC-IND-DA65726DCC
ACC-01443,legit,331,dormant,[],DEV-9169E32371,Vaishali Nagar,KYC-IND-3DFF518CC1
ACC-01444,legit,255,active,[],DEV-F480FAC654,Hazratganj,KYC-IND-C2CE404E28
ACC-01445,legit,830,active,[],DEV-C79F4496C5,Gomti Nagar Lucknow,KYC-IND-362A998949
ACC-01446,mule_l1,1,active,[],DEV-SHARED-SCN-FAN_OUT-018,Alambagh,KYC-RING-SCN-FAN_OUT-018
ACC-01447,legit,259,active,[],DEV-2F64908AC1,Ernakulam Central,KYC-IND-40BE39041C
ACC-01448,victim,200,dormant,"[""AEPS-JIO-39-172""]",DEV-6F59B759B7,Kakkanad InfoPark,KYC-IND-7A1FB576E7
ACC-01449,legit,25,dormant,[],DEV-44CE699029,Fort Kochi,KYC-IND-834326DE11
ACC-01450,legit,188,active,[],DEV-C4B8D4F563,Ring Road Surat,KYC-IND-A640B934AB
ACC-01451,legit,3,frozen,[],DEV-7AD2F96BB2,Adajan,KYC-IND-BA0EA0E057
ACC-01452,legit,91,active,[],DEV-872E669879,Vesu Surat,KYC-IND-F22C13E4F6
ACC-01453,legit,1173,active,[],DEV-207711188D,New Delhi Central,KYC-IND-06214D9E36
ACC-01454,legit,706,active,[],DEV-F5CA0AE681,South Delhi,KYC-IND-703B4D0E5C
ACC-01455,legit,431,frozen,[],DEV-8546821753,Noida,KYC-IND-FC93A251FB
ACC-01456,legit,101,active,[],DEV-BB278C0772,Gurugram,KYC-IND-D26F00135A
ACC-01457,legit,158,frozen,[],DEV-0010BBEAA0,South Mumbai,KYC-IND-D351A51C27
ACC-01458,legit,6,active,[],DEV-B7356EEC7F,Bandra BKC,KYC-IND-85F6AA5C1F
ACC-01459,legit,171,active,[],DEV-B2E10AC90F,Andheri,KYC-IND-CF45A1EFE1
ACC-01460,legit,35,active,[],DEV-085E5E5D43,Navi Mumbai,KYC-IND-90368E67D7
ACC-01461,legit,2242,active,[],DEV-730053FCA6,Central BLR,KYC-IND-DF35757874
ACC-01462,mule_l1,14,frozen,"[""ATM-PAYTM-29-426""]",DEV-FINGERPRINT-RING-SCN-SHARED_DEVICE-034,Koramangala,KYC-IND-F8F191F8CF
ACC-01463,legit,169,dormant,[],DEV-0C1CAB5642,Whitefield,KYC-IND-EC92D48526
ACC-01464,legit,213,active,[],DEV-108B00C15E,Electronic City,KYC-IND-0CD9EE4FC3
ACC-01465,legit,207,active,[],DEV-80AA95E261,Hitec City,KYC-IND-2ACE69EFFE
ACC-01466,legit,232,dormant,[],DEV-1F35BC02D4,Banjara Hills,KYC-IND-CDD4D86F17
ACC-01467,legit,192,active,[],DEV-9E30DFB364,Secunderabad,KYC-IND-D83659B0E7
ACC-01468,legit,151,active,[],DEV-CFE66FEEBA,Old City Hyderabad,KYC-IND-AE1FB98C06
ACC-01469,legit,713,active,[],DEV-298EF25277,Anna Salai,KYC-IND-AA37F691C5
ACC-01470,legit,460,active,[],DEV-B826C2B357,OMR Taramani,KYC-IND-181F35AEED
ACC-01471,legit,2,active,[],DEV-3B505271FC,T-Nagar,KYC-IND-7BBA0A50A0
ACC-01472,legit,136,active,[],DEV-17D46802FD,Guindy,KYC-IND-BCFCDCD52B
ACC-01473,legit,1,active,[],DEV-8B84B05691,Park Street,KYC-IND-55EC53215C
ACC-01474,legit,94,frozen,[],DEV-CE9D1DFBAE,Salt Lake Sector V,KYC-IND-4B1B4343E8
ACC-01475,legit,2253,active,[],DEV-13AE696147,New Town Kolkata,KYC-IND-5F07FDC215
ACC-01476,legit,2,active,[],DEV-E1DEB33373,Howrah,KYC-IND-AC70F45CE9
ACC-01477,legit,56,active,[],DEV-1BE918744F,Shivaji Nagar Pune,KYC-IND-BA78310B86
ACC-01478,legit,381,dormant,[],DEV-10C77796D6,Hinjewadi IT Park,KYC-IND-B6105A7B77
ACC-01479,legit,40,active,[],DEV-1E8E754570,Magarpatta Hadapsar,KYC-IND-2B67EE7CC0
ACC-01480,legit,113,dormant,[],DEV-8ACA3C8193,Kothrud,KYC-IND-0A172669CA
ACC-01481,mule_l1,2394,frozen,[],DEV-SHARED-SCN-LAYERING-008,Navrangpura,KYC-RING-SCN-LAYERING-008
ACC-01482,legit,361,frozen,[],DEV-BB326948DA,SG Highway,KYC-IND-F9112E653A
ACC-01483,legit,3,frozen,[],DEV-88E711D7FA,Maninagar,KYC-IND-5F1F08A929
ACC-01484,legit,116,active,[],DEV-59FB953BF2,Gandhinagar Center,KYC-IND-87AAE20615
ACC-01485,mule_l1,111,active,[],DEV-SHARED-SCN-LAYERING-010,MI Road Jaipur,KYC-RING-SCN-LAYERING-010
ACC-01486,legit,3,active,[],DEV-1935001AA5,Malviya Nagar Jaipur,KYC-IND-5246BC3AC9
ACC-01487,legit,217,frozen,[],DEV-FAADBE9CA5,Vaishali Nagar,KYC-IND-8648B28FC5
ACC-01488,legit,342,active,[],DEV-70E813D368,Hazratganj,KYC-IND-52E4AD1B56
ACC-01489,legit,191,active,[],DEV-844D29FEE0,Gomti Nagar Lucknow,KYC-IND-AEFB4EDF8A
ACC-01490,legit,364,active,[],DEV-700F8B65D1,Alambagh,KYC-IND-464A2E5AFA
ACC-01491,legit,46,active,[],DEV-361D4B62E1,Ernakulam Central,KYC-IND-07DAD429AA
ACC-01492,legit,613,frozen,[],DEV-903B64CA3D,Kakkanad InfoPark,KYC-IND-01ABB14C46
ACC-01493,legit,360,dormant,[],DEV-DEE5B3EBC0,Fort Kochi,KYC-IND-1267476B47
ACC-01494,legit,727,active,[],DEV-A52C0614B3,Ring Road Surat,KYC-IND-279F3516BF
ACC-01495,legit,1846,frozen,[],DEV-80F824EAA3,Adajan,KYC-IND-FC1A3E5542
ACC-01496,legit,5,active,[],DEV-40AF6FC057,Vesu Surat,KYC-IND-484FF02D11
ACC-01497,legit,2333,active,[],DEV-4DCAE5CC21,New Delhi Central,KYC-IND-A610AE90EB
ACC-01498,legit,1649,frozen,[],DEV-31F76A31D4,South Delhi,KYC-IND-039F7445BE
ACC-01499,legit,315,active,[],DEV-3373D8AF34,Noida,KYC-IND-A2248C8AB5
ACC-01500,legit,253,dormant,[],DEV-BFE7CA69A8,Gurugram,KYC-IND-3E34D590BA
ACC-01501,legit,2017,dormant,[],DEV-353E7C10DE,South Mumbai,KYC-IND-1502D40385
ACC-01502,legit,93,active,[],DEV-12B1634D86,Bandra BKC,KYC-IND-DBC359B5BD
ACC-01503,legit,27,active,[],DEV-294A94C133,Andheri,KYC-IND-F002DE77D2
ACC-01504,legit,338,active,[],DEV-FD6441F7DE,Navi Mumbai,KYC-IND-56A5D199A1
ACC-01505,legit,13,active,[],DEV-639573C021,Central BLR,KYC-IND-0BAE93AA5A
ACC-01506,legit,1254,active,[],DEV-3BFC1719BD,Koramangala,KYC-IND-E0F402A0B3
ACC-01507,legit,153,active,[],DEV-803F76A3A9,Whitefield,KYC-IND-FCDFE25E42
ACC-01508,legit,96,active,[],DEV-E124725A6D,Electronic City,KYC-IND-E6944A7F49
ACC-01509,legit,1503,active,[],DEV-86CE731A55,Hitec City,KYC-IND-B581E2AD07
ACC-01510,legit,270,dormant,[],DEV-40CA42EC5E,Banjara Hills,KYC-IND-DE3C4FA585
ACC-01511,legit,2362,active,[],DEV-F049E10486,Secunderabad,KYC-IND-1E7565E632
ACC-01512,legit,6,dormant,[],DEV-972FFE27F7,Old City Hyderabad,KYC-IND-8782834993
ACC-01513,legit,280,dormant,[],DEV-7A2C1C733B,Anna Salai,KYC-IND-34FAC72577
ACC-01514,legit,21,active,[],DEV-9960A29835,OMR Taramani,KYC-IND-C490D44E84
ACC-01515,legit,174,frozen,[],DEV-4DD20B3A91,T-Nagar,KYC-IND-303080534E
ACC-01516,legit,81,frozen,[],DEV-0203D6B496,Guindy,KYC-IND-7F92FDEA23
ACC-01517,legit,890,active,[],DEV-1D14C9A245,Park Street,KYC-IND-51EE3ED7EF
ACC-01518,mule_l1,24,dormant,[],DEV-SHARED-SCN-FAN_IN-013,Salt Lake Sector V,KYC-RING-SCN-FAN_IN-013
ACC-01519,legit,182,active,[],DEV-CEB28663A4,New Town Kolkata,KYC-IND-0E1D1459D4
ACC-01520,legit,2316,active,[],DEV-EC9BD4F7BE,Howrah,KYC-IND-7BDBA1C89D
ACC-01521,legit,184,active,[],DEV-39C95E1B2E,Shivaji Nagar Pune,KYC-IND-E90850AC57
ACC-01522,legit,1303,frozen,[],DEV-A461E3AFD6,Hinjewadi IT Park,KYC-IND-3869A90021
ACC-01523,legit,1386,dormant,[],DEV-B5D7DED890,Magarpatta Hadapsar,KYC-IND-108F9EBBD6
ACC-01524,legit,1649,frozen,[],DEV-58C76D8EFC,Kothrud,KYC-IND-2D1CEFA38E
ACC-01525,legit,90,frozen,[],DEV-848BF055D7,Navrangpura,KYC-IND-8D50625C5B
ACC-01526,legit,251,frozen,[],DEV-75D60E19CB,SG Highway,KYC-IND-A266DDFC2B
ACC-01527,legit,1455,active,[],DEV-A884BF2559,Maninagar,KYC-IND-21DE355C6B
ACC-01528,legit,1497,active,[],DEV-6928DAA504,Gandhinagar Center,KYC-IND-2A43EAC513
ACC-01529,legit,2306,active,[],DEV-530E928D77,MI Road Jaipur,KYC-IND-A5A66DF3FD
ACC-01530,legit,6,frozen,[],DEV-BE06C612D7,Malviya Nagar Jaipur,KYC-IND-F3C7ED9657
ACC-01531,legit,154,active,[],DEV-4CB2668BFA,Vaishali Nagar,KYC-IND-2F770E65ED
ACC-01532,legit,289,active,[],DEV-A693F0FCF0,Hazratganj,KYC-IND-6A82059221
ACC-01533,legit,320,frozen,[],DEV-B298E9B1A9,Gomti Nagar Lucknow,KYC-IND-354A42DA58
ACC-01534,legit,1164,frozen,[],DEV-E6E44B820B,Alambagh,KYC-IND-D2A5C90CF4
ACC-01535,legit,207,dormant,[],DEV-344776805A,Ernakulam Central,KYC-IND-CA8FEE6AD7
ACC-01536,legit,1587,active,[],DEV-53DF984640,Kakkanad InfoPark,KYC-IND-F76D2789AC
ACC-01537,mule_l1,29,dormant,[],DEV-ACD9E7BABF,Fort Kochi,KYC-IND-6687CA0BA6
ACC-01538,legit,90,dormant,[],DEV-46BBF42BE2,Ring Road Surat,KYC-IND-0D0969EF9A
ACC-01539,legit,319,dormant,[],DEV-A7768C1F7F,Adajan,KYC-IND-A7659A6EED
ACC-01540,legit,5,dormant,[],DEV-BA801972CD,Vesu Surat,KYC-IND-06C13957EE
ACC-01541,legit,2222,active,[],DEV-E3A9088471,New Delhi Central,KYC-IND-3C7B3D485E
ACC-01542,legit,23,active,[],DEV-E63559C27C,South Delhi,KYC-IND-BBA9E14284
ACC-01543,legit,259,active,[],DEV-A4AED1C9A9,Noida,KYC-IND-65AFC55E69
ACC-01544,legit,1902,frozen,[],DEV-4B56375770,Gurugram,KYC-IND-12B3E4197C
ACC-01545,legit,180,dormant,[],DEV-293B0078A8,South Mumbai,KYC-IND-D8AE54FBAF
ACC-01546,legit,32,active,[],DEV-2809A550B9,Bandra BKC,KYC-IND-C743892EA8
ACC-01547,legit,527,frozen,[],DEV-D2355BAA28,Andheri,KYC-IND-713778211A
ACC-01548,mule_l1,906,dormant,[],DEV-67FD664AD3,Navi Mumbai,KYC-IND-E3AF6C75B3
ACC-01549,legit,3,active,[],DEV-789A37289B,Central BLR,KYC-IND-375852BA52
ACC-01550,aggregator,1328,active,"[""AEPS-AXIS-09-098""]",DEV-B5F36222F4,Koramangala,KYC-IND-0F3B9ED9E3
ACC-01551,legit,1751,active,[],DEV-2CB662EADB,Whitefield,KYC-IND-47E074A15C
ACC-01552,legit,2383,dormant,[],DEV-9511519FCC,Electronic City,KYC-IND-17077CB52A
ACC-01553,legit,343,dormant,[],DEV-D8B230EE29,Hitec City,KYC-IND-476E9824BE
ACC-01554,legit,60,active,[],DEV-7839B9E218,Banjara Hills,KYC-IND-E487C483F1
ACC-01555,legit,14,active,[],DEV-2DF0A7A245,Secunderabad,KYC-IND-69BD3FAA04
ACC-01556,legit,11,frozen,[],DEV-223BA332DF,Old City Hyderabad,KYC-IND-FFAD79333F
ACC-01557,legit,130,dormant,[],DEV-89F6E8E500,Anna Salai,KYC-IND-FCDCB805C1
ACC-01558,legit,134,active,[],DEV-22283EF8B5,OMR Taramani,KYC-IND-7760FD6A8E
ACC-01559,legit,178,active,[],DEV-913FF28C24,T-Nagar,KYC-IND-0C118B1963
ACC-01560,legit,217,active,[],DEV-AB1A9CBCCB,Guindy,KYC-IND-E24A5CE53C
ACC-01561,legit,27,dormant,[],DEV-5F4431E38D,Park Street,KYC-IND-D05BEF21CC
ACC-01562,legit,10,active,[],DEV-BC735D18FE,Salt Lake Sector V,KYC-IND-E705207FE1
ACC-01563,legit,18,active,[],DEV-E6959F3FB7,New Town Kolkata,KYC-IND-7236C1EB20
ACC-01564,legit,203,frozen,[],DEV-C2AE9D0C28,Howrah,KYC-IND-D010476239
ACC-01565,legit,123,active,[],DEV-7ED6C4C0A1,Shivaji Nagar Pune,KYC-IND-FF5F4E98DE
ACC-01566,legit,1518,active,[],DEV-E322BA08EE,Hinjewadi IT Park,KYC-IND-18A4B53FB0
ACC-01567,legit,96,active,[],DEV-F8B2205C3E,Magarpatta Hadapsar,KYC-IND-1D7C7FDB6B
ACC-01568,legit,115,active,[],DEV-9847D5DDA3,Kothrud,KYC-IND-22F1093380
ACC-01569,legit,348,active,[],DEV-0C5E25F2DE,Navrangpura,KYC-IND-5538989019
ACC-01570,legit,348,frozen,[],DEV-7A0E66741A,SG Highway,KYC-IND-D43D0921D9
ACC-01571,legit,72,active,[],DEV-6BD7E60717,Maninagar,KYC-IND-47FBDC39BC
ACC-01572,legit,14,active,[],DEV-B5095FF221,Gandhinagar Center,KYC-IND-2A849BBA47
ACC-01573,legit,167,active,[],DEV-152FAD3B9B,MI Road Jaipur,KYC-IND-1046D6416C
ACC-01574,legit,1844,dormant,[],DEV-46E2239C2C,Malviya Nagar Jaipur,KYC-IND-B305B9B336
ACC-01575,legit,305,active,[],DEV-5454E0DAB4,Vaishali Nagar,KYC-IND-522D5D0D49
ACC-01576,legit,1,active,[],DEV-2DBA1D2AEA,Hazratganj,KYC-IND-DA246BE21A
ACC-01577,legit,1211,dormant,[],DEV-35BB7157B7,Gomti Nagar Lucknow,KYC-IND-5AC6C27514
ACC-01578,legit,182,dormant,[],DEV-9C3180A751,Alambagh,KYC-IND-7A7AAE679D
ACC-01579,legit,99,dormant,[],DEV-3071D935D3,Ernakulam Central,KYC-IND-EBF301013C
ACC-01580,legit,356,active,[],DEV-68CA37F627,Kakkanad InfoPark,KYC-IND-404909F280
ACC-01581,legit,1,active,[],DEV-1025E04F7D,Fort Kochi,KYC-IND-02CD5E11D2
ACC-01582,legit,1489,active,[],DEV-D9C99E4E0A,Ring Road Surat,KYC-IND-6D437DD9FA
ACC-01583,legit,305,active,[],DEV-EDF8B5E198,Adajan,KYC-IND-62CBD1C9EB
ACC-01584,legit,345,active,[],DEV-DD23786527,Vesu Surat,KYC-IND-DCD9C160A6
ACC-01585,legit,1893,active,[],DEV-603881A82B,New Delhi Central,KYC-IND-0BB48D7B85
ACC-01586,legit,167,active,[],DEV-A4F30D6EA2,South Delhi,KYC-IND-A70F804071
ACC-01587,legit,149,dormant,[],DEV-54BC63B3B8,Noida,KYC-IND-624818680D
ACC-01588,mule_l2,1204,active,[],DEV-F31B49BEC2,Gurugram,KYC-IND-DC01E482EE
ACC-01589,legit,490,dormant,[],DEV-2A2A3170A4,South Mumbai,KYC-IND-0CE3DEB62E
ACC-01590,legit,12,active,[],DEV-0A7EEAB481,Bandra BKC,KYC-IND-81D252B5D6
ACC-01591,legit,1484,active,[],DEV-0EEB4AB3B5,Andheri,KYC-IND-A6E1A38DDB
ACC-01592,legit,47,active,[],DEV-34F285E458,Navi Mumbai,KYC-IND-434EDC6517
ACC-01593,legit,208,active,[],DEV-4FD50BF848,Central BLR,KYC-IND-B0BE401336
ACC-01594,legit,253,dormant,[],DEV-2D91BF7F6F,Koramangala,KYC-IND-B4176EB84C
ACC-01595,legit,1,active,[],DEV-5591A00308,Whitefield,KYC-IND-F90762EF5C
ACC-01596,mule_l1,1519,dormant,"[""AEPS-HDFC-41-218""]",DEV-3F508213DE,Electronic City,KYC-RING-HASH-SCN-SHARED_KYC_CLUSTER-038
ACC-01597,legit,358,active,[],DEV-9CAE242EA9,Hitec City,KYC-IND-8E4CBAA4D3
ACC-01598,legit,244,active,[],DEV-F31A79A327,Banjara Hills,KYC-IND-BC2B5A469D
ACC-01599,legit,10,dormant,[],DEV-85DA4A58C4,Secunderabad,KYC-IND-DDDF0A1C87
ACC-01600,legit,1314,active,[],DEV-B5076A84CD,Old City Hyderabad,KYC-IND-D6959D1A42
ACC-01601,legit,6,dormant,[],DEV-B63A5A35C9,Anna Salai,KYC-IND-E8E88800E0
ACC-01602,legit,206,active,[],DEV-BC1AE5924F,OMR Taramani,KYC-IND-E944854364
ACC-01603,legit,179,active,[],DEV-DE1CB338CA,T-Nagar,KYC-IND-1F4B5F0721
ACC-01604,legit,205,dormant,[],DEV-FB035594A0,Guindy,KYC-IND-1DE4062A33
ACC-01605,legit,970,dormant,[],DEV-AF5F574E27,Park Street,KYC-IND-5E5D29BE96
ACC-01606,legit,236,active,[],DEV-79B2AEFDF8,Salt Lake Sector V,KYC-IND-E8FC4E4559
ACC-01607,legit,1729,active,[],DEV-467A82B14C,New Town Kolkata,KYC-IND-D47F83CB27
ACC-01608,mule_l1,291,active,[],DEV-EC4C847798,Howrah,KYC-IND-DE69CCF2CD
ACC-01609,legit,335,active,[],DEV-4E31895952,Shivaji Nagar Pune,KYC-IND-E18AB8FAA6
ACC-01610,legit,96,frozen,[],DEV-C87B8C28E5,Hinjewadi IT Park,KYC-IND-56428C0C25
ACC-01611,legit,1209,dormant,[],DEV-104BA8634C,Magarpatta Hadapsar,KYC-IND-795276CBE2
ACC-01612,legit,72,frozen,[],DEV-1AE71CF380,Kothrud,KYC-IND-5DB619C099
ACC-01613,legit,309,active,[],DEV-E581932824,Navrangpura,KYC-IND-18D0EBCDAF
ACC-01614,legit,99,active,[],DEV-034E86EA80,SG Highway,KYC-IND-C8DE95EC1D
ACC-01615,mule_l1,2369,active,"[""ATM-PAYTM-29-426""]",DEV-FINGERPRINT-RING-SCN-SHARED_DEVICE-034,Maninagar,KYC-IND-87063AED78
ACC-01616,legit,1895,frozen,[],DEV-C6B92EECCD,Gandhinagar Center,KYC-IND-90BEE20945
ACC-01617,legit,216,active,[],DEV-88B776D672,MI Road Jaipur,KYC-IND-014EA273D6
ACC-01618,legit,801,active,[],DEV-4756EEE3EB,Malviya Nagar Jaipur,KYC-IND-1E59C2AACA
ACC-01619,legit,111,active,[],DEV-147639889C,Vaishali Nagar,KYC-IND-9A860808B7
ACC-01620,legit,807,dormant,[],DEV-B7F48B3360,Hazratganj,KYC-IND-D5E80AE6CB
ACC-01621,legit,5,active,[],DEV-9CB256C372,Gomti Nagar Lucknow,KYC-IND-DDF5208D10
ACC-01622,legit,122,frozen,[],DEV-7B68D8AD4D,Alambagh,KYC-IND-61D57A0378
ACC-01623,legit,1148,active,[],DEV-6A795E79E4,Ernakulam Central,KYC-IND-A171621FB7
ACC-01624,legit,121,active,[],DEV-F8E4BE4BC1,Kakkanad InfoPark,KYC-IND-FDC799477F
ACC-01625,legit,49,active,[],DEV-8C8A9D378C,Fort Kochi,KYC-IND-C7595B17F4
ACC-01626,legit,6,dormant,[],DEV-67196F96EE,Ring Road Surat,KYC-IND-5DB619C099
ACC-01627,aggregator,190,dormant,"[""AEPS-FINO-42-307""]",DEV-B0C26E3B47,Adajan,KYC-IND-680D5CA453
ACC-01628,victim,332,frozen,[],DEV-525BA37A46,Vesu Surat,KYC-IND-AFEF91B99E
ACC-01629,legit,318,active,[],DEV-44359C0B08,New Delhi Central,KYC-IND-D2FF1AA917
ACC-01630,legit,2413,active,[],DEV-6962FA9D0C,South Delhi,KYC-IND-15F38C7A8A
ACC-01631,legit,257,dormant,[],DEV-98B47824B0,Noida,KYC-IND-6AFD69A928
ACC-01632,legit,2097,frozen,[],DEV-64C9873A8E,Gurugram,KYC-IND-7A25A37383
ACC-01633,legit,365,dormant,[],DEV-E790F2D937,South Mumbai,KYC-IND-12A734F293
ACC-01634,legit,264,active,[],DEV-013D87A477,Bandra BKC,KYC-IND-BADEE5CD65
ACC-01635,legit,57,active,[],DEV-D4AC9E9049,Andheri,KYC-IND-BA67D1B4B0
ACC-01636,legit,751,dormant,[],DEV-4D957F5DA4,Navi Mumbai,KYC-IND-D0F48F1D36
ACC-01637,legit,324,dormant,[],DEV-C39D850D24,Central BLR,KYC-IND-10F4E04344
ACC-01638,legit,246,active,[],DEV-70F3CC74EB,Koramangala,KYC-IND-A1351A892C
ACC-01639,legit,11,active,[],DEV-8276B83B50,Whitefield,KYC-IND-AB83BD6B3A
ACC-01640,legit,29,frozen,[],DEV-CC34EABB30,Electronic City,KYC-IND-149499A502
ACC-01641,legit,252,active,[],DEV-9403D8C128,Hitec City,KYC-IND-269FFCFAFF
ACC-01642,legit,289,active,[],DEV-29C1DA3CE5,Banjara Hills,KYC-IND-8EC6830F1C
ACC-01643,legit,9,dormant,[],DEV-00755682FC,Secunderabad,KYC-IND-66C320E43A
ACC-01644,legit,98,active,[],DEV-D890CDB582,Old City Hyderabad,KYC-IND-09CC1883CA
ACC-01645,legit,71,active,[],DEV-E6EB2E7807,Anna Salai,KYC-IND-766821C513
ACC-01646,legit,8,dormant,[],DEV-E81165B2AD,OMR Taramani,KYC-IND-1B7EF89608
ACC-01647,legit,349,active,[],DEV-BAD5D063B6,T-Nagar,KYC-IND-653C9440BB
ACC-01648,legit,3,active,[],DEV-3E228F2F64,Guindy,KYC-IND-EF19FA0F73
ACC-01649,legit,267,active,[],DEV-555C1E4531,Park Street,KYC-IND-8889D04C60
ACC-01650,legit,841,active,[],DEV-6E885A577B,Salt Lake Sector V,KYC-IND-B8FFA9F8F1
ACC-01651,legit,324,frozen,[],DEV-C7525D2A73,New Town Kolkata,KYC-IND-D05BF38459
ACC-01652,legit,235,active,[],DEV-FEB8B878C1,Howrah,KYC-IND-B0AA2D288C
ACC-01653,legit,1874,frozen,[],DEV-BF2CA3F1E1,Shivaji Nagar Pune,KYC-IND-DBD61D98DB
ACC-01654,legit,157,dormant,[],DEV-8844CB0C5E,Hinjewadi IT Park,KYC-IND-74E192823E
ACC-01655,legit,48,active,[],DEV-02239EC3D3,Magarpatta Hadapsar,KYC-IND-51918633DD
ACC-01656,legit,1830,dormant,[],DEV-C6D4C17C2B,Kothrud,KYC-IND-D69E983FB2
ACC-01657,legit,929,active,[],DEV-DC1AD6B2BA,Navrangpura,KYC-IND-5D667FD7CD
ACC-01658,aggregator,3,active,[],DEV-44BB9382B5,SG Highway,KYC-IND-A358A62621
ACC-01659,legit,1895,frozen,[],DEV-9A109D6F59,Maninagar,KYC-IND-B88D0B22DC
ACC-01660,legit,13,active,[],DEV-2E5FE52F61,Gandhinagar Center,KYC-IND-22BC741AB4
ACC-01661,legit,1,active,[],DEV-F8ACFF43AC,MI Road Jaipur,KYC-IND-CF857F0A6A
ACC-01662,legit,215,active,[],DEV-FCF9AEC9CA,Malviya Nagar Jaipur,KYC-IND-96A3BD7311
ACC-01663,legit,21,active,[],DEV-9F8EBFF676,Vaishali Nagar,KYC-IND-BDA185C83D
ACC-01664,legit,286,active,[],DEV-6A06DBA9F4,Hazratganj,KYC-IND-54E1760779
ACC-01665,legit,1674,active,[],DEV-F1FD99D762,Gomti Nagar Lucknow,KYC-IND-2FD2EA47BC
ACC-01666,legit,1138,dormant,[],DEV-3284AA9750,Alambagh,KYC-IND-EF19FA0F73
ACC-01667,legit,103,dormant,[],DEV-80E788C0BA,Ernakulam Central,KYC-IND-AA0355CACF
ACC-01668,legit,51,active,[],DEV-22C489A0BD,Kakkanad InfoPark,KYC-IND-B02016E647
ACC-01669,legit,961,active,[],DEV-1E81AAAE47,Fort Kochi,KYC-IND-9444983258
ACC-01670,legit,663,frozen,[],DEV-395E17D1C5,Ring Road Surat,KYC-IND-0D258A8AF6
ACC-01671,legit,226,active,[],DEV-50662A41D7,Adajan,KYC-IND-89B6A0BC48
ACC-01672,legit,2030,active,[],DEV-E288FB0F53,Vesu Surat,KYC-IND-4E7BCEE884
ACC-01673,legit,6,dormant,[],DEV-BEF760061A,New Delhi Central,KYC-IND-C341EA1687
ACC-01674,legit,206,dormant,[],DEV-0EC745E1C1,South Delhi,KYC-IND-A222688446
ACC-01675,legit,1286,active,[],DEV-9D959FE494,Noida,KYC-IND-5F624E07F3
ACC-01676,legit,2453,dormant,[],DEV-04AF9B51B9,Gurugram,KYC-IND-DECD874F55
ACC-01677,legit,1010,active,[],DEV-2290419A65,South Mumbai,KYC-IND-DA42A65906
ACC-01678,legit,53,dormant,[],DEV-E472F6989D,Bandra BKC,KYC-IND-62D269CAC5
ACC-01679,legit,302,active,[],DEV-5E5E189652,Andheri,KYC-IND-8BDC03AAC7
ACC-01680,legit,529,active,[],DEV-012340C8AB,Navi Mumbai,KYC-IND-7BAF2F50F1
ACC-01681,legit,347,active,[],DEV-D312FFBA95,Central BLR,KYC-IND-A9080A6E94
ACC-01682,legit,182,active,[],DEV-7C2FAE3725,Koramangala,KYC-IND-B243D263B1
ACC-01683,legit,264,dormant,[],DEV-213F09C5D6,Whitefield,KYC-IND-02667B6A57
ACC-01684,legit,928,dormant,[],DEV-47E40478BB,Electronic City,KYC-IND-EE9AD63BA7
ACC-01685,legit,190,frozen,[],DEV-48C5763282,Hitec City,KYC-IND-FDCAC1D8E7
ACC-01686,legit,143,active,[],DEV-3370C33F46,Banjara Hills,KYC-IND-951A068A3F
ACC-01687,legit,2469,active,[],DEV-8D5005A57A,Secunderabad,KYC-IND-23838F5F29
ACC-01688,legit,1346,frozen,[],DEV-50E28A91F1,Old City Hyderabad,KYC-IND-368909CA1C
ACC-01689,legit,1151,active,[],DEV-068AA1C78F,Anna Salai,KYC-IND-1CBE38F509
ACC-01690,legit,150,frozen,[],DEV-6C7BEFE148,OMR Taramani,KYC-IND-95FC0E85E7
ACC-01691,legit,328,active,[],DEV-508ABDAA2B,T-Nagar,KYC-IND-4680C60CAD
ACC-01692,legit,112,active,[],DEV-F9502A9B41,Guindy,KYC-IND-8D01585268
ACC-01693,legit,119,dormant,[],DEV-81A2E1ECBB,Park Street,KYC-IND-7EFDFA27F3
ACC-01694,legit,164,active,[],DEV-82A7DEB960,Salt Lake Sector V,KYC-IND-543AD6AB00
ACC-01695,legit,1747,active,[],DEV-CA8F685AD1,New Town Kolkata,KYC-IND-50112D929C
ACC-01696,legit,1901,active,[],DEV-DE005E7E50,Howrah,KYC-IND-2F2FEE2FE8
ACC-01697,legit,2246,frozen,[],DEV-DBAF111966,Shivaji Nagar Pune,KYC-IND-A6783C6386
ACC-01698,legit,51,active,[],DEV-A8850478CB,Hinjewadi IT Park,KYC-IND-1EB90B86F9
ACC-01699,legit,296,dormant,[],DEV-2180C29100,Magarpatta Hadapsar,KYC-IND-8B87692AD1
ACC-01700,legit,145,dormant,[],DEV-C85FB3C99C,Kothrud,KYC-IND-D1BA7D3B90
ACC-01701,legit,1500,frozen,[],DEV-9F39671CDE,Navrangpura,KYC-IND-92A2ED8520
ACC-01702,legit,41,dormant,[],DEV-B744949CC5,SG Highway,KYC-IND-54C89352A2
ACC-01703,legit,70,dormant,[],DEV-3A4CF8795D,Maninagar,KYC-IND-EC13F10ECF
ACC-01704,legit,86,active,[],DEV-4593D07229,Gandhinagar Center,KYC-IND-023693B4D5
ACC-01705,legit,589,active,[],DEV-BAA49B1C7B,MI Road Jaipur,KYC-IND-639CCA81A4
ACC-01706,legit,295,frozen,[],DEV-0C518916D7,Malviya Nagar Jaipur,KYC-IND-FB1731A69F
ACC-01707,legit,2099,active,[],DEV-F0A3D0C3FA,Vaishali Nagar,KYC-IND-29F42B2442
ACC-01708,legit,45,active,[],DEV-536249D84F,Hazratganj,KYC-IND-3A0B83757C
ACC-01709,legit,1501,active,[],DEV-1E0D1155AA,Gomti Nagar Lucknow,KYC-IND-47BCD733B8
ACC-01710,legit,331,frozen,[],DEV-588DEA4BBE,Alambagh,KYC-IND-9DAB68F389
ACC-01711,legit,297,active,[],DEV-0EF813BB6D,Ernakulam Central,KYC-IND-9F78CF23B4
ACC-01712,legit,298,frozen,[],DEV-983085BE85,Kakkanad InfoPark,KYC-IND-E84958B4C9
ACC-01713,legit,211,active,[],DEV-9053FF3404,Fort Kochi,KYC-IND-F73F726956
ACC-01714,legit,3,active,[],DEV-BA272626AF,Ring Road Surat,KYC-IND-A8C763813B
ACC-01715,legit,153,dormant,[],DEV-DD544764EE,Adajan,KYC-IND-70ED25C815
ACC-01716,legit,223,active,[],DEV-08156AE5F0,Vesu Surat,KYC-IND-6D39D69BD1
ACC-01717,legit,103,active,[],DEV-453B033EFA,New Delhi Central,KYC-IND-99E0CAD034
ACC-01718,legit,11,active,[],DEV-72E5C07807,South Delhi,KYC-IND-984A2C74EB
ACC-01719,legit,1949,dormant,[],DEV-05F1E05F4E,Noida,KYC-IND-DED7533FC8
ACC-01720,legit,2,dormant,[],DEV-4253128F4A,Gurugram,KYC-IND-B604C7C509
ACC-01721,legit,211,frozen,[],DEV-4709C57524,South Mumbai,KYC-IND-08B854F834
ACC-01722,mule_l1,13,active,[],DEV-SHARED-SCN-FAN_IN-016,Bandra BKC,KYC-RING-SCN-FAN_IN-016
ACC-01723,legit,238,frozen,[],DEV-6C60DF6880,Andheri,KYC-IND-0B4A466C1E
ACC-01724,legit,9,frozen,[],DEV-4A3F1BDA6E,Navi Mumbai,KYC-IND-BADEE5CD65
ACC-01725,legit,120,active,[],DEV-1FE7B4DF85,Central BLR,KYC-IND-685FDB6C6E
ACC-01726,legit,14,dormant,[],DEV-7E64BE6B9D,Koramangala,KYC-IND-32DBCEC818
ACC-01727,legit,126,active,[],DEV-326A81A8FB,Whitefield,KYC-IND-E476847EB5
ACC-01728,legit,163,active,[],DEV-8D8852370B,Electronic City,KYC-IND-CCD5AB3F80
ACC-01729,legit,465,frozen,[],DEV-E6F8F7706B,Hitec City,KYC-IND-46DC463973
ACC-01730,mule_l1,246,active,[],DEV-SHARED-SCN-LAYERING-006,Banjara Hills,KYC-RING-SCN-LAYERING-006
ACC-01731,legit,210,active,[],DEV-2260BE1BA0,Secunderabad,KYC-IND-FF5A43B5D8
ACC-01732,legit,2103,active,[],DEV-0AB7D09D3A,Old City Hyderabad,KYC-IND-B6DF579841
ACC-01733,legit,152,active,[],DEV-FF6200A3A1,Anna Salai,KYC-IND-94E9996DFF
ACC-01734,legit,95,active,[],DEV-4F11F8A280,OMR Taramani,KYC-IND-514E9D9D89
ACC-01735,legit,279,frozen,[],DEV-596A081622,T-Nagar,KYC-IND-1670FC68ED
ACC-01736,legit,33,dormant,[],DEV-E4EF5BC8E1,Guindy,KYC-IND-ABD21FC847
ACC-01737,legit,734,active,[],DEV-B0BD17C1BB,Park Street,KYC-IND-327FE3479F
ACC-01738,legit,40,active,[],DEV-C5454B5FA3,Salt Lake Sector V,KYC-IND-FF52750FD7
ACC-01739,legit,2221,active,[],DEV-B591FA79E8,New Town Kolkata,KYC-IND-766BD23073
ACC-01740,mule_l1,1506,active,"[""AEPS-JIO-03-004""]",DEV-FINGERPRINT-RING-SCN-SHARED_DEVICE-032,Howrah,KYC-IND-E3D6E52A54
ACC-01741,legit,281,active,[],DEV-FA6DACC982,Shivaji Nagar Pune,KYC-IND-4BDEAA3B2D
ACC-01742,legit,1,frozen,[],DEV-FD64C3B143,Hinjewadi IT Park,KYC-IND-C0FED1A158
ACC-01743,legit,1086,active,[],DEV-9185F507EF,Magarpatta Hadapsar,KYC-IND-D3580F2B60
ACC-01744,legit,1053,active,[],DEV-74E9121BE0,Kothrud,KYC-IND-C17440EFA4
ACC-01745,legit,681,active,[],DEV-782280ADEB,Navrangpura,KYC-IND-7D137FF118
ACC-01746,legit,106,frozen,[],DEV-F8F9C17B11,SG Highway,KYC-IND-7A910FCD4B
ACC-01747,legit,203,active,[],DEV-838CF51E8D,Maninagar,KYC-IND-B0B1B1E60A
ACC-01748,legit,1372,active,[],DEV-6B8478287B,Gandhinagar Center,KYC-IND-23FEAFA3CB
ACC-01749,legit,154,frozen,[],DEV-CF2A47A476,MI Road Jaipur,KYC-IND-1CAB9D2C76
ACC-01750,legit,44,dormant,[],DEV-AE69706A78,Malviya Nagar Jaipur,KYC-IND-C2CFE44371
ACC-01751,legit,3,active,[],DEV-227FA69839,Vaishali Nagar,KYC-IND-462590361B
ACC-01752,legit,203,frozen,[],DEV-28F8EDE24E,Hazratganj,KYC-IND-A49E1B34CF
ACC-01753,legit,247,active,[],DEV-03A57ED889,Gomti Nagar Lucknow,KYC-IND-BE47329B51
ACC-01754,legit,1029,frozen,[],DEV-4D0346ADF2,Alambagh,KYC-IND-553AEC9904
ACC-01755,mule_l1,7,active,[],DEV-D4D10AFCBE,Ernakulam Central,KYC-IND-EFC2FA2935
ACC-01756,legit,265,dormant,[],DEV-ED2F177980,Kakkanad InfoPark,KYC-IND-3A37BACE7D
ACC-01757,legit,2277,frozen,[],DEV-16CF4F7AAB,Fort Kochi,KYC-IND-56EAC40ABE
ACC-01758,legit,222,active,[],DEV-FD13E1B28C,Ring Road Surat,KYC-IND-E44A9BF3A2
ACC-01759,legit,272,dormant,[],DEV-721CD3DE00,Adajan,KYC-IND-6BF382F9A8
ACC-01760,legit,2,frozen,[],DEV-B3768B6BE5,Vesu Surat,KYC-IND-BC9CC36326
ACC-01761,legit,839,frozen,[],DEV-EFB22762C6,New Delhi Central,KYC-IND-D45B7715BD
ACC-01762,legit,168,active,[],DEV-D99497832D,South Delhi,KYC-IND-B93898EB9F
ACC-01763,legit,23,active,[],DEV-35A5E52F2A,Noida,KYC-IND-629B486059
ACC-01764,legit,90,dormant,[],DEV-FF1A5200E6,Gurugram,KYC-IND-6B131B6E8F
ACC-01765,legit,938,active,[],DEV-3F6945CAC8,South Mumbai,KYC-IND-3AF4CF5A80
ACC-01766,legit,131,dormant,[],DEV-77270CB41C,Bandra BKC,KYC-IND-12B1A8F21A
ACC-01767,legit,253,active,[],DEV-84BB320A6F,Andheri,KYC-IND-65758AFAC6
ACC-01768,mule_l1,227,active,[],DEV-SHARED-SCN-FAN_IN-012,Navi Mumbai,KYC-RING-SCN-FAN_IN-012
ACC-01769,legit,342,active,[],DEV-5DFF4BD455,Central BLR,KYC-IND-F8A3CD7843
ACC-01770,legit,8,dormant,[],DEV-1448BD3D79,Koramangala,KYC-IND-233CF6D7A3
ACC-01771,legit,685,frozen,[],DEV-C7A405CDE4,Whitefield,KYC-IND-B75C584547
ACC-01772,legit,2320,active,[],DEV-0DBD1D893F,Electronic City,KYC-IND-0BAB7223B1
ACC-01773,legit,2329,active,[],DEV-33708B8BAE,Hitec City,KYC-IND-B9EC83C7D1
ACC-01774,legit,274,active,[],DEV-2C0D54E289,Banjara Hills,KYC-IND-E3663A38F9
ACC-01775,legit,12,frozen,[],DEV-F274E290DC,Secunderabad,KYC-IND-5F91AD193F
ACC-01776,legit,4,frozen,[],DEV-7F2A54BC64,Old City Hyderabad,KYC-IND-1A368F242B
ACC-01777,legit,186,frozen,[],DEV-B2A779F940,Anna Salai,KYC-IND-EA3705D3C0
ACC-01778,victim,160,active,[],DEV-1A8AD0BEA0,OMR Taramani,KYC-IND-CECB51AB6B
ACC-01779,legit,78,dormant,[],DEV-9DF7FE9A0D,T-Nagar,KYC-IND-60329EDF9D
ACC-01780,legit,278,active,[],DEV-E744F1BCB3,Guindy,KYC-IND-BD92FEA9D2
ACC-01781,legit,304,frozen,[],DEV-55857C3B99,Park Street,KYC-IND-8CE6A1A75A
ACC-01782,legit,1913,active,[],DEV-E327DE7454,Salt Lake Sector V,KYC-IND-5E533A980F
ACC-01783,legit,340,active,[],DEV-0B74908257,New Town Kolkata,KYC-IND-02AC66614E
ACC-01784,victim,1170,active,[],DEV-C5FDBF4345,Howrah,KYC-IND-51F7D1F200
ACC-01785,legit,127,active,[],DEV-1A65061E13,Shivaji Nagar Pune,KYC-IND-9FB5672427
ACC-01786,legit,3,active,[],DEV-8A36379EC5,Hinjewadi IT Park,KYC-IND-ABD21FC847
ACC-01787,legit,92,dormant,[],DEV-136CC18683,Magarpatta Hadapsar,KYC-IND-1CA2C063F7
ACC-01788,legit,122,active,[],DEV-334D8CD7A8,Kothrud,KYC-IND-719692E8CA
ACC-01789,legit,34,active,[],DEV-323BCC8E08,Navrangpura,KYC-IND-19E5825883
ACC-01790,legit,1263,dormant,[],DEV-3C12242977,SG Highway,KYC-IND-66B7FE320A
ACC-01791,legit,359,dormant,[],DEV-2CA11A6D15,Maninagar,KYC-IND-A3776BDA0D
ACC-01792,legit,190,frozen,[],DEV-3AD8DFD9FD,Gandhinagar Center,KYC-IND-62139276BA
ACC-01793,mule_l1,255,active,"[""AEPS-SBI-21-330""]",DEV-0E13E2EE9A,MI Road Jaipur,KYC-IND-E7063A5C80
ACC-01794,mule_l2,184,active,"[""ATM-JIO-29-470""]",DEV-SHARED-SCN-FAN_IN_FAN_OUT-023,Malviya Nagar Jaipur,KYC-IND-FBF99731AC
ACC-01795,legit,316,frozen,[],DEV-7349A0C6C4,Vaishali Nagar,KYC-IND-1AC9AA78AF
ACC-01796,legit,1370,active,[],DEV-47CD04EF5B,Hazratganj,KYC-IND-7CB53DF8D7
ACC-01797,mule_l1,154,active,[],DEV-SHARED-SCN-FAN_IN-016,Gomti Nagar Lucknow,KYC-RING-SCN-FAN_IN-016
ACC-01798,legit,222,active,[],DEV-DA69199FFC,Alambagh,KYC-IND-5233426B24
ACC-01799,victim,146,active,[],DEV-59B8E03151,Ernakulam Central,KYC-IND-3CAD8F3021
ACC-01800,legit,127,active,[],DEV-16308470C5,Kakkanad InfoPark,KYC-IND-A013D7301F
ACC-01801,legit,65,frozen,[],DEV-30D0E2018B,Fort Kochi,KYC-IND-199809F33E
ACC-01802,legit,219,dormant,[],DEV-629B6286B7,Ring Road Surat,KYC-IND-A574A9EA9D
ACC-01803,legit,139,active,[],DEV-E2B125C09F,Adajan,KYC-IND-272F489AB6
ACC-01804,legit,637,active,[],DEV-7D48B42195,Vesu Surat,KYC-IND-33249FA883
ACC-01805,legit,7,dormant,[],DEV-28538186BE,New Delhi Central,KYC-IND-51918633DD
ACC-01806,legit,30,active,[],DEV-A0387347FB,South Delhi,KYC-IND-49983C40B0
ACC-01807,legit,4,dormant,[],DEV-02203E72B0,Noida,KYC-IND-EFDFD4C086
ACC-01808,legit,217,frozen,[],DEV-B19CC17358,Gurugram,KYC-IND-AF1C92C871
ACC-01809,legit,135,active,[],DEV-D679D3023C,South Mumbai,KYC-IND-CFA0030665
ACC-01810,legit,1742,active,[],DEV-56633522DC,Bandra BKC,KYC-IND-C7C77E3680
ACC-01811,legit,57,active,[],DEV-7D3CC97E6A,Andheri,KYC-IND-9FAE813CA5
ACC-01812,victim,400,active,[],DEV-583BE3CD4D,Navi Mumbai,KYC-IND-3F38EE577B
ACC-01813,legit,62,active,[],DEV-65BAE2CF94,Central BLR,KYC-IND-494A121A97
ACC-01814,legit,3,active,[],DEV-1898733D56,Koramangala,KYC-IND-BC0E8B9785
ACC-01815,legit,1868,active,[],DEV-8C19490B0D,Whitefield,KYC-IND-CD5A6FA39B
ACC-01816,legit,3,active,[],DEV-C624F31361,Electronic City,KYC-IND-F796D2F4A7
ACC-01817,legit,10,active,[],DEV-660E7037F4,Hitec City,KYC-IND-8D76A08C7A
ACC-01818,legit,113,active,[],DEV-8D732129FC,Banjara Hills,KYC-IND-4CAC2E6D89
ACC-01819,legit,2374,active,[],DEV-FC1EC82F23,Secunderabad,KYC-IND-4442757A84
ACC-01820,legit,284,active,[],DEV-4B14A4EFDB,Old City Hyderabad,KYC-IND-462F6E20B6
ACC-01821,legit,48,dormant,[],DEV-FBC454BC76,Anna Salai,KYC-IND-8DBD0BF73B
ACC-01822,legit,344,frozen,[],DEV-A00BEECB9B,OMR Taramani,KYC-IND-B02016E647
ACC-01823,legit,160,active,[],DEV-F28D0D9035,T-Nagar,KYC-IND-F9BD53F670
ACC-01824,legit,98,dormant,[],DEV-DB591B5FFD,Guindy,KYC-IND-21E307747A
ACC-01825,legit,275,active,[],DEV-CA6F1B7C1D,Park Street,KYC-IND-9D00B7D63D
ACC-01826,legit,2008,dormant,[],DEV-F335C325BB,Salt Lake Sector V,KYC-IND-702370A24B
ACC-01827,legit,173,active,[],DEV-99D454DC70,New Town Kolkata,KYC-IND-6DEFCDC4F5
ACC-01828,mule_l1,94,active,"[""ATM-ICICI-23-288""]",DEV-CB22921794,Howrah,KYC-RING-HASH-SCN-SHARED_KYC_CLUSTER-036
ACC-01829,legit,75,active,[],DEV-5596AFD5FF,Shivaji Nagar Pune,KYC-IND-E86ADE1AA6
ACC-01830,legit,91,active,[],DEV-F45E67F275,Hinjewadi IT Park,KYC-IND-4BD45EF471
ACC-01831,legit,178,frozen,[],DEV-F2B57EDD7E,Magarpatta Hadapsar,KYC-IND-CA43C4963E
ACC-01832,legit,224,active,[],DEV-9C737617E7,Kothrud,KYC-IND-E43360159E
ACC-01833,legit,358,frozen,[],DEV-60D8030D06,Navrangpura,KYC-IND-F49C53EF25
ACC-01834,legit,122,dormant,[],DEV-995F48DA22,SG Highway,KYC-IND-FEE7E994E7
ACC-01835,legit,215,active,[],DEV-B17DEBE52C,Maninagar,KYC-IND-82D192FFBB
ACC-01836,legit,14,active,[],DEV-72F5E10629,Gandhinagar Center,KYC-IND-D88A185631
ACC-01837,legit,2264,dormant,[],DEV-3578A6A53F,MI Road Jaipur,KYC-IND-7496BFFFB9
ACC-01838,legit,2207,active,[],DEV-780EC00DED,Malviya Nagar Jaipur,KYC-IND-8DB97EF181
ACC-01839,legit,2095,active,[],DEV-30FF02F3B9,Vaishali Nagar,KYC-IND-90E0F2998B
ACC-01840,legit,1119,active,[],DEV-37FEED6373,Hazratganj,KYC-IND-61093FEEBE
ACC-01841,legit,143,dormant,[],DEV-FF4D77C261,Gomti Nagar Lucknow,KYC-IND-7841E8CB26
ACC-01842,legit,1736,active,[],DEV-6304487FFA,Alambagh,KYC-IND-7E068ABC4D
ACC-01843,legit,277,frozen,[],DEV-2763E96C2D,Ernakulam Central,KYC-IND-F0E8C1CE4B
ACC-01844,legit,118,active,[],DEV-8FCC74A2BE,Kakkanad InfoPark,KYC-IND-1A5A335603
ACC-01845,legit,1843,active,[],DEV-457B5F2A4A,Fort Kochi,KYC-IND-D7A7C4A140
ACC-01846,legit,16,active,[],DEV-645C4FCCF2,Ring Road Surat,KYC-IND-A267E232A9
ACC-01847,legit,2418,active,[],DEV-234320B860,Adajan,KYC-IND-909B1109F9
ACC-01848,legit,352,frozen,[],DEV-2A94FFCF8C,Vesu Surat,KYC-IND-AA6DDBC443
ACC-01849,aggregator,285,frozen,"[""ATM-ICICI-00-353""]",DEV-3932630C87,New Delhi Central,KYC-IND-2630612985
ACC-01850,legit,237,active,[],DEV-CE7362A975,South Delhi,KYC-IND-CF75728C5F
ACC-01851,legit,1554,frozen,[],DEV-5EE2EF37E0,Noida,KYC-IND-EF8926B709
ACC-01852,legit,160,active,[],DEV-9BAB3312C5,Gurugram,KYC-IND-A72347A3CD
ACC-01853,legit,47,dormant,[],DEV-E7A5133114,South Mumbai,KYC-IND-3BCB87828E
ACC-01854,legit,252,frozen,[],DEV-E63B888E89,Bandra BKC,KYC-IND-97730C753B
ACC-01855,legit,1278,dormant,[],DEV-FFEE003C93,Andheri,KYC-IND-6E536CDCA7
ACC-01856,legit,524,active,[],DEV-09B40A3728,Navi Mumbai,KYC-IND-AAF4AEBC03
ACC-01857,legit,217,active,[],DEV-69DF3A9F57,Central BLR,KYC-IND-C44CD70381
ACC-01858,legit,128,dormant,[],DEV-F733553693,Koramangala,KYC-IND-3C1078E677
ACC-01859,legit,1,active,[],DEV-8EA3662903,Whitefield,KYC-IND-A615946E28
ACC-01860,legit,294,dormant,[],DEV-D2833C11D8,Electronic City,KYC-IND-18E52D45C8
ACC-01861,legit,1620,frozen,[],DEV-C6C89E7CD7,Hitec City,KYC-IND-1670AFF5A1
ACC-01862,legit,312,active,[],DEV-B806C72D4B,Banjara Hills,KYC-IND-F9112E653A
ACC-01863,legit,74,active,[],DEV-5E4AA81B09,Secunderabad,KYC-IND-B276606069
ACC-01864,mule_l2,183,active,"[""ATM-SBI-15-236""]",DEV-SHARED-SCN-FAN_IN_FAN_OUT-025,Old City Hyderabad,KYC-IND-0A800918EF
ACC-01865,legit,365,dormant,[],DEV-87DF6CF3E6,Anna Salai,KYC-IND-D1EE26537F
ACC-01866,legit,260,active,[],DEV-422AD01C44,OMR Taramani,KYC-IND-B5DB1BC203
ACC-01867,legit,1423,active,[],DEV-D6AF7F213E,T-Nagar,KYC-IND-C490D44E84
ACC-01868,legit,227,active,[],DEV-99AE9EA73A,Guindy,KYC-IND-1DE998A695
ACC-01869,legit,98,active,[],DEV-20ECC46457,Park Street,KYC-IND-14ACD78954
ACC-01870,legit,1633,frozen,[],DEV-AAB3BDEEE1,Salt Lake Sector V,KYC-IND-2E04A7A3AA
ACC-01871,legit,54,active,[],DEV-CB079DE33E,New Town Kolkata,KYC-IND-43F10F24A6
ACC-01872,legit,379,active,[],DEV-0B6F6BFE11,Howrah,KYC-IND-40FD3A9224
ACC-01873,legit,1472,active,[],DEV-37D7E07D7E,Shivaji Nagar Pune,KYC-IND-69EBF5892F
ACC-01874,legit,77,frozen,[],DEV-B5B6FB779C,Hinjewadi IT Park,KYC-IND-5036336808
ACC-01875,legit,2271,frozen,[],DEV-2690172E9E,Magarpatta Hadapsar,KYC-IND-D142C5A232
ACC-01876,legit,157,active,[],DEV-612E151DF3,Kothrud,KYC-IND-113A88944F
ACC-01877,legit,3,dormant,[],DEV-5E3D3E3D01,Navrangpura,KYC-IND-1741313837
ACC-01878,legit,143,active,[],DEV-C5A30D010F,SG Highway,KYC-IND-354017552E
ACC-01879,legit,59,active,[],DEV-AE3A6D9D02,Maninagar,KYC-IND-A2FFF9FB86
ACC-01880,legit,282,frozen,[],DEV-C4D7FBF43D,Gandhinagar Center,KYC-IND-C8815008D4
ACC-01881,legit,1805,active,[],DEV-FDCEDB0FA6,MI Road Jaipur,KYC-IND-476E9824BE
ACC-01882,legit,236,active,[],DEV-44A6181A78,Malviya Nagar Jaipur,KYC-IND-4CC32CC12E
ACC-01883,legit,2014,active,[],DEV-5A8236A87C,Vaishali Nagar,KYC-IND-046B2F3D32
ACC-01884,legit,262,frozen,[],DEV-1EAEA59DDE,Hazratganj,KYC-IND-5A87783333
ACC-01885,legit,12,active,[],DEV-B7AD61AD3A,Gomti Nagar Lucknow,KYC-IND-E1ADF3DD56
ACC-01886,legit,2390,frozen,"[""AEPS-PAYTM-37-126""]",DEV-E82608FBF6,Alambagh,KYC-IND-08B10E2D44
ACC-01887,legit,343,active,[],DEV-543D18C0A3,Ernakulam Central,KYC-IND-54A99355BD
ACC-01888,legit,8,active,[],DEV-4A698AFB6E,Kakkanad InfoPark,KYC-IND-375852BA52
ACC-01889,legit,355,active,[],DEV-5698538418,Fort Kochi,KYC-IND-572D9EA21D
ACC-01890,legit,18,active,[],DEV-0B9144D7D3,Ring Road Surat,KYC-IND-0D3FF6720C
ACC-01891,legit,14,active,[],DEV-3D9DE8C9EA,Adajan,KYC-IND-6BCEF17138
ACC-01892,legit,74,frozen,[],DEV-3C09309A16,Vesu Surat,KYC-IND-1CB5F19788
ACC-01893,mule_l1,297,active,"[""ATM-SBI-28-425"", ""ATM-JIO-20-241""]",DEV-5206B8E8B0,New Delhi Central,KYC-IND-D5F407C07E
ACC-01894,legit,1664,active,[],DEV-D4586D6F11,South Delhi,KYC-IND-3B85072EB3
ACC-01895,legit,1567,active,[],DEV-0FEEAFADCF,Noida,KYC-IND-968E26C480
ACC-01896,legit,5,active,[],DEV-237784C9B9,Gurugram,KYC-IND-BA78310B86
ACC-01897,aggregator,992,active,[],DEV-7835075759,South Mumbai,KYC-IND-DB47CE341F
ACC-01898,legit,53,frozen,[],DEV-DA97E5C765,Bandra BKC,KYC-IND-367C9CB314
ACC-01899,legit,168,dormant,[],DEV-47169616CA,Andheri,KYC-IND-56B3BFF590
ACC-01900,legit,1708,active,[],DEV-61BAB8278A,Navi Mumbai,KYC-IND-C198AFE235
ACC-01901,legit,776,active,[],DEV-129A441DE8,Central BLR,KYC-IND-EDF5A8C4E5
ACC-01902,legit,1733,active,[],DEV-95C845AE2F,Koramangala,KYC-IND-488326E8B6
ACC-01903,legit,123,frozen,[],DEV-A29A352281,Whitefield,KYC-IND-904E5706D4
ACC-01904,mule_l1,156,active,[],DEV-D36EEC363B,Electronic City,KYC-IND-CB350CD6C2
ACC-01905,legit,292,active,[],DEV-B231F87F8D,Hitec City,KYC-IND-17FFEFDA0F
ACC-01906,legit,310,frozen,[],DEV-AD384C1E75,Banjara Hills,KYC-IND-7BE28B5FE5
ACC-01907,legit,167,active,[],DEV-577C76A7E8,Secunderabad,KYC-IND-0B4A466C1E
ACC-01908,legit,532,active,[],DEV-9191D3DD04,Old City Hyderabad,KYC-IND-87055FFF70
ACC-01909,legit,351,active,[],DEV-337D2F208B,Anna Salai,KYC-IND-AD814AFA04
ACC-01910,legit,2,active,[],DEV-45B19E5529,OMR Taramani,KYC-IND-F19D3786BB
ACC-01911,legit,69,dormant,[],DEV-50E031B479,T-Nagar,KYC-IND-030158B890
ACC-01912,legit,2028,frozen,[],DEV-690DDB25A3,Guindy,KYC-IND-7B00CF1BB7
ACC-01913,legit,302,active,[],DEV-C947D84B78,Park Street,KYC-IND-4244280F1D
ACC-01914,legit,347,frozen,[],DEV-B2AC30475F,Salt Lake Sector V,KYC-IND-79FE96BBAB
ACC-01915,legit,13,active,[],DEV-80998D5D8E,New Town Kolkata,KYC-IND-D3580F2B60
ACC-01916,mule_l1,884,active,"[""ATM-PAYTM-29-426""]",DEV-FINGERPRINT-RING-SCN-SHARED_DEVICE-034,Howrah,KYC-IND-F19D3786BB
ACC-01917,legit,2453,active,[],DEV-85FFF53559,Shivaji Nagar Pune,KYC-IND-AEF4AD3515
ACC-01918,legit,9,active,[],DEV-D7CE07BAE7,Hinjewadi IT Park,KYC-IND-DDB562B955
ACC-01919,legit,1134,dormant,[],DEV-8610BFEBAA,Magarpatta Hadapsar,KYC-IND-7DDC9940F0
ACC-01920,aggregator,4,frozen,"[""ATM-SBI-27-116""]",DEV-9511F6E4CF,Kothrud,KYC-IND-5A72818A64
ACC-01921,legit,285,active,[],DEV-CBE86C19D0,Navrangpura,KYC-IND-4E245C7901
ACC-01922,legit,317,dormant,[],DEV-6A1C9DF8F2,SG Highway,KYC-IND-C532F1AE84
ACC-01923,legit,142,frozen,[],DEV-A904371ECE,Maninagar,KYC-IND-DE86642E1C
ACC-01924,legit,230,active,[],DEV-32252DD78D,Gandhinagar Center,KYC-IND-C5EF1A47F0
ACC-01925,legit,73,dormant,[],DEV-21D83BAD71,MI Road Jaipur,KYC-IND-E52F8B88D1
ACC-01926,legit,891,frozen,[],DEV-8DF5D1B13B,Malviya Nagar Jaipur,KYC-IND-D97AB48F9F
ACC-01927,legit,76,active,[],DEV-88D6DC25C9,Vaishali Nagar,KYC-IND-4F8933B9FA
ACC-01928,legit,4,active,[],DEV-911BC68425,Hazratganj,KYC-IND-1E114A0806
ACC-01929,legit,83,active,[],DEV-B7699D4397,Gomti Nagar Lucknow,KYC-IND-4353F604DB
ACC-01930,legit,1,active,[],DEV-7E7FCB27C3,Alambagh,KYC-IND-DB7EDC2416
ACC-01931,mule_l1,422,dormant,[],DEV-SHARED-SCN-FAN_IN-014,Ernakulam Central,KYC-RING-SCN-FAN_IN-014
ACC-01932,legit,88,active,[],DEV-35E08A5E37,Kakkanad InfoPark,KYC-IND-63C77B6DA3
ACC-01933,legit,1876,active,[],DEV-205298E1E1,Fort Kochi,KYC-IND-BEB171FE22
ACC-01934,legit,280,active,[],DEV-F346266392,Ring Road Surat,KYC-IND-FD6F08D971
ACC-01935,victim,340,active,[],DEV-08CFE36863,Adajan,KYC-IND-D40619F78B
ACC-01936,legit,355,active,[],DEV-B5EA7D3B05,Vesu Surat,KYC-IND-42C64F70D4
ACC-01937,legit,2157,active,[],DEV-F484F1A815,New Delhi Central,KYC-IND-0C384E3DD9
ACC-01938,legit,96,active,[],DEV-81840C386B,South Delhi,KYC-IND-FAE4EEB5B7
ACC-01939,legit,2245,frozen,[],DEV-77811DE1EF,Noida,KYC-IND-7089DF3BB0
ACC-01940,legit,162,active,[],DEV-21DAED740A,Gurugram,KYC-IND-AAF79EF8DF
ACC-01941,legit,22,dormant,[],DEV-8D0C127201,South Mumbai,KYC-IND-DE3C4FA585
ACC-01942,legit,315,dormant,[],DEV-E331577228,Bandra BKC,KYC-IND-387F9A0D64
ACC-01943,legit,245,active,[],DEV-C8E5285B43,Andheri,KYC-IND-5DDF015B44
ACC-01944,legit,259,dormant,[],DEV-907A809C8A,Navi Mumbai,KYC-IND-42BC5422D2
ACC-01945,legit,239,active,[],DEV-51ABFAA0A2,Central BLR,KYC-IND-2F7E05BEA5
ACC-01946,legit,263,dormant,[],DEV-63CA5F93C4,Koramangala,KYC-IND-E10DA59574
ACC-01947,legit,2453,active,[],DEV-84FA888851,Whitefield,KYC-IND-17E68E6914
ACC-01948,legit,1409,active,[],DEV-F85C317F83,Electronic City,KYC-IND-3FEBBF3EF4
ACC-01949,victim,173,dormant,[],DEV-37BB8F0DAF,Hitec City,KYC-IND-2021CF9150
ACC-01950,legit,69,active,[],DEV-563F8A380B,Banjara Hills,KYC-IND-1630583083
ACC-01951,legit,140,frozen,[],DEV-C9BA30C49F,Secunderabad,KYC-IND-0C59EC4E88
ACC-01952,legit,286,active,[],DEV-37EC971DB4,Old City Hyderabad,KYC-IND-089BD550B2
ACC-01953,legit,379,active,[],DEV-63C4FE12CC,Anna Salai,KYC-IND-A6FC19445B
ACC-01954,legit,298,dormant,[],DEV-524E04338F,OMR Taramani,KYC-IND-04A92DA98E
ACC-01955,legit,4,active,[],DEV-17DE13CC51,T-Nagar,KYC-IND-7C60AC78D3
ACC-01956,legit,232,active,[],DEV-5C2BC15F36,Guindy,KYC-IND-EF7E605485
ACC-01957,legit,117,dormant,[],DEV-38B0B623C0,Park Street,KYC-IND-76712742BE
ACC-01958,legit,1827,active,[],DEV-55ACF40232,Salt Lake Sector V,KYC-IND-947F2F4292
ACC-01959,legit,140,active,[],DEV-0873F06BDC,New Town Kolkata,KYC-IND-1D89C07173
ACC-01960,legit,256,active,[],DEV-1D63933F5C,Howrah,KYC-IND-D1BC9768F3
ACC-01961,legit,235,frozen,[],DEV-F09120C88C,Shivaji Nagar Pune,KYC-IND-CA082E4039
ACC-01962,legit,10,active,[],DEV-1C93911ED5,Hinjewadi IT Park,KYC-IND-05EFD32808
ACC-01963,legit,1205,dormant,[],DEV-14BBAD1453,Magarpatta Hadapsar,KYC-IND-97EC6FD3C0
ACC-01964,legit,663,active,[],DEV-AD4960C191,Kothrud,KYC-IND-A636EB0115
ACC-01965,legit,2173,active,[],DEV-5ECF681911,Navrangpura,KYC-IND-1E5912FA90
ACC-01966,legit,204,active,[],DEV-9D8E53C128,SG Highway,KYC-IND-021F7AEE9F
ACC-01967,legit,10,dormant,[],DEV-B8A12A5449,Maninagar,KYC-IND-990F819480
ACC-01968,legit,316,dormant,[],DEV-B9856E83A8,Gandhinagar Center,KYC-IND-149499A502
ACC-01969,legit,4,frozen,[],DEV-CD55E8A687,MI Road Jaipur,KYC-IND-AC470791C4
ACC-01970,legit,1353,active,[],DEV-CA4F32F627,Malviya Nagar Jaipur,KYC-IND-EA04751D99
ACC-01971,legit,100,active,[],DEV-DD8B58A490,Vaishali Nagar,KYC-IND-F427F39E62
ACC-01972,legit,125,dormant,[],DEV-7010A121A4,Hazratganj,KYC-IND-F1226AF6AA
ACC-01973,legit,9,frozen,[],DEV-3B1C5BEA83,Gomti Nagar Lucknow,KYC-IND-A647AE882A
ACC-01974,legit,15,dormant,[],DEV-1A8C7270D5,Alambagh,KYC-IND-2E67F6030B
ACC-01975,legit,2218,frozen,[],DEV-B182D36F50,Ernakulam Central,KYC-IND-250C835172
ACC-01976,legit,2,frozen,[],DEV-3A82A8053C,Kakkanad InfoPark,KYC-IND-7207A5567D
ACC-01977,legit,103,active,[],DEV-1B4F9D781E,Fort Kochi,KYC-IND-BC22B55C17
ACC-01978,legit,3,active,[],DEV-59E810D9CB,Ring Road Surat,KYC-IND-24D9DF50F9
ACC-01979,legit,166,dormant,[],DEV-6C5F2AAA98,Adajan,KYC-IND-8BCA5E17BC
ACC-01980,legit,331,active,[],DEV-3D87ABE0DF,Vesu Surat,KYC-IND-48D2351889
ACC-01981,legit,1202,active,[],DEV-CD7A50970F,New Delhi Central,KYC-IND-46F6A159DA
ACC-01982,legit,1593,dormant,[],DEV-AC6DE35B9D,South Delhi,KYC-IND-EEC3C9C0C7
ACC-01983,legit,3,dormant,[],DEV-C2FEACB898,Noida,KYC-IND-68967D53B4
ACC-01984,legit,32,frozen,[],DEV-03BF1925B0,Gurugram,KYC-IND-A10E8564E9
ACC-01985,legit,2087,active,[],DEV-616A800C1F,South Mumbai,KYC-IND-BF4A569101
ACC-01986,mule_l1,52,active,"[""ATM-AXIS-38-347""]",DEV-2F7854A7AC,Bandra BKC,KYC-IND-C9AEEBC70E
ACC-01987,legit,100,active,[],DEV-7A1B6C3D64,Andheri,KYC-IND-07B80D5519
ACC-01988,legit,1717,dormant,[],DEV-DB499BF488,Navi Mumbai,KYC-IND-BF2573DEC4
ACC-01989,legit,1249,dormant,[],DEV-0C64E3CF0F,Central BLR,KYC-IND-9E7458B32F
ACC-01990,legit,242,active,[],DEV-D25C3935E2,Koramangala,KYC-IND-2A052F606B
ACC-01991,legit,25,active,[],DEV-20DD5B0289,Whitefield,KYC-IND-E17EB88674
ACC-01992,legit,289,dormant,[],DEV-23AF85CE41,Electronic City,KYC-IND-4FF7EB8E9E
ACC-01993,legit,838,active,[],DEV-28CC228E2E,Hitec City,KYC-IND-A610AE90EB
ACC-01994,legit,288,active,[],DEV-95C92AAE54,Banjara Hills,KYC-IND-563FD2744C
ACC-01995,legit,347,frozen,[],DEV-ECCE068FCA,Secunderabad,KYC-IND-9D5421129F
ACC-01996,legit,582,frozen,[],DEV-299272AEAB,Old City Hyderabad,KYC-IND-03FD23DC5C
ACC-01997,legit,883,active,[],DEV-3B3E06728F,Anna Salai,KYC-IND-10D4906D2A
ACC-01998,legit,325,frozen,[],DEV-7460EC3062,OMR Taramani,KYC-IND-4CEA06325F
ACC-01999,legit,297,active,[],DEV-0071C7A73D,T-Nagar,KYC-IND-4E1DBFE0A4
ACC-02000,legit,147,active,[],DEV-1AE754BE5C,Guindy,KYC-IND-4274FF8F01
ACC-02001,legit,106,active,[],DEV-ED63D65270,Park Street,KYC-IND-CECF94B288
ACC-02002,mule_l1,1206,active,"[""ATM-AXIS-14-279""]",DEV-907EF9D20C,Salt Lake Sector V,KYC-IND-6B7E2B9A40
ACC-02003,legit,340,active,[],DEV-58FF925746,New Town Kolkata,KYC-IND-42A4CECC9E
ACC-02004,legit,51,dormant,[],DEV-19589B05ED,Howrah,KYC-IND-DF39D01C80
ACC-02005,mule_l1,179,dormant,"[""ATM-ICICI-15-368""]",DEV-A14F108C2B,Shivaji Nagar Pune,KYC-IND-BA80ECC13C
ACC-02006,legit,187,active,[],DEV-587E5F229B,Hinjewadi IT Park,KYC-IND-B03C6BFD38
ACC-02007,legit,1,active,[],DEV-264FBD99C3,Magarpatta Hadapsar,KYC-IND-923C16B4FC
ACC-02008,legit,708,active,[],DEV-8BE13C49B4,Kothrud,KYC-IND-3AA756D86F
ACC-02009,legit,698,active,[],DEV-49F1AA3AF3,Navrangpura,KYC-IND-49D25418CB
ACC-02010,legit,65,dormant,[],DEV-4F35E3B73D,SG Highway,KYC-IND-9269DC940D
ACC-02011,legit,205,active,[],DEV-16F6AEBE06,Maninagar,KYC-IND-1999E3C3AC
ACC-02012,legit,471,active,[],DEV-D9DF54845D,Gandhinagar Center,KYC-IND-DE8188F5DE
ACC-02013,legit,359,active,[],DEV-FDC86624DC,MI Road Jaipur,KYC-IND-6CFD27E806
ACC-02014,legit,163,active,[],DEV-2405CF6C32,Malviya Nagar Jaipur,KYC-IND-999C0E4033
ACC-02015,legit,14,active,[],DEV-59A0B52514,Vaishali Nagar,KYC-IND-8FDC252739
ACC-02016,legit,259,active,[],DEV-B399069010,Hazratganj,KYC-IND-D914181E2B
ACC-02017,legit,679,active,[],DEV-86765D54EA,Gomti Nagar Lucknow,KYC-IND-9E52BAF0FF
ACC-02018,legit,2419,frozen,[],DEV-E6133E4276,Alambagh,KYC-IND-9E44ECEA48
ACC-02019,legit,255,active,[],DEV-A609A86EDA,Ernakulam Central,KYC-IND-A05374382B
ACC-02020,legit,37,frozen,[],DEV-405BFF6DEA,Kakkanad InfoPark,KYC-IND-3C89148FD2
ACC-02021,legit,140,dormant,[],DEV-5B1F4EEBE1,Fort Kochi,KYC-IND-1B74982A23
ACC-02022,legit,200,frozen,[],DEV-850C1B1724,Ring Road Surat,KYC-IND-00EEE0DBF7
ACC-02023,legit,208,frozen,[],DEV-AF158B88B9,Adajan,KYC-IND-9FAD40162B
ACC-02024,legit,152,frozen,[],DEV-78AE63545E,Vesu Surat,KYC-IND-D97CF60EEA
ACC-02025,legit,353,active,[],DEV-43D8CC90E8,New Delhi Central,KYC-IND-07DAD429AA
ACC-02026,legit,1903,active,[],DEV-9D1A3DF10B,South Delhi,KYC-IND-019CE040E9
ACC-02027,legit,8,active,[],DEV-A8F78F28AD,Noida,KYC-IND-52B4E99640
ACC-02028,legit,323,frozen,[],DEV-1558340503,Gurugram,KYC-IND-62F6924613
ACC-02029,mule_l1,23,frozen,"[""ATM-AXIS-43-352""]",DEV-FINGERPRINT-RING-SCN-SHARED_DEVICE-031,South Mumbai,KYC-IND-8C1AF194AE
ACC-02030,legit,1122,active,[],DEV-3DF0E855B5,Bandra BKC,KYC-IND-52AE5CDDC5
ACC-02031,legit,39,active,[],DEV-3C4E33D86D,Andheri,KYC-IND-B8CAA71122
ACC-02032,legit,285,active,[],DEV-A233F80D54,Navi Mumbai,KYC-IND-F8BC90E9CE
ACC-02033,legit,386,active,[],DEV-8EFC6A1CF1,Central BLR,KYC-IND-64683302BF
ACC-02034,legit,344,active,[],DEV-84DC034CEB,Koramangala,KYC-IND-B99E5F5F34
ACC-02035,legit,142,frozen,[],DEV-EF9912CBF7,Whitefield,KYC-IND-C372AA4DBE
ACC-02036,legit,1134,frozen,[],DEV-2F0D87F2F8,Electronic City,KYC-IND-A69BFEDEB5
ACC-02037,legit,139,active,[],DEV-E942377F34,Hitec City,KYC-IND-DD289ECF79
ACC-02038,legit,219,frozen,[],DEV-A51E838EA9,Banjara Hills,KYC-IND-D3F79FDDCE
ACC-02039,legit,1625,dormant,[],DEV-5FBE2EAF79,Secunderabad,KYC-IND-3E772C8C38
ACC-02040,legit,7,active,[],DEV-C30C345CC0,Old City Hyderabad,KYC-IND-A082234E9B
ACC-02041,legit,2130,active,[],DEV-9F62C0401B,Anna Salai,KYC-IND-459941BAB4
ACC-02042,legit,1397,active,[],DEV-32553E215D,OMR Taramani,KYC-IND-3D4B868F58
ACC-02043,legit,7,active,[],DEV-08A437B2BA,T-Nagar,KYC-IND-AE6F3C590B
ACC-02044,legit,95,active,[],DEV-08B91D6DE4,Guindy,KYC-IND-AE2E300CF5
ACC-02045,legit,163,active,[],DEV-08F41BD0CE,Park Street,KYC-IND-5B54293AB3
ACC-02046,legit,1877,active,[],DEV-B293BE663B,Salt Lake Sector V,KYC-IND-86DFCBE6EA
ACC-02047,legit,113,active,[],DEV-3F79B1AE67,New Town Kolkata,KYC-IND-DD289ECF79
ACC-02048,legit,172,dormant,[],DEV-B415E79A65,Howrah,KYC-IND-A434606277
ACC-02049,legit,2467,frozen,[],DEV-AA4B70C06A,Shivaji Nagar Pune,KYC-IND-57AA152330
ACC-02050,legit,26,active,[],DEV-C67441F7EB,Hinjewadi IT Park,KYC-IND-7605191726
ACC-02051,legit,299,frozen,[],DEV-7A69BA9515,Magarpatta Hadapsar,KYC-IND-DC5D4C586A
ACC-02052,legit,1494,active,[],DEV-F52DFEE010,Kothrud,KYC-IND-9EEB04B15F
ACC-02053,legit,327,active,[],DEV-4EB599B20E,Navrangpura,KYC-IND-A2248C8AB5
ACC-02054,legit,163,active,[],DEV-23ED112430,SG Highway,KYC-IND-715D736692
ACC-02055,legit,119,active,[],DEV-4B5D2D92A3,Maninagar,KYC-IND-93297D8012
ACC-02056,legit,1820,active,[],DEV-E8493EA723,Gandhinagar Center,KYC-IND-FDC010AFEA
ACC-02057,legit,176,active,[],DEV-569301D71F,MI Road Jaipur,KYC-IND-B67CC61FE3
ACC-02058,legit,87,active,[],DEV-3DA48F6F0F,Malviya Nagar Jaipur,KYC-IND-8F93FC1545
ACC-02059,legit,2228,frozen,[],DEV-48AB379FE9,Vaishali Nagar,KYC-IND-3EFADE6E6F
ACC-02060,legit,872,frozen,[],DEV-1308D2C54C,Hazratganj,KYC-IND-DC5D4C586A
ACC-02061,legit,1353,frozen,[],DEV-18CB9B7FE2,Gomti Nagar Lucknow,KYC-IND-F90762EF5C
ACC-02062,legit,267,active,[],DEV-26034AF5F4,Alambagh,KYC-IND-725342101D
ACC-02063,legit,130,active,[],DEV-F8169BDF77,Ernakulam Central,KYC-IND-387F9A0D64
ACC-02064,legit,680,active,[],DEV-A4B2475284,Kakkanad InfoPark,KYC-IND-B4228DF713
ACC-02065,legit,273,dormant,[],DEV-DC0DCFE1ED,Fort Kochi,KYC-IND-2AB4319990
ACC-02066,legit,214,active,[],DEV-49DBD3CA9C,Ring Road Surat,KYC-IND-A4FF4F1BA5
ACC-02067,legit,223,frozen,[],DEV-14EDDD0BE0,Adajan,KYC-IND-5F3D142950
ACC-02068,mule_l2,19,active,"[""ATM-JIO-18-195""]",DEV-SHARED-SCN-FAN_IN_FAN_OUT-022,Vesu Surat,KYC-IND-5A4CBF94BF
ACC-02069,legit,28,active,[],DEV-046CD93EA2,New Delhi Central,KYC-IND-1E75D079E2
ACC-02070,legit,227,active,[],DEV-D351C10D92,South Delhi,KYC-IND-1A3139C736
ACC-02071,legit,419,active,[],DEV-BD6A7348DA,Noida,KYC-IND-93A52B4FC4
ACC-02072,legit,341,dormant,[],DEV-D56EB03980,Gurugram,KYC-IND-516EB6A183
ACC-02073,legit,320,active,[],DEV-DA3D4B9332,South Mumbai,KYC-IND-F292466080
ACC-02074,legit,378,frozen,[],DEV-63E4AA51D2,Bandra BKC,KYC-IND-5587FAF649
ACC-02075,legit,327,active,[],DEV-8DD1E239BE,Andheri,KYC-IND-36F557489C
ACC-02076,legit,5,frozen,[],DEV-99FFBE49C4,Navi Mumbai,KYC-IND-8729735E00
ACC-02077,legit,284,frozen,[],DEV-AED192872F,Central BLR,KYC-IND-E208F90C15
ACC-02078,legit,130,active,[],DEV-219299876D,Koramangala,KYC-IND-C1D7BAD8B2
ACC-02079,legit,28,frozen,[],DEV-D173C3819A,Whitefield,KYC-IND-39C417053E
ACC-02080,legit,1163,active,[],DEV-EAC57C3793,Electronic City,KYC-IND-82FCF4996D
ACC-02081,legit,125,frozen,[],DEV-706BCBDC7A,Hitec City,KYC-IND-4437D2282E
ACC-02082,legit,137,dormant,[],DEV-54379CCF7D,Banjara Hills,KYC-IND-963DDFA3A9
ACC-02083,legit,54,active,[],DEV-2D16C527E6,Secunderabad,KYC-IND-462C250C56
ACC-02084,legit,12,active,[],DEV-F20CE7A261,Old City Hyderabad,KYC-IND-DCE8C6F51D
ACC-02085,legit,36,active,[],DEV-903A0EEE4D,Anna Salai,KYC-IND-A0F6A0D373
ACC-02086,mule_l1,1748,active,"[""ATM-PNB-33-166""]",DEV-FINGERPRINT-RING-SCN-SHARED_DEVICE-033,OMR Taramani,KYC-IND-3420C8958F
ACC-02087,legit,237,active,[],DEV-0A2F19985D,T-Nagar,KYC-IND-CF62A77C0B
ACC-02088,legit,12,active,[],DEV-860F9A6D00,Guindy,KYC-IND-4E50F5804E
ACC-02089,legit,538,active,[],DEV-B5D46E23EB,Park Street,KYC-IND-F862763E20
ACC-02090,legit,4,active,[],DEV-33CA269552,Salt Lake Sector V,KYC-IND-B6ED182F8D
ACC-02091,legit,728,active,[],DEV-76975A3250,New Town Kolkata,KYC-IND-69A6D48C76
ACC-02092,legit,52,active,[],DEV-4317893A96,Howrah,KYC-IND-45A3504085
ACC-02093,legit,104,active,[],DEV-56250133CB,Shivaji Nagar Pune,KYC-IND-42A530DC6A
ACC-02094,legit,41,dormant,[],DEV-3713011E7E,Hinjewadi IT Park,KYC-IND-32E75E1EA9
ACC-02095,legit,307,active,[],DEV-B15766AFA8,Magarpatta Hadapsar,KYC-IND-9F1F57AD24
ACC-02096,legit,2104,frozen,[],DEV-A7721443D8,Kothrud,KYC-IND-F5CEDA771D
ACC-02097,legit,122,frozen,[],DEV-7AF6AF1402,Navrangpura,KYC-IND-F578B656F7
ACC-02098,legit,35,active,[],DEV-B8D2EA5DEF,SG Highway,KYC-IND-D4B28FF053
ACC-02099,legit,386,frozen,[],DEV-4513AD5A6E,Maninagar,KYC-IND-7D21A031FE
ACC-02100,legit,1769,active,[],DEV-DAD313EEBE,Gandhinagar Center,KYC-IND-3FF82CB709
ACC-02101,legit,925,dormant,[],DEV-643A60D25C,MI Road Jaipur,KYC-IND-8FA154EEAE
ACC-02102,legit,206,frozen,[],DEV-EB21A01516,Malviya Nagar Jaipur,KYC-IND-066F90FF6C
ACC-02103,legit,11,active,[],DEV-71A8B2C1FD,Vaishali Nagar,KYC-IND-01EBA1B134
ACC-02104,legit,325,active,[],DEV-D35DE3166F,Hazratganj,KYC-IND-E6700AA985
ACC-02105,legit,631,active,[],DEV-14B7C10486,Gomti Nagar Lucknow,KYC-IND-CD82139A14
ACC-02106,aggregator,23,dormant,"[""AEPS-AXIS-37-214""]",DEV-5C1CE87F1B,Alambagh,KYC-IND-B243D263B1
ACC-02107,legit,99,dormant,[],DEV-0AFDC7D770,Ernakulam Central,KYC-IND-1102412B06
ACC-02108,legit,2089,frozen,[],DEV-4537605438,Kakkanad InfoPark,KYC-IND-96A00B2D62
ACC-02109,legit,351,active,[],DEV-4E1F4D6F07,Fort Kochi,KYC-IND-8DF8543C4F
ACC-02110,aggregator,322,dormant,"[""AEPS-JIO-41-174""]",DEV-FF3DB8C244,Ring Road Surat,KYC-IND-C8ADD351CD
ACC-02111,legit,89,frozen,[],DEV-77D8E79A46,Adajan,KYC-IND-EC5CD96B2D
ACC-02112,mule_l1,341,frozen,[],DEV-SHARED-SCN-FAN_OUT-017,Vesu Surat,KYC-RING-SCN-FAN_OUT-017
ACC-02113,legit,67,active,[],DEV-D4B3DB2C64,New Delhi Central,KYC-IND-7A9A21C587
ACC-02114,legit,173,frozen,[],DEV-925AAE3D09,South Delhi,KYC-IND-D5DDDF5400
ACC-02115,aggregator,1162,active,"[""AEPS-JIO-02-399""]",DEV-B12FE06989,Noida,KYC-IND-A67824E094
ACC-02116,legit,14,active,[],DEV-AF9299F833,Gurugram,KYC-IND-D1CBA55C5D
ACC-02117,legit,235,dormant,[],DEV-19F1FFD09A,South Mumbai,KYC-IND-56BE959206
ACC-02118,legit,590,dormant,[],DEV-1EBEFF722A,Bandra BKC,KYC-IND-82AC8948E5
ACC-02119,aggregator,9,dormant,"[""AEPS-PAYTM-06-139""]",DEV-357E0F90D9,Andheri,KYC-IND-69381AB7EE
ACC-02120,legit,249,dormant,[],DEV-CD06324807,Navi Mumbai,KYC-IND-1F4FD256E5
ACC-02121,legit,8,active,[],DEV-FCDAF614BD,Central BLR,KYC-IND-3AA6EE6EFA
ACC-02122,mule_l1,131,frozen,"[""AEPS-AXIS-09-098""]",DEV-SHARED-SCN-FAN_OUT-021,Koramangala,KYC-RING-SCN-FAN_OUT-021
ACC-02123,legit,354,frozen,[],DEV-48D5C60B8A,Whitefield,KYC-IND-CBEE6C1F4A
ACC-02124,legit,281,active,[],DEV-764D75B19B,Electronic City,KYC-IND-8801449001
ACC-02125,legit,23,active,[],DEV-511841ACEE,Hitec City,KYC-IND-3762DF3DA9
ACC-02126,legit,2035,active,[],DEV-34A84502AE,Banjara Hills,KYC-IND-302802B307
ACC-02127,legit,2144,active,[],DEV-812784BCEA,Secunderabad,KYC-IND-E8A98B2752
ACC-02128,legit,969,dormant,[],DEV-C57E89FEBD,Old City Hyderabad,KYC-IND-97597F2866
ACC-02129,legit,361,active,[],DEV-090383EDB3,Anna Salai,KYC-IND-A259356119
ACC-02130,mule_l1,296,dormant,[],DEV-SHARED-SCN-FAN_OUT-017,OMR Taramani,KYC-RING-SCN-FAN_OUT-017
ACC-02131,legit,337,active,[],DEV-11D9235527,T-Nagar,KYC-IND-D2AFBE22BE
ACC-02132,legit,302,dormant,[],DEV-2B62A04B7F,Guindy,KYC-IND-A8CAB4B916
ACC-02133,legit,14,active,[],DEV-D42C449F07,Park Street,KYC-IND-8967D112DE
ACC-02134,legit,1650,frozen,[],DEV-38B14F5940,Salt Lake Sector V,KYC-IND-95AF78110A
ACC-02135,legit,858,active,[],DEV-F1FA10DC32,New Town Kolkata,KYC-IND-B65C22C0E6
ACC-02136,legit,1998,frozen,[],DEV-8E670C3C7C,Howrah,KYC-IND-ECA3BA7540
ACC-02137,legit,174,frozen,[],DEV-637101938A,Shivaji Nagar Pune,KYC-IND-F9E613F7B2
ACC-02138,legit,486,active,[],DEV-8A3FA0860E,Hinjewadi IT Park,KYC-IND-57DA933132
ACC-02139,legit,18,frozen,[],DEV-04984C41CD,Magarpatta Hadapsar,KYC-IND-36278E377A
ACC-02140,mule_l1,214,active,[],DEV-SHARED-SCN-FAN_OUT-020,Kothrud,KYC-RING-SCN-FAN_OUT-020
ACC-02141,legit,13,dormant,[],DEV-1878B78460,Navrangpura,KYC-IND-85090CCBFB
ACC-02142,legit,11,active,[],DEV-807B919FD0,SG Highway,KYC-IND-FAF8A216FB
ACC-02143,legit,28,active,[],DEV-11BBAA01DF,Maninagar,KYC-IND-F6A7D84F89
ACC-02144,legit,43,frozen,[],DEV-5B6F90AC71,Gandhinagar Center,KYC-IND-4DA3D66704
ACC-02145,mule_l1,11,frozen,[],DEV-SHARED-SCN-FAN_IN-015,MI Road Jaipur,KYC-RING-SCN-FAN_IN-015
ACC-02146,legit,588,dormant,[],DEV-CE35D0CD18,Malviya Nagar Jaipur,KYC-IND-47BFCD16D1
ACC-02147,legit,337,frozen,[],DEV-546F9399CB,Vaishali Nagar,KYC-IND-ABB4D7A94E
ACC-02148,legit,241,dormant,[],DEV-A389A9535A,Hazratganj,KYC-IND-E7AE711EDE
ACC-02149,legit,6,active,[],DEV-A0D63D1F00,Gomti Nagar Lucknow,KYC-IND-ADD335C127
ACC-02150,legit,268,dormant,[],DEV-F6A36ED032,Alambagh,KYC-IND-A52DCE9B36
ACC-02151,legit,98,active,[],DEV-B5D7FDE771,Ernakulam Central,KYC-IND-24298657F8
ACC-02152,legit,86,dormant,[],DEV-C519FCFAEE,Kakkanad InfoPark,KYC-IND-198DB7719E
ACC-02153,legit,81,frozen,[],DEV-74A328187D,Fort Kochi,KYC-IND-529FA76483
ACC-02154,legit,13,active,[],DEV-A0FBC8CAFC,Ring Road Surat,KYC-IND-A276C5FCA0
ACC-02155,legit,335,dormant,[],DEV-FB1CA63B20,Adajan,KYC-IND-2636612634
ACC-02156,legit,1025,frozen,[],DEV-12545DC128,Vesu Surat,KYC-IND-8FF3585F62
ACC-02157,legit,149,active,[],DEV-D93B3267B8,New Delhi Central,KYC-IND-25FC380D75
ACC-02158,legit,288,active,[],DEV-8EA427BE85,South Delhi,KYC-IND-E44A9BF3A2
ACC-02159,legit,118,dormant,[],DEV-4E6543FF7B,Noida,KYC-IND-3E73925526
ACC-02160,legit,1652,active,[],DEV-D968F31BDA,Gurugram,KYC-IND-1DCE0B30FB
ACC-02161,legit,191,dormant,[],DEV-D4A07B015F,South Mumbai,KYC-IND-00B40B3C5E
ACC-02162,legit,55,dormant,[],DEV-169643915D,Bandra BKC,KYC-IND-2C8B3372E6
ACC-02163,legit,1038,active,[],DEV-2F5E3E49A7,Andheri,KYC-IND-D6DF6DE213
ACC-02164,legit,209,active,[],DEV-CE642BF3CE,Navi Mumbai,KYC-IND-9E6297FFF9
ACC-02165,victim,277,active,[],DEV-AF73E5F286,Central BLR,KYC-IND-0BAA0F5C60
ACC-02166,legit,308,active,[],DEV-960AD90D16,Koramangala,KYC-IND-0218DCA312
ACC-02167,legit,244,active,[],DEV-4BAD8FB159,Whitefield,KYC-IND-D800F7C87A
ACC-02168,legit,172,active,[],DEV-B5B9A44698,Electronic City,KYC-IND-2589CA7E9D
ACC-02169,legit,1056,frozen,[],DEV-194F3E5EAA,Hitec City,KYC-IND-B77DE2FD7A
ACC-02170,legit,217,active,[],DEV-409B806858,Banjara Hills,KYC-IND-930891D2DB
ACC-02171,legit,753,dormant,[],DEV-F33CA2827C,Secunderabad,KYC-IND-BD45730147
ACC-02172,legit,1334,dormant,[],DEV-C01C493ED5,Old City Hyderabad,KYC-IND-4C1A75B116
ACC-02173,legit,67,dormant,[],DEV-CD156D2594,Anna Salai,KYC-IND-6648D4B3E6
ACC-02174,legit,3,dormant,[],DEV-6E2E9D9DCE,OMR Taramani,KYC-IND-C075BFEE48
ACC-02175,legit,277,active,[],DEV-5B719034C8,T-Nagar,KYC-IND-F1E88E1DBD
ACC-02176,legit,14,active,[],DEV-0E89337AF4,Guindy,KYC-IND-FBB5920911
ACC-02177,legit,1113,active,[],DEV-01F64062E2,Park Street,KYC-IND-7E3C6AFBD2
ACC-02178,legit,229,active,[],DEV-6D79EC9A3A,Salt Lake Sector V,KYC-IND-7458097FB2
ACC-02179,aggregator,266,frozen,"[""AEPS-AXIS-22-155""]",DEV-169AC10AF7,New Town Kolkata,KYC-IND-8E3C53F0E1
ACC-02180,legit,1314,frozen,[],DEV-ADA52BB928,Howrah,KYC-IND-7C8FAD1F30
ACC-02181,legit,9,active,[],DEV-DAD2E9A3C9,Shivaji Nagar Pune,KYC-IND-7A910FCD4B
ACC-02182,legit,2038,active,[],DEV-71939C9D2A,Hinjewadi IT Park,KYC-IND-9C0C1134C4
ACC-02183,legit,245,active,[],DEV-C16B809AE2,Magarpatta Hadapsar,KYC-IND-F75FA2A9DA
ACC-02184,legit,2121,dormant,[],DEV-D47F10FE8E,Kothrud,KYC-IND-A004744650
ACC-02185,aggregator,2223,dormant,"[""AEPS-SBI-28-073""]",DEV-5CBFBDD5C6,Navrangpura,KYC-IND-F40C5B2D2C
ACC-02186,mule_l2,269,active,"[""ATM-JIO-29-470""]",DEV-SHARED-SCN-FAN_IN_FAN_OUT-023,SG Highway,KYC-IND-D663931AD4
ACC-02187,legit,90,active,[],DEV-00A9C3243F,Maninagar,KYC-IND-B5C6372190
ACC-02188,legit,9,active,[],DEV-BFB04BBAC1,Gandhinagar Center,KYC-IND-D30150417F
ACC-02189,legit,1105,active,[],DEV-79CF6F9826,MI Road Jaipur,KYC-IND-F87B89B6BC
ACC-02190,legit,96,active,[],DEV-3429C657F3,Malviya Nagar Jaipur,KYC-IND-65758AFAC6
ACC-02191,mule_l1,352,active,"[""ATM-ICICI-10-451""]",DEV-E690BB7899,Vaishali Nagar,KYC-IND-6071207ACF
ACC-02192,legit,244,active,[],DEV-1F44CB85A9,Hazratganj,KYC-IND-7622659DFB
ACC-02193,legit,91,active,[],DEV-7165E00E14,Gomti Nagar Lucknow,KYC-IND-28919B5473
ACC-02194,legit,1079,active,[],DEV-FB2B52A861,Alambagh,KYC-IND-562820BD0C
ACC-02195,legit,305,dormant,[],DEV-B337DD854A,Ernakulam Central,KYC-IND-00400B3941
ACC-02196,legit,527,frozen,[],DEV-7920EC9162,Kakkanad InfoPark,KYC-IND-1E8F0C184A
ACC-02197,aggregator,1465,active,[],DEV-6EE8022DD9,Fort Kochi,KYC-IND-A67824E094
ACC-02198,legit,162,frozen,[],DEV-5C990BBCF6,Ring Road Surat,KYC-IND-CA67E48EEA
ACC-02199,legit,885,active,[],DEV-0A38277CC4,Adajan,KYC-IND-FD2525C0C8
ACC-02200,legit,1307,frozen,[],DEV-EC39684A84,Vesu Surat,KYC-IND-A951AC309C
ACC-02201,legit,1393,frozen,[],DEV-EA9888018B,New Delhi Central,KYC-IND-468F88D478
ACC-02202,legit,167,frozen,[],DEV-151DF272AB,South Delhi,KYC-IND-214E3DBE8D
ACC-02203,legit,2463,frozen,[],DEV-6EF3C58BAD,Noida,KYC-IND-8F6632A9E7
ACC-02204,mule_l1,160,active,[],DEV-SHARED-SCN-FAN_OUT-021,Gurugram,KYC-RING-SCN-FAN_OUT-021
ACC-02205,aggregator,249,active,"[""ATM-PNB-04-445""]",DEV-71480DF600,South Mumbai,KYC-IND-A434606277
ACC-02206,legit,197,active,[],DEV-3CEC3B658C,Bandra BKC,KYC-IND-F2A1B5A320
ACC-02207,legit,244,dormant,[],DEV-E714A940D6,Andheri,KYC-IND-AB0C0B26F1
ACC-02208,legit,351,active,[],DEV-091CA12990,Navi Mumbai,KYC-IND-7CE337CC27
ACC-02209,legit,155,dormant,[],DEV-779001DDF1,Central BLR,KYC-IND-AC6B38B6CE
ACC-02210,legit,626,dormant,[],DEV-1D07450D20,Koramangala,KYC-IND-37C9E47703
ACC-02211,legit,211,frozen,[],DEV-A01A779A22,Whitefield,KYC-IND-CDADCB62B4
ACC-02212,legit,238,frozen,[],DEV-DAE5361218,Electronic City,KYC-IND-A81490B604
ACC-02213,legit,896,active,[],DEV-80262AEC6D,Hitec City,KYC-IND-3DE15E80A9
ACC-02214,legit,34,frozen,[],DEV-6B02879D3D,Banjara Hills,KYC-IND-2C44D88BDA
ACC-02215,legit,219,active,[],DEV-85B67C3AB5,Secunderabad,KYC-IND-EFC2FA2935
ACC-02216,legit,1876,active,[],DEV-7C2FE2D2D4,Old City Hyderabad,KYC-IND-9B9F8CB775
ACC-02217,legit,1842,dormant,[],DEV-4FE39271D5,Anna Salai,KYC-IND-E1AD5FE593
ACC-02218,legit,248,frozen,[],DEV-C88CEB5F12,OMR Taramani,KYC-IND-445E1DDEF4
ACC-02219,legit,100,active,[],DEV-AE23246F04,T-Nagar,KYC-IND-05B3409024
ACC-02220,legit,190,active,[],DEV-8966EE0724,Guindy,KYC-IND-3856297C93
ACC-02221,legit,283,dormant,[],DEV-C80FD9B15A,Park Street,KYC-IND-7DDC9940F0
ACC-02222,legit,86,active,[],DEV-040B7B158E,Salt Lake Sector V,KYC-IND-61D57A0378
ACC-02223,legit,110,active,[],DEV-844C3A01A9,New Town Kolkata,KYC-IND-73412AE8DE
ACC-02224,legit,287,frozen,[],DEV-DB1E63580C,Howrah,KYC-IND-821FF53B77
ACC-02225,legit,1276,active,[],DEV-1F659E5519,Shivaji Nagar Pune,KYC-IND-FBE0627605
ACC-02226,legit,788,active,[],DEV-3B3743B1A8,Hinjewadi IT Park,KYC-IND-03F8C1C814
ACC-02227,legit,365,active,[],DEV-B74599615A,Magarpatta Hadapsar,KYC-IND-33E4E39887
ACC-02228,legit,2345,active,[],DEV-F65DA84FA2,Kothrud,KYC-IND-97F0FD1D10
ACC-02229,legit,100,frozen,[],DEV-92E6436E2B,Navrangpura,KYC-IND-47213AC80D
ACC-02230,legit,1273,active,[],DEV-3DF0D5B165,SG Highway,KYC-IND-1E3C8DFD69
ACC-02231,legit,204,active,[],DEV-895471525B,Maninagar,KYC-IND-FC5FC6EA60
ACC-02232,legit,2432,active,[],DEV-A332216640,Gandhinagar Center,KYC-IND-F6349BF28E
ACC-02233,legit,202,active,[],DEV-B7FEE8B84D,MI Road Jaipur,KYC-IND-0DDC151656
ACC-02234,legit,149,dormant,[],DEV-5A4030009A,Malviya Nagar Jaipur,KYC-IND-593FFB785F
ACC-02235,legit,23,frozen,[],DEV-06B0D93C83,Vaishali Nagar,KYC-IND-AB2D1AA616
ACC-02236,legit,363,active,[],DEV-7AF5AC68AC,Hazratganj,KYC-IND-7BD3A6CED6
ACC-02237,legit,114,active,[],DEV-777A9BA059,Gomti Nagar Lucknow,KYC-IND-F6413577B6
ACC-02238,legit,11,frozen,[],DEV-057F8C1791,Alambagh,KYC-IND-846AEAB9C1
ACC-02239,legit,14,active,[],DEV-6F6C273DB6,Ernakulam Central,KYC-IND-13071FEF41
ACC-02240,legit,99,active,[],DEV-4F4A4206DA,Kakkanad InfoPark,KYC-IND-443BDD3B90
ACC-02241,legit,1732,frozen,[],DEV-A8C348169B,Fort Kochi,KYC-IND-8103D478A5
ACC-02242,legit,718,active,[],DEV-F7AB87B06E,Ring Road Surat,KYC-IND-AC3AA69B05
ACC-02243,legit,181,active,[],DEV-1928C10791,Adajan,KYC-IND-266C3C6F79
ACC-02244,mule_l1,182,active,[],DEV-SHARED-SCN-FAN_OUT-019,Vesu Surat,KYC-RING-SCN-FAN_OUT-019
ACC-02245,legit,1865,frozen,[],DEV-3BC346E301,New Delhi Central,KYC-IND-31B752648F
ACC-02246,mule_l1,2315,frozen,"[""ATM-HDFC-01-046""]",DEV-SHARED-SCN-SIMPLE_MULE-002,South Delhi,KYC-IND-7A3A3A31D1
ACC-02247,legit,2198,active,[],DEV-BF66576810,Noida,KYC-IND-712B7CE918
ACC-02248,legit,1454,active,[],DEV-21ABC8E372,Gurugram,KYC-IND-5EDD362168
ACC-02249,legit,70,active,[],DEV-19B4AE11D9,South Mumbai,KYC-IND-9E6297FFF9
ACC-02250,mule_l1,510,active,[],DEV-SHARED-SCN-LAYERING-008,Bandra BKC,KYC-RING-SCN-LAYERING-008
ACC-02251,legit,285,active,[],DEV-693C775D40,Andheri,KYC-IND-A4920C30D6
ACC-02252,legit,302,active,[],DEV-532964D520,Navi Mumbai,KYC-IND-9AB3E107DB
ACC-02253,legit,2323,active,[],DEV-8E41AE5A88,Central BLR,KYC-IND-179625EFB5
ACC-02254,legit,278,frozen,[],DEV-A33EA1B596,Koramangala,KYC-IND-457EA894AA
ACC-02255,mule_l1,2013,active,[],DEV-SHARED-SCN-FAN_IN-013,Whitefield,KYC-RING-SCN-FAN_IN-013
ACC-02256,victim,2119,dormant,[],DEV-6E70A6712D,Electronic City,KYC-IND-CD5515AE98
ACC-02257,legit,313,frozen,[],DEV-4A585CACEB,Hitec City,KYC-IND-83C70BCD9E
ACC-02258,legit,2177,active,[],DEV-9C6C1BCF92,Banjara Hills,KYC-IND-42450ECC5C
ACC-02259,legit,267,active,[],DEV-1EFA1C8355,Secunderabad,KYC-IND-E844FA0721
ACC-02260,legit,1511,frozen,[],DEV-4D98B5702D,Old City Hyderabad,KYC-IND-BDE70C59E1
ACC-02261,mule_l2,2094,active,"[""AEPS-BOI-16-017""]",DEV-SHARED-SCN-FAN_IN_FAN_OUT-024,Anna Salai,KYC-IND-2E40475BF1
ACC-02262,victim,329,active,[],DEV-00D59BC2D1,OMR Taramani,KYC-IND-30B81F9AEF
ACC-02263,legit,329,active,[],DEV-00CC044671,T-Nagar,KYC-IND-D5DDDF5400
ACC-02264,legit,2119,active,[],DEV-3CADE4DFE4,Guindy,KYC-IND-7605191726
ACC-02265,legit,391,active,[],DEV-DC3E574F8C,Park Street,KYC-IND-358172142D
ACC-02266,victim,1891,active,[],DEV-5E150E80B6,Salt Lake Sector V,KYC-IND-728C95B874
ACC-02267,legit,663,active,[],DEV-A708D56F53,New Town Kolkata,KYC-IND-0863669FF7
ACC-02268,aggregator,840,active,"[""AEPS-PNB-23-156""]",DEV-F325D12B2D,Howrah,KYC-IND-E90850AC57
ACC-02269,legit,1,active,[],DEV-AC537649DE,Shivaji Nagar Pune,KYC-IND-D0E227303B
ACC-02270,legit,4,dormant,[],DEV-77E10C9535,Hinjewadi IT Park,KYC-IND-CC5925A72A
ACC-02271,legit,66,active,[],DEV-054A7A28FE,Magarpatta Hadapsar,KYC-IND-AB70D2E525
ACC-02272,legit,1935,dormant,[],DEV-F53660D99F,Kothrud,KYC-IND-AA48FB6523
ACC-02273,legit,2375,active,[],DEV-151AFBBC22,Navrangpura,KYC-IND-A13E7006DC
ACC-02274,legit,1275,dormant,[],DEV-1DEE8F9C5B,SG Highway,KYC-IND-4E154A4927
ACC-02275,mule_l1,240,active,[],DEV-SHARED-SCN-FAN_IN-015,Maninagar,KYC-RING-SCN-FAN_IN-015
ACC-02276,legit,18,active,[],DEV-DA026CC2DE,Gandhinagar Center,KYC-IND-4E245C7901
ACC-02277,legit,100,active,[],DEV-CA2A15ED0F,MI Road Jaipur,KYC-IND-B8690D23B2
ACC-02278,legit,651,frozen,[],DEV-4F8E29F825,Malviya Nagar Jaipur,KYC-IND-CE0F4D8134
ACC-02279,legit,799,active,[],DEV-3E29B3CC91,Vaishali Nagar,KYC-IND-8C74378987
ACC-02280,legit,4,frozen,[],DEV-6CAC603012,Hazratganj,KYC-IND-E526FA645C
ACC-02281,legit,395,active,[],DEV-8D506E946D,Gomti Nagar Lucknow,KYC-IND-7009A68E6F
ACC-02282,legit,12,active,[],DEV-EF6B1D0801,Alambagh,KYC-IND-F3984272F1
ACC-02283,mule_l1,227,active,[],DEV-SHARED-SCN-FAN_IN-014,Ernakulam Central,KYC-RING-SCN-FAN_IN-014
ACC-02284,legit,298,dormant,[],DEV-70F4421E55,Kakkanad InfoPark,KYC-IND-6EC50BCB47
ACC-02285,legit,256,dormant,[],DEV-05A2AC82EE,Fort Kochi,KYC-IND-44E6BBF812
ACC-02286,legit,8,active,[],DEV-8F95AF374E,Ring Road Surat,KYC-IND-B11BC4BADD
ACC-02287,legit,2332,dormant,[],DEV-4DA3E81660,Adajan,KYC-IND-8E2C1F0863
ACC-02288,legit,1853,frozen,[],DEV-11873A4464,Vesu Surat,KYC-IND-0AB68A41C0
ACC-02289,legit,209,active,[],DEV-C3C61067F1,New Delhi Central,KYC-IND-6688EB4E6A
ACC-02290,legit,1698,active,[],DEV-94372E08AC,South Delhi,KYC-IND-F917972ABC
ACC-02291,legit,357,dormant,[],DEV-7061458175,Noida,KYC-IND-152147B9BD
ACC-02292,legit,138,active,[],DEV-B0578350D9,Gurugram,KYC-IND-F0CA5CD47B
ACC-02293,mule_l1,108,dormant,[],DEV-SHARED-SCN-FAN_OUT-019,South Mumbai,KYC-RING-SCN-FAN_OUT-019
ACC-02294,legit,104,active,[],DEV-60DA2F53D7,Bandra BKC,KYC-IND-65ED504B1A
ACC-02295,legit,241,active,[],DEV-D483CB3999,Andheri,KYC-IND-A2D47D2C46
ACC-02296,legit,110,active,[],DEV-B16512642D,Navi Mumbai,KYC-IND-C42BDE215A
ACC-02297,victim,310,frozen,[],DEV-318593337C,Central BLR,KYC-IND-DC8382642E
ACC-02298,legit,225,active,[],DEV-CFC795B759,Koramangala,KYC-IND-34C2E39715
ACC-02299,legit,1705,frozen,[],DEV-8FC33037DF,Whitefield,KYC-IND-A97BD70997
ACC-02300,legit,298,frozen,[],DEV-99EE0456BC,Electronic City,KYC-IND-28A6CAB90B
ACC-02301,legit,1697,active,[],DEV-EAABA1509E,Hitec City,KYC-IND-D83039AC7B
ACC-02302,legit,310,frozen,[],DEV-C20C58CF9B,Banjara Hills,KYC-IND-3AB71FE7D8
ACC-02303,legit,172,active,[],DEV-E53A0E3D72,Secunderabad,KYC-IND-A5AADBF1CE
ACC-02304,legit,345,dormant,[],DEV-04D5B25BC9,Old City Hyderabad,KYC-IND-AEEFA22D1A
ACC-02305,legit,1262,active,[],DEV-34C572F30D,Anna Salai,KYC-IND-87C20516C0
ACC-02306,legit,25,frozen,[],DEV-63B9FA4532,OMR Taramani,KYC-IND-DD5898BE1F
ACC-02307,legit,2406,frozen,[],DEV-1A9A8A7939,T-Nagar,KYC-IND-6636FB60D4
ACC-02308,legit,8,frozen,[],DEV-48C9B921DA,Guindy,KYC-IND-3EDA3E6ED4
ACC-02309,legit,2163,active,[],DEV-81273617C4,Park Street,KYC-IND-9F977F4E91
ACC-02310,legit,50,active,[],DEV-733953FE93,Salt Lake Sector V,KYC-IND-5D771145E6
ACC-02311,legit,320,dormant,[],DEV-BAF2B0A8EE,New Town Kolkata,KYC-IND-2F79967606
ACC-02312,legit,826,active,[],DEV-6EA09216AB,Howrah,KYC-IND-E526FA645C
ACC-02313,legit,1704,active,[],DEV-48D99875C4,Shivaji Nagar Pune,KYC-IND-C9702EF194
ACC-02314,legit,280,active,[],DEV-C3B667161F,Hinjewadi IT Park,KYC-IND-06C7F5C46E
ACC-02315,legit,11,active,[],DEV-5B44E1ACD2,Magarpatta Hadapsar,KYC-IND-3280B3E861
ACC-02316,legit,42,frozen,[],DEV-F3C2C5C6CB,Kothrud,KYC-IND-1D21E50C9D
ACC-02317,legit,1,active,[],DEV-301F2F4871,Navrangpura,KYC-IND-630A0C263B
ACC-02318,legit,253,frozen,[],DEV-094E5A6CAF,SG Highway,KYC-IND-0448B5AEDF
ACC-02319,legit,2161,active,[],DEV-16EDF05100,Maninagar,KYC-IND-06A51588F3
ACC-02320,legit,205,frozen,[],DEV-BA21E618A4,Gandhinagar Center,KYC-IND-0E7A40EB97
ACC-02321,legit,288,dormant,[],DEV-AE94889960,MI Road Jaipur,KYC-IND-4AC0958B83
ACC-02322,legit,531,active,[],DEV-C51EA8F601,Malviya Nagar Jaipur,KYC-IND-3CA793DB5B
ACC-02323,legit,1333,dormant,[],DEV-F218BD2DDC,Vaishali Nagar,KYC-IND-9F5A889E08
ACC-02324,legit,1679,active,[],DEV-BE9CF932B5,Hazratganj,KYC-IND-9747E44FFF
ACC-02325,legit,98,active,[],DEV-D4BA3C4DE7,Gomti Nagar Lucknow,KYC-IND-6AC1694CB6
ACC-02326,legit,62,active,[],DEV-2FAE4784A7,Alambagh,KYC-IND-9B7DA8CFE0
ACC-02327,legit,100,frozen,[],DEV-BB53142A1E,Ernakulam Central,KYC-IND-E2378CC703
ACC-02328,legit,62,active,[],DEV-E40AF8D1CC,Kakkanad InfoPark,KYC-IND-3C8D9A9604
ACC-02329,legit,276,active,[],DEV-FBBCE59FBD,Fort Kochi,KYC-IND-E7D6D22AF7
ACC-02330,victim,386,frozen,[],DEV-CB2DE0063D,Ring Road Surat,KYC-IND-59CFC77F1E
ACC-02331,legit,122,frozen,[],DEV-D3D0BA188C,Adajan,KYC-IND-422C153CB5
ACC-02332,legit,73,active,[],DEV-1038F661A2,Vesu Surat,KYC-IND-7BB1E2034E
ACC-02333,mule_l1,92,active,[],DEV-SHARED-SCN-FAN_IN-016,New Delhi Central,KYC-RING-SCN-FAN_IN-016
ACC-02334,legit,11,dormant,[],DEV-5A96FE8248,South Delhi,KYC-IND-CE6282CA30
ACC-02335,legit,937,active,[],DEV-42F24104FF,Noida,KYC-IND-A5E1A27887
ACC-02336,legit,731,active,[],DEV-B151680C37,Gurugram,KYC-IND-2C925D5E8A
ACC-02337,legit,81,active,[],DEV-761AE231F4,South Mumbai,KYC-IND-A5AADBF1CE
ACC-02338,legit,31,dormant,[],DEV-3EA27BA538,Bandra BKC,KYC-IND-3E68477081
ACC-02339,legit,285,dormant,[],DEV-CD8CA41427,Andheri,KYC-IND-8D2D1CB31D
ACC-02340,legit,333,active,[],DEV-262AEB9265,Navi Mumbai,KYC-IND-9B3C3ABA5C
ACC-02341,legit,235,dormant,[],DEV-20C7A0B711,Central BLR,KYC-IND-262DD0B9F9
ACC-02342,legit,353,active,[],DEV-F760C1F1BD,Koramangala,KYC-IND-B26D8AD591
ACC-02343,mule_l1,1600,frozen,"[""ATM-ICICI-23-288""]",DEV-12517D4FB6,Whitefield,KYC-RING-HASH-SCN-SHARED_KYC_CLUSTER-036
ACC-02344,legit,1521,active,[],DEV-41884F112B,Electronic City,KYC-IND-B401BEE00B
ACC-02345,legit,300,dormant,[],DEV-A7153DBF27,Hitec City,KYC-IND-B23BB891F3
ACC-02346,legit,187,active,[],DEV-C962976249,Banjara Hills,KYC-IND-50D7EADF46
ACC-02347,legit,83,active,[],DEV-2DBAFC0B34,Secunderabad,KYC-IND-95D1DE5E76
ACC-02348,legit,23,frozen,[],DEV-3D73ECF7B4,Old City Hyderabad,KYC-IND-D7588B71B8
ACC-02349,legit,1799,dormant,[],DEV-E3722EC2B5,Anna Salai,KYC-IND-A0F2046651
ACC-02350,legit,12,active,[],DEV-100D8AE1C1,OMR Taramani,KYC-IND-47E074A15C
ACC-02351,legit,356,frozen,[],DEV-4F41FC65E9,T-Nagar,KYC-IND-F2BDA91C7B
ACC-02352,legit,313,dormant,[],DEV-A5C7C7D15D,Guindy,KYC-IND-B452C2B6ED
ACC-02353,legit,1303,dormant,[],DEV-B69CAFCBFC,Park Street,KYC-IND-47BCD733B8
ACC-02354,legit,232,active,[],DEV-954826C92C,Salt Lake Sector V,KYC-IND-CD5AA01020
ACC-02355,legit,213,active,[],DEV-62E3CD8312,New Town Kolkata,KYC-IND-531B4E52DB
ACC-02356,legit,28,active,[],DEV-0475F6288F,Howrah,KYC-IND-A134722D51
ACC-02357,legit,1005,active,[],DEV-648847F06B,Shivaji Nagar Pune,KYC-IND-3CE522D229
ACC-02358,legit,42,dormant,[],DEV-A69FE545B1,Hinjewadi IT Park,KYC-IND-102ACB4091
ACC-02359,legit,260,active,[],DEV-2BF380007A,Magarpatta Hadapsar,KYC-IND-9C54931AA8
ACC-02360,legit,100,frozen,[],DEV-5E84734750,Kothrud,KYC-IND-B9E4728B21
ACC-02361,legit,58,dormant,[],DEV-0812AB3247,Navrangpura,KYC-IND-77991D004F
ACC-02362,legit,226,active,[],DEV-AB168E50AB,SG Highway,KYC-IND-81EAA95A39
ACC-02363,legit,804,active,[],DEV-8D94B70A7C,Maninagar,KYC-IND-6648D4B3E6
ACC-02364,legit,1015,active,[],DEV-83FB53ED7F,Gandhinagar Center,KYC-IND-717B69122C
ACC-02365,legit,1535,active,[],DEV-CC97B4AEC5,MI Road Jaipur,KYC-IND-FD85766B7B
ACC-02366,legit,330,active,[],DEV-5C7F33398F,Malviya Nagar Jaipur,KYC-IND-0F9AA3606B
ACC-02367,legit,269,frozen,[],DEV-83629C67D2,Vaishali Nagar,KYC-IND-11D0A54E7E
ACC-02368,legit,203,dormant,[],DEV-904D9E6AA7,Hazratganj,KYC-IND-16AB71BD42
ACC-02369,legit,48,active,[],DEV-CA2C94EB57,Gomti Nagar Lucknow,KYC-IND-52E4E57EEA
ACC-02370,legit,193,active,[],DEV-ED509A0C14,Alambagh,KYC-IND-47BEE3BE02
ACC-02371,legit,1374,active,[],DEV-7AF915C6D2,Ernakulam Central,KYC-IND-D1014FCF9C
ACC-02372,legit,14,active,[],DEV-F977D04D31,Kakkanad InfoPark,KYC-IND-5644808397
ACC-02373,legit,1,frozen,[],DEV-4793F49688,Fort Kochi,KYC-IND-B24B83EFD8
ACC-02374,legit,13,frozen,[],DEV-B79BDC2EEC,Ring Road Surat,KYC-IND-14ED90FE26
ACC-02375,victim,226,frozen,[],DEV-B5580C4932,Adajan,KYC-IND-4B5CA8B4A4
ACC-02376,mule_l1,156,active,[],DEV-SHARED-SCN-LAYERING-011,Vesu Surat,KYC-RING-SCN-LAYERING-011
ACC-02377,legit,36,frozen,[],DEV-D868744CE8,New Delhi Central,KYC-IND-871838304A
ACC-02378,mule_l1,12,active,"[""ATM-BOI-26-203""]",DEV-3C1855FA50,South Delhi,KYC-RING-HASH-SCN-SHARED_KYC_CLUSTER-035
ACC-02379,legit,30,active,[],DEV-78920E8EB4,Noida,KYC-IND-B61B24B389
ACC-02380,legit,2264,active,[],DEV-0CA26F44AA,Gurugram,KYC-IND-CDBE7A6C65
ACC-02381,legit,8,active,[],DEV-4AA4543350,South Mumbai,KYC-IND-96ED1D6C33
ACC-02382,legit,132,active,[],DEV-1EC68C91E9,Bandra BKC,KYC-IND-E1E56EF5B4
ACC-02383,legit,14,active,[],DEV-67F3317FA3,Andheri,KYC-IND-8AA67196D3
ACC-02384,aggregator,156,dormant,"[""ATM-PNB-07-360""]",DEV-SHARED-SCN-LAYERING-007,Navi Mumbai,KYC-RING-SCN-LAYERING-007
ACC-02385,legit,1082,active,[],DEV-86345715C7,Central BLR,KYC-IND-9E6297FFF9
ACC-02386,legit,10,dormant,[],DEV-4F4B0E9AE8,Koramangala,KYC-IND-F36AF91137
ACC-02387,legit,285,active,[],DEV-4F8205CBA8,Whitefield,KYC-IND-8ADDB9A22B
ACC-02388,mule_l1,403,dormant,[],DEV-2F6B1752D2,Electronic City,KYC-IND-7AF3003E3A
ACC-02389,legit,17,active,[],DEV-E66C7E340F,Hitec City,KYC-IND-B6F0D96CE5
ACC-02390,legit,117,frozen,[],DEV-B0B9B6F429,Banjara Hills,KYC-IND-6343787615
ACC-02391,legit,2166,active,[],DEV-065A08D6DC,Secunderabad,KYC-IND-814E8BFDFD
ACC-02392,legit,2155,active,[],DEV-FE31278C59,Old City Hyderabad,KYC-IND-8E4006B18B
ACC-02393,legit,283,active,[],DEV-7949637A7B,Anna Salai,KYC-IND-673BEF1D6D
ACC-02394,legit,258,active,[],DEV-52CDCCF7E7,OMR Taramani,KYC-IND-BE3BDD8933
ACC-02395,legit,2016,dormant,[],DEV-C2FD63B6D9,T-Nagar,KYC-IND-07FF6D6E88
ACC-02396,legit,184,frozen,[],DEV-7243152D01,Guindy,KYC-IND-F809055F7C
ACC-02397,legit,2,active,[],DEV-4E9F45F102,Park Street,KYC-IND-70141E6F63
ACC-02398,legit,254,active,[],DEV-735558F06F,Salt Lake Sector V,KYC-IND-8B21A366F8
ACC-02399,legit,12,active,[],DEV-EE584E2AFE,New Town Kolkata,KYC-IND-3A5C7DC3D3
ACC-02400,legit,297,active,[],DEV-29F5695259,Howrah,KYC-IND-BC9CC36326
ACC-02401,legit,338,active,[],DEV-DBDFD2B7F3,Shivaji Nagar Pune,KYC-IND-9AA6F7EB8D
ACC-02402,legit,356,active,[],DEV-A888CC4825,Hinjewadi IT Park,KYC-IND-35E2BEEA91
ACC-02403,legit,145,frozen,[],DEV-E9872EF71C,Magarpatta Hadapsar,KYC-IND-2BD125C6DF
ACC-02404,legit,10,active,[],DEV-6D4DBE4EC7,Kothrud,KYC-IND-984A2C74EB
ACC-02405,legit,269,dormant,[],DEV-9FCB34C5D0,Navrangpura,KYC-IND-3D0DDE01D8
ACC-02406,legit,267,active,[],DEV-A6B2A8ED3F,SG Highway,KYC-IND-C8EC4B6315
ACC-02407,legit,317,dormant,[],DEV-DDA24F5E77,Maninagar,KYC-IND-06A698875A
ACC-02408,legit,1931,frozen,[],DEV-2A4293388C,Gandhinagar Center,KYC-IND-A862262E84
ACC-02409,legit,225,dormant,[],DEV-8998350904,MI Road Jaipur,KYC-IND-906FD124EE
ACC-02410,mule_l1,263,active,[],DEV-SHARED-SCN-FAN_OUT-021,Malviya Nagar Jaipur,KYC-RING-SCN-FAN_OUT-021
ACC-02411,legit,307,active,[],DEV-AF7FE6EF8E,Vaishali Nagar,KYC-IND-F378973CA9
ACC-02412,legit,1686,dormant,[],DEV-2E83A572C4,Hazratganj,KYC-IND-76A8E3A905
ACC-02413,legit,2477,frozen,[],DEV-13220E508E,Gomti Nagar Lucknow,KYC-IND-6CC4FA052A
ACC-02414,legit,73,frozen,[],DEV-E6F300C328,Alambagh,KYC-IND-F801A92F1E
ACC-02415,legit,12,active,[],DEV-0AAF1BF265,Ernakulam Central,KYC-IND-24F8965462
ACC-02416,legit,353,active,[],DEV-4F9DFC1B21,Kakkanad InfoPark,KYC-IND-4DCECAE976
ACC-02417,legit,278,dormant,[],DEV-67610AD30F,Fort Kochi,KYC-IND-622E577E7B
ACC-02418,legit,102,active,[],DEV-4C8A13E1AF,Ring Road Surat,KYC-IND-119069289D
ACC-02419,legit,3,active,[],DEV-7F5963F80C,Adajan,KYC-IND-E0D647D7AD
ACC-02420,legit,147,active,[],DEV-05C753A7DC,Vesu Surat,KYC-IND-D010476239
ACC-02421,legit,708,active,[],DEV-D60307FC69,New Delhi Central,KYC-IND-83035BFDEF
ACC-02422,legit,2467,frozen,[],DEV-22B4CAC54C,South Delhi,KYC-IND-DEF572BBDE
ACC-02423,legit,2203,active,[],DEV-249D65922D,Noida,KYC-IND-78ED4EADDD
ACC-02424,legit,8,active,[],DEV-F124F47363,Gurugram,KYC-IND-569A1CD94C
ACC-02425,legit,335,frozen,[],DEV-979F4017F2,South Mumbai,KYC-IND-02F51430D7
ACC-02426,legit,2447,active,[],DEV-A397BBBB19,Bandra BKC,KYC-IND-06B4708286
ACC-02427,legit,2000,active,[],DEV-8EBC732604,Andheri,KYC-IND-E3851FBE95
ACC-02428,legit,76,dormant,[],DEV-39600A7E32,Navi Mumbai,KYC-IND-88DE57BFA7
ACC-02429,legit,2467,active,[],DEV-ECB2C930E0,Central BLR,KYC-IND-C6E454665D
ACC-02430,legit,274,active,[],DEV-0BCB32981A,Koramangala,KYC-IND-4E154A4927
ACC-02431,legit,3,active,[],DEV-9EE0FCDC4E,Whitefield,KYC-IND-BD25E5DCA9
ACC-02432,legit,38,dormant,[],DEV-1021A61148,Electronic City,KYC-IND-4076D8B19B
ACC-02433,legit,62,active,[],DEV-CE486B6909,Hitec City,KYC-IND-2EAD57407C
ACC-02434,legit,58,active,[],DEV-93E00CFB97,Banjara Hills,KYC-IND-2C55AD736C
ACC-02435,legit,11,active,[],DEV-0F77450979,Secunderabad,KYC-IND-A5A58FE2F2
ACC-02436,legit,270,frozen,[],DEV-2C288BE05A,Old City Hyderabad,KYC-IND-399039B939
ACC-02437,legit,358,dormant,[],DEV-D141DE7073,Anna Salai,KYC-IND-1F6281260A
ACC-02438,legit,252,dormant,[],DEV-E5998B3B36,OMR Taramani,KYC-IND-89B6A0BC48
ACC-02439,legit,2320,active,[],DEV-2CD9B77C04,T-Nagar,KYC-IND-11CEE95196
ACC-02440,legit,132,active,[],DEV-2ACAA51C79,Guindy,KYC-IND-EAE42AC277
ACC-02441,mule_l1,2100,active,[],DEV-SHARED-SCN-FAN_OUT-018,Park Street,KYC-RING-SCN-FAN_OUT-018
ACC-02442,legit,9,active,[],DEV-3C82B4AFAF,Salt Lake Sector V,KYC-IND-37C9E47703
ACC-02443,legit,298,frozen,[],DEV-4FDBA425D9,New Town Kolkata,KYC-IND-3518FC0F11
ACC-02444,legit,1816,active,[],DEV-A52C82F124,Howrah,KYC-IND-B6B684CFB5
ACC-02445,legit,352,dormant,[],DEV-C7A506C040,Shivaji Nagar Pune,KYC-IND-6D975C88F6
ACC-02446,legit,324,dormant,[],DEV-9754D2EEF0,Hinjewadi IT Park,KYC-IND-6873EE6A89
ACC-02447,legit,327,dormant,[],DEV-1AB17A39BB,Magarpatta Hadapsar,KYC-IND-E24A5CE53C
ACC-02448,legit,150,frozen,[],DEV-DFC4662058,Kothrud,KYC-IND-2CF87FDB60
ACC-02449,legit,276,active,[],DEV-205903658E,Navrangpura,KYC-IND-675A8C3F69
ACC-02450,legit,93,frozen,[],DEV-81C9A740B1,SG Highway,KYC-IND-4293CEB4E3
ACC-02451,legit,96,active,[],DEV-C76099764D,Maninagar,KYC-IND-8130E696CD
ACC-02452,legit,337,dormant,[],DEV-7B33C7293E,Gandhinagar Center,KYC-IND-17237B7EDC
ACC-02453,legit,15,frozen,[],DEV-8908CE3AC8,MI Road Jaipur,KYC-IND-71881AF2A4
ACC-02454,legit,1275,active,[],DEV-E0D4BD451B,Malviya Nagar Jaipur,KYC-IND-E636B4F94E
ACC-02455,legit,271,active,[],DEV-CB2B0381F3,Vaishali Nagar,KYC-IND-547C875DEC
ACC-02456,legit,929,active,[],DEV-D65B62758D,Hazratganj,KYC-IND-00B40B3C5E
ACC-02457,legit,284,dormant,[],DEV-BADAB1CDF8,Gomti Nagar Lucknow,KYC-IND-95944858F5
ACC-02458,legit,1,frozen,[],DEV-E4B6A8D1A5,Alambagh,KYC-IND-970CB498BC
ACC-02459,legit,2,active,[],DEV-9798FFFABE,Ernakulam Central,KYC-IND-66C3E7DD41
ACC-02460,legit,13,active,[],DEV-711731CCB6,Kakkanad InfoPark,KYC-IND-96EA19D969
ACC-02461,legit,1034,active,[],DEV-53CB4FD02C,Fort Kochi,KYC-IND-E13ACF3E4F
ACC-02462,legit,4,dormant,[],DEV-97AE4E91A0,Ring Road Surat,KYC-IND-E211536BB9
ACC-02463,legit,1765,active,[],DEV-097EFF8D70,Adajan,KYC-IND-D193777EA2
ACC-02464,legit,5,active,[],DEV-07C59E2F72,Vesu Surat,KYC-IND-F9112E653A
ACC-02465,legit,6,active,[],DEV-61B1BB917C,New Delhi Central,KYC-IND-25C0AE2771
ACC-02466,legit,157,active,[],DEV-1C6202A135,South Delhi,KYC-IND-29645C5ACA
ACC-02467,legit,330,active,[],DEV-AA8DDF9A6B,Noida,KYC-IND-AA80D7F78D
ACC-02468,legit,113,active,[],DEV-18988AF904,Gurugram,KYC-IND-E00AF96555
ACC-02469,legit,2071,dormant,[],DEV-7064291B35,South Mumbai,KYC-IND-1EA2AFCF05
ACC-02470,legit,262,active,[],DEV-DCB7AA8EB1,Bandra BKC,KYC-IND-D03E2D5718
ACC-02471,victim,147,frozen,[],DEV-21E03EE4B3,Andheri,KYC-IND-C6B6E9E618
ACC-02472,legit,537,frozen,[],DEV-FDD71F36B5,Navi Mumbai,KYC-IND-54828F93C9
ACC-02473,legit,377,dormant,[],DEV-34E3BF75DB,Central BLR,KYC-IND-DF3EAE1EAE
ACC-02474,legit,64,active,[],DEV-B248628063,Koramangala,KYC-IND-E92C2D1D18
ACC-02475,legit,279,active,[],DEV-A612C3992A,Whitefield,KYC-IND-6553D5AA72
ACC-02476,legit,1122,dormant,[],DEV-BCED24B38B,Electronic City,KYC-IND-8B263C55C8
ACC-02477,mule_l1,617,dormant,"[""ATM-JIO-29-470""]",DEV-SHARED-SCN-FAN_IN_FAN_OUT-023,Hitec City,KYC-IND-2531C492C6
ACC-02478,legit,142,frozen,[],DEV-A3D46E2A3A,Banjara Hills,KYC-IND-C3A7ACC5F7
ACC-02479,aggregator,240,active,[],DEV-0E2792E4D8,Secunderabad,KYC-IND-AEBF34FBCA
ACC-02480,legit,174,active,[],DEV-FAF98B6A08,Old City Hyderabad,KYC-IND-EF8926B709
ACC-02481,mule_l1,175,active,[],DEV-SHARED-SCN-FAN_OUT-021,Anna Salai,KYC-RING-SCN-FAN_OUT-021
ACC-02482,legit,321,active,[],DEV-633E488546,OMR Taramani,KYC-IND-712B7CE918
ACC-02483,legit,259,active,[],DEV-A5EF1F22CB,T-Nagar,KYC-IND-DA73E7E6F6
ACC-02484,legit,548,active,[],DEV-E8AA5E5E2C,Guindy,KYC-IND-9E0D5AFA8E
ACC-02485,legit,231,active,[],DEV-DB7B059C59,Park Street,KYC-IND-D010476239
ACC-02486,legit,299,dormant,[],DEV-F7EB457C71,Salt Lake Sector V,KYC-IND-5E85D8E4B9
ACC-02487,aggregator,225,active,"[""ATM-PAYTM-22-419""]",DEV-C5A854F747,New Town Kolkata,KYC-IND-84E82D5E05
ACC-02488,legit,182,active,[],DEV-80C0302A8E,Howrah,KYC-IND-C3444545DB
ACC-02489,legit,18,active,[],DEV-EBEC917AC1,Shivaji Nagar Pune,KYC-IND-B11BC4BADD
ACC-02490,mule_l1,308,active,"[""ATM-ICICI-23-288""]",DEV-230330F5E1,Hinjewadi IT Park,KYC-RING-HASH-SCN-SHARED_KYC_CLUSTER-036
ACC-02491,legit,312,active,[],DEV-3483BE8D15,Magarpatta Hadapsar,KYC-IND-2F4B79D576
ACC-02492,legit,207,dormant,[],DEV-C98E6BB2E8,Kothrud,KYC-IND-7011B7ADC1
ACC-02493,legit,300,frozen,[],DEV-AC2F7B9875,Navrangpura,KYC-IND-E6D828102E
ACC-02494,legit,40,active,[],DEV-F27C3E817C,SG Highway,KYC-IND-5D2947549F
ACC-02495,legit,22,active,[],DEV-A4BF1DD224,Maninagar,KYC-IND-82CFDBC674
ACC-02496,legit,2373,dormant,[],DEV-4E3B7161C8,Gandhinagar Center,KYC-IND-5D64F194AE
ACC-02497,legit,2211,active,[],DEV-41A5A2B218,MI Road Jaipur,KYC-IND-802F7C65BF
ACC-02498,legit,1153,frozen,[],DEV-C21B139FE9,Malviya Nagar Jaipur,KYC-IND-A267E232A9
ACC-02499,legit,3,active,[],DEV-3D108FAF5B,Vaishali Nagar,KYC-IND-BFE21154B9
ACC-02500,legit,222,dormant,[],DEV-D08D60EDA8,Hazratganj,KYC-IND-0ECC19E0B0
ACC-02501,legit,1120,dormant,[],DEV-93BB509F76,Gomti Nagar Lucknow,KYC-IND-3AFABF69D9
ACC-02502,legit,70,dormant,[],DEV-C585035FAD,Alambagh,KYC-IND-C9655E3EC3
ACC-02503,legit,192,active,[],DEV-1121402EFE,Ernakulam Central,KYC-IND-EAB47CC49B
ACC-02504,legit,11,dormant,[],DEV-D8C5D9CDC4,Kakkanad InfoPark,KYC-IND-A409B4505D
ACC-02505,legit,104,active,[],DEV-630B7E7CCB,Fort Kochi,KYC-IND-3458619AEF
ACC-02506,legit,2217,dormant,[],DEV-EE0F6C7111,Ring Road Surat,KYC-IND-CCEACE4AE3
ACC-02507,legit,351,dormant,[],DEV-5C718EEFD3,Adajan,KYC-IND-8F1026E1B2
ACC-02508,legit,176,frozen,[],DEV-35EAD6AA7E,Vesu Surat,KYC-IND-D8725582D7
ACC-02509,legit,2,active,[],DEV-F0563EF3EB,New Delhi Central,KYC-IND-9E7FFB8538
ACC-02510,legit,744,active,[],DEV-785FF79585,South Delhi,KYC-IND-E0B96B483D
ACC-02511,legit,1394,frozen,[],DEV-ABA687277F,Noida,KYC-IND-45CBBA2655
ACC-02512,legit,45,active,[],DEV-40DB09F375,Gurugram,KYC-IND-D6166EFBBD
ACC-02513,mule_l1,427,active,[],DEV-SHARED-SCN-LAYERING-008,South Mumbai,KYC-RING-SCN-LAYERING-008
ACC-02514,legit,217,dormant,[],DEV-C50ED0AE33,Bandra BKC,KYC-IND-72A56F78D8
ACC-02515,legit,889,active,[],DEV-168EDBFBCE,Andheri,KYC-IND-6A7FE0DFEC
ACC-02516,legit,319,active,[],DEV-A05E377835,Navi Mumbai,KYC-IND-C4C0D46987
ACC-02517,legit,421,active,[],DEV-92E7BE1119,Central BLR,KYC-IND-3623AA9937
ACC-02518,legit,2039,active,[],DEV-335761646F,Koramangala,KYC-IND-C21FFBD181
ACC-02519,legit,232,active,[],DEV-246610D35E,Whitefield,KYC-IND-42DDB5B5B6
ACC-02520,legit,3,active,[],DEV-7580CE544B,Electronic City,KYC-IND-5B588C6D9B
ACC-02521,legit,260,active,[],DEV-B996EE66F8,Hitec City,KYC-IND-7EB87A532A
ACC-02522,legit,316,dormant,[],DEV-48FFBF7224,Banjara Hills,KYC-IND-BEB3D6CA63
ACC-02523,legit,251,frozen,[],DEV-D5AC374F35,Secunderabad,KYC-IND-B2215F1926
ACC-02524,legit,1057,active,[],DEV-B4CAC42C19,Old City Hyderabad,KYC-IND-A7724BEA88
ACC-02525,legit,1082,active,[],DEV-E2EA3AA7F3,Anna Salai,KYC-IND-849325EDC6
ACC-02526,legit,134,frozen,[],DEV-FF14FE5B81,OMR Taramani,KYC-IND-8AA6C7E8F5
ACC-02527,legit,152,active,[],DEV-B873B2FAAA,T-Nagar,KYC-IND-BD72AE58BC
ACC-02528,legit,1408,active,[],DEV-567CDA7B9E,Guindy,KYC-IND-C2F08BD03C
ACC-02529,legit,254,active,[],DEV-BD5BD9743D,Park Street,KYC-IND-225DDECE0B
ACC-02530,legit,680,active,[],DEV-01314797E3,Salt Lake Sector V,KYC-IND-D48C82ECE7
ACC-02531,legit,244,active,[],DEV-633E160142,New Town Kolkata,KYC-IND-455C8907B4
ACC-02532,legit,266,frozen,[],DEV-94C5EE25B9,Howrah,KYC-IND-43A6DD2EFF
ACC-02533,legit,2212,dormant,[],DEV-0C008523FD,Shivaji Nagar Pune,KYC-IND-33FF3CCB60
ACC-02534,victim,120,active,[],DEV-294C57355A,Hinjewadi IT Park,KYC-IND-8C2FE7877E
ACC-02535,legit,362,active,[],DEV-0163D52DE2,Magarpatta Hadapsar,KYC-IND-21DE355C6B
ACC-02536,legit,14,frozen,[],DEV-8C70F50293,Kothrud,KYC-IND-A5B9789E78
ACC-02537,legit,52,dormant,[],DEV-4C03591541,Navrangpura,KYC-IND-F32107BBFF
ACC-02538,legit,9,active,[],DEV-A612EB5166,SG Highway,KYC-IND-BB2D2CF5F0
ACC-02539,legit,13,dormant,[],DEV-82FA6AF97D,Maninagar,KYC-IND-1DC93A787E
ACC-02540,legit,1410,active,[],DEV-1FE7322DC8,Gandhinagar Center,KYC-IND-2F49735F58
ACC-02541,legit,212,frozen,[],DEV-A576F0911C,MI Road Jaipur,KYC-IND-3D2A9DFFF5
ACC-02542,mule_l1,1697,frozen,"[""AEPS-PNB-33-342""]",DEV-SHARED-SCN-SIMPLE_MULE-001,Malviya Nagar Jaipur,KYC-IND-C1DF213247
ACC-02543,mule_l1,334,active,[],DEV-17EFD6E321,Vaishali Nagar,KYC-IND-AAF506A87D
ACC-02544,legit,171,active,[],DEV-321AD7ECF9,Hazratganj,KYC-IND-D46A6D5B3E
ACC-02545,legit,791,frozen,[],DEV-B678258BAB,Gomti Nagar Lucknow,KYC-IND-615DFA78A4
ACC-02546,legit,2170,dormant,[],DEV-1A054D8CA1,Alambagh,KYC-IND-79E8AB1976
ACC-02547,legit,49,dormant,[],DEV-72BD311D11,Ernakulam Central,KYC-IND-67E3A1D3D2
ACC-02548,legit,145,active,[],DEV-57B629D1EC,Kakkanad InfoPark,KYC-IND-03FF5F4092
ACC-02549,legit,1437,active,[],DEV-FFF5675FCF,Fort Kochi,KYC-IND-E760383720
ACC-02550,victim,1227,frozen,[],DEV-7A799BDD8D,Ring Road Surat,KYC-IND-FFB9DD1E1D
ACC-02551,legit,258,frozen,[],DEV-C8A1D504B1,Adajan,KYC-IND-B36E28F3EA
ACC-02552,legit,297,active,[],DEV-7C2B50EF9A,Vesu Surat,KYC-IND-6B131B6E8F
ACC-02553,legit,357,active,[],DEV-E1E79CF41D,New Delhi Central,KYC-IND-37E72C9D1D
ACC-02554,legit,90,frozen,[],DEV-54C012E191,South Delhi,KYC-IND-02BC385CD3
ACC-02555,legit,353,active,[],DEV-27D360AB0E,Noida,KYC-IND-C3ED648FFF
ACC-02556,legit,2109,frozen,[],DEV-12307F6AB0,Gurugram,KYC-IND-C95444F125
ACC-02557,legit,615,active,[],DEV-EC8D7BB3BE,South Mumbai,KYC-IND-EE4A4259F1
ACC-02558,legit,311,active,[],DEV-6B40007731,Bandra BKC,KYC-IND-FACD5EB5E9
ACC-02559,legit,14,dormant,[],DEV-7507F4681C,Andheri,KYC-IND-99554F1D44
ACC-02560,legit,134,active,[],DEV-C5DBCFA8DA,Navi Mumbai,KYC-IND-5106D6561D
ACC-02561,legit,1927,active,[],DEV-1881AD997A,Central BLR,KYC-IND-C743892EA8
ACC-02562,legit,119,frozen,[],DEV-2D07F95C4D,Koramangala,KYC-IND-210A089583
ACC-02563,legit,98,frozen,[],DEV-1CD5144D98,Whitefield,KYC-IND-7DDC9940F0
ACC-02564,legit,67,active,[],DEV-5AB1C46E75,Electronic City,KYC-IND-16EFB32402
ACC-02565,legit,2413,active,[],DEV-CD838ECD4A,Hitec City,KYC-IND-F6673CECE9
ACC-02566,mule_l1,1226,active,[],DEV-SHARED-SCN-FAN_IN-015,Banjara Hills,KYC-RING-SCN-FAN_IN-015
ACC-02567,legit,40,frozen,[],DEV-908A809E37,Secunderabad,KYC-IND-20441D3742
ACC-02568,legit,89,active,[],DEV-0869E8059D,Old City Hyderabad,KYC-IND-9AAE4EAE07
ACC-02569,legit,3,active,[],DEV-1684B5A1E7,Anna Salai,KYC-IND-25D34FD5FB
ACC-02570,legit,2,frozen,[],DEV-04DBFA4BC7,OMR Taramani,KYC-IND-79979FD5C5
ACC-02571,legit,73,active,[],DEV-0619EBBD0A,T-Nagar,KYC-IND-8959702504
ACC-02572,legit,338,frozen,[],DEV-AD04882694,Guindy,KYC-IND-25AB61E0C6
ACC-02573,legit,361,dormant,[],DEV-D723A67644,Park Street,KYC-IND-D0BB10AB84
ACC-02574,legit,295,active,[],DEV-EDAACF8D6F,Salt Lake Sector V,KYC-IND-E45F46DD8A
ACC-02575,legit,211,active,[],DEV-2F1FA87933,New Town Kolkata,KYC-IND-864201812B
ACC-02576,legit,1329,frozen,[],DEV-62E63369C6,Howrah,KYC-IND-15AB356B29
ACC-02577,legit,139,active,[],DEV-B7A7CDDB95,Shivaji Nagar Pune,KYC-IND-8648B28FC5
ACC-02578,victim,2342,active,[],DEV-4609670625,Hinjewadi IT Park,KYC-IND-FDA00F5B4B
ACC-02579,legit,932,active,[],DEV-DAC923E301,Magarpatta Hadapsar,KYC-IND-9CE3C99F1C
ACC-02580,legit,316,active,[],DEV-BB99866BD3,Kothrud,KYC-IND-A63B489F21
ACC-02581,legit,508,active,[],DEV-4F8E6930A5,Navrangpura,KYC-IND-2C3523973C
ACC-02582,legit,435,dormant,[],DEV-C740737B84,SG Highway,KYC-IND-7B82476339
ACC-02583,legit,108,active,[],DEV-B5962C46B1,Maninagar,KYC-IND-AF38C19217
ACC-02584,legit,1715,frozen,[],DEV-FD48296706,Gandhinagar Center,KYC-IND-E09CA4BCDA
ACC-02585,legit,1723,active,[],DEV-3D29075026,MI Road Jaipur,KYC-IND-B94275B43A
ACC-02586,legit,7,dormant,[],DEV-D534CF95CC,Malviya Nagar Jaipur,KYC-IND-30ABF21502
ACC-02587,legit,1,dormant,[],DEV-636B34F2A4,Vaishali Nagar,KYC-IND-1A7BE379B8
ACC-02588,legit,59,active,[],DEV-D49C8FC5CE,Hazratganj,KYC-IND-712B7CE918
ACC-02589,legit,1286,active,[],DEV-AE49AEA3E2,Gomti Nagar Lucknow,KYC-IND-0C0936B457
ACC-02590,legit,180,active,[],DEV-0491FE033F,Alambagh,KYC-IND-B446F9E846
ACC-02591,legit,1467,frozen,[],DEV-0FA7E78C4F,Ernakulam Central,KYC-IND-41B1A952B3
ACC-02592,legit,22,active,[],DEV-806916BD03,Kakkanad InfoPark,KYC-IND-B2FFB3156E
ACC-02593,legit,2126,dormant,[],DEV-C10CE706F5,Fort Kochi,KYC-IND-1DF9D568A0
ACC-02594,legit,87,dormant,[],DEV-2EAF731C83,Ring Road Surat,KYC-IND-DD309475EA
ACC-02595,legit,333,dormant,[],DEV-96A120BA5B,Adajan,KYC-IND-7335A3CFCF
ACC-02596,legit,22,frozen,[],DEV-2356FC6313,Vesu Surat,KYC-IND-0B18C182BA
ACC-02597,legit,299,frozen,[],DEV-B52D377C04,New Delhi Central,KYC-IND-8F1F035792
ACC-02598,legit,256,frozen,[],DEV-66A0CA6E3F,South Delhi,KYC-IND-768BF80743
ACC-02599,legit,263,frozen,[],DEV-46C3A03300,Noida,KYC-IND-3509E3A9C5
ACC-02600,legit,13,frozen,[],DEV-FF719D4B2B,Gurugram,KYC-IND-F09898A2A5
ACC-02601,legit,54,frozen,[],DEV-9E8E48F11C,South Mumbai,KYC-IND-1D7879F524
ACC-02602,legit,319,active,[],DEV-B57E5619F6,Bandra BKC,KYC-IND-6FFBA9443F
ACC-02603,legit,909,dormant,[],DEV-1A09DA0B02,Andheri,KYC-IND-2C3523973C
ACC-02604,legit,1834,dormant,[],DEV-B8BDECD195,Navi Mumbai,KYC-IND-40D408B7C5
ACC-02605,mule_l1,310,frozen,"[""ATM-HDFC-42-043""]",DEV-F48D0BBFA0,Central BLR,KYC-IND-4600C2EBB7
ACC-02606,legit,22,active,[],DEV-F4E9655467,Koramangala,KYC-IND-319E1FBD5B
ACC-02607,legit,17,frozen,[],DEV-4484882D4D,Whitefield,KYC-IND-D877B42E67
ACC-02608,legit,52,dormant,[],DEV-401D8244EF,Electronic City,KYC-IND-461E6B85C4
ACC-02609,legit,75,dormant,[],DEV-B62C42C3E8,Hitec City,KYC-IND-9616A9D60C
ACC-02610,legit,61,active,[],DEV-2827D6E7CD,Banjara Hills,KYC-IND-2C84134086
ACC-02611,legit,109,active,[],DEV-43C243295D,Secunderabad,KYC-IND-A5B2966835
ACC-02612,legit,345,frozen,[],DEV-43B141E467,Old City Hyderabad,KYC-IND-5F271EF32A
ACC-02613,legit,12,frozen,[],DEV-D809DFBDF2,Anna Salai,KYC-IND-3E4151F9C5
ACC-02614,legit,151,active,[],DEV-CEFF6B1FF4,OMR Taramani,KYC-IND-5036336808
ACC-02615,legit,259,active,[],DEV-2FDCBAF20E,T-Nagar,KYC-IND-76C48357C4
ACC-02616,legit,1,active,[],DEV-B300A3B37F,Guindy,KYC-IND-56B3BFF590
ACC-02617,legit,82,active,[],DEV-0B73FFB057,Park Street,KYC-IND-63DAD7A2A5
ACC-02618,legit,165,active,[],DEV-E31E521740,Salt Lake Sector V,KYC-IND-4D2D9822EF
ACC-02619,legit,1672,dormant,[],DEV-8899A3C552,New Town Kolkata,KYC-IND-3723B0B2D4
ACC-02620,legit,310,active,[],DEV-153D5387BC,Howrah,KYC-IND-A6FC19445B
ACC-02621,legit,2401,active,[],DEV-20CCAECE01,Shivaji Nagar Pune,KYC-IND-B1F0FF547D
ACC-02622,legit,12,active,[],DEV-F4A0E54EC1,Hinjewadi IT Park,KYC-IND-07992219D3
ACC-02623,mule_l1,190,dormant,"[""ATM-BOI-26-203""]",DEV-4629C65872,Magarpatta Hadapsar,KYC-RING-HASH-SCN-SHARED_KYC_CLUSTER-035
ACC-02624,legit,3,active,[],DEV-3D4BA17253,Kothrud,KYC-IND-3A48B9142D
ACC-02625,legit,255,active,[],DEV-87440D5844,Navrangpura,KYC-IND-DDB219A36C
ACC-02626,victim,1709,active,[],DEV-827BD12974,SG Highway,KYC-IND-CB5B823E57
ACC-02627,legit,9,frozen,[],DEV-902404CDCE,Maninagar,KYC-IND-2BA59318E7
ACC-02628,legit,246,active,[],DEV-937F5FE554,Gandhinagar Center,KYC-IND-19FCC441A7
ACC-02629,legit,662,dormant,[],DEV-582ED2EA4D,MI Road Jaipur,KYC-IND-1800CCB0FA
ACC-02630,legit,206,active,[],DEV-F5918860E7,Malviya Nagar Jaipur,KYC-IND-C26B9627C4
ACC-02631,legit,6,frozen,[],DEV-9F126F8E2B,Vaishali Nagar,KYC-IND-5BA43FA680
ACC-02632,aggregator,607,active,"[""ATM-BOI-35-212""]",DEV-SHARED-SCN-LAYERING-010,Hazratganj,KYC-RING-SCN-LAYERING-010
ACC-02633,legit,15,frozen,[],DEV-EAC33A8CEB,Gomti Nagar Lucknow,KYC-IND-A276C5FCA0
ACC-02634,legit,70,active,[],DEV-14AE846D4B,Alambagh,KYC-IND-8648B28FC5
ACC-02635,legit,37,active,[],DEV-CC3938AE57,Ernakulam Central,KYC-IND-B7F7EB4169
ACC-02636,legit,2170,active,[],DEV-287B5CD34F,Kakkanad InfoPark,KYC-IND-189814A081
ACC-02637,legit,37,active,[],DEV-7D79D2B61F,Fort Kochi,KYC-IND-C4A784E0CD
ACC-02638,legit,1651,active,[],DEV-B2748ECB1F,Ring Road Surat,KYC-IND-A610AE90EB
ACC-02639,legit,349,active,[],DEV-C701A1F5C6,Adajan,KYC-IND-C70C932C6C
ACC-02640,legit,174,frozen,[],DEV-A26AEBFCF2,Vesu Surat,KYC-IND-E5DEA64E25
ACC-02641,legit,131,active,[],DEV-C1BB090A72,New Delhi Central,KYC-IND-9F78CF23B4
ACC-02642,legit,226,frozen,[],DEV-B318752809,South Delhi,KYC-IND-B6F0D96CE5
ACC-02643,legit,226,active,[],DEV-6B76A91E59,Noida,KYC-IND-49EF4FE437
ACC-02644,legit,256,active,[],DEV-B0CB6027C6,Gurugram,KYC-IND-5BE40941AB
ACC-02645,legit,2474,active,[],DEV-2904E59D55,South Mumbai,KYC-IND-56029DE661
ACC-02646,legit,174,frozen,[],DEV-EB911695F7,Bandra BKC,KYC-IND-A8F3F6974E
ACC-02647,mule_l1,655,active,[],DEV-SHARED-SCN-LAYERING-011,Andheri,KYC-RING-SCN-LAYERING-011
ACC-02648,legit,6,frozen,[],DEV-580D3D5CEF,Navi Mumbai,KYC-IND-08C9068E5C
ACC-02649,legit,365,active,[],DEV-E0BFC5F8C6,Central BLR,KYC-IND-FA4E56E764
ACC-02650,legit,1239,active,[],DEV-90634BD897,Koramangala,KYC-IND-7695B49A97
ACC-02651,mule_l1,138,active,"[""AEPS-HDFC-41-218""]",DEV-A76B476491,Whitefield,KYC-RING-HASH-SCN-SHARED_KYC_CLUSTER-038
ACC-02652,legit,286,active,[],DEV-81D00B3C96,Electronic City,KYC-IND-6020672063
ACC-02653,legit,294,dormant,[],DEV-285A155D1E,Hitec City,KYC-IND-1BA2878AAC
ACC-02654,legit,114,frozen,[],DEV-0AEC77A515,Banjara Hills,KYC-IND-F25890B695
ACC-02655,legit,1395,active,[],DEV-A0E646FEE5,Secunderabad,KYC-IND-2D9D61283F
ACC-02656,legit,295,active,[],DEV-6C15815531,Old City Hyderabad,KYC-IND-61F24B4842
ACC-02657,legit,131,dormant,[],DEV-2DF66BB123,Anna Salai,KYC-IND-2D3A8D7B43
ACC-02658,legit,1586,dormant,[],DEV-E73F679A59,OMR Taramani,KYC-IND-72EDC5055D
ACC-02659,legit,184,active,[],DEV-29CDC6AB53,T-Nagar,KYC-IND-A2C9186B6B
ACC-02660,legit,1499,active,[],DEV-5744A870E6,Guindy,KYC-IND-A2248C8AB5
ACC-02661,legit,186,active,[],DEV-ECC8AE34F8,Park Street,KYC-IND-4CD99F2CF4
ACC-02662,aggregator,1019,active,[],DEV-B04E0669C5,Salt Lake Sector V,KYC-IND-5F07FDC215
ACC-02663,legit,405,frozen,[],DEV-F5468EF5F8,New Town Kolkata,KYC-IND-0B8BD8320F
ACC-02664,legit,1695,active,[],DEV-9B1A8CC067,Howrah,KYC-IND-8B428E40B7
ACC-02665,legit,173,active,[],DEV-A101DC321F,Shivaji Nagar Pune,KYC-IND-D91A568AD3
ACC-02666,legit,134,active,[],DEV-7546F31F1A,Hinjewadi IT Park,KYC-IND-AF8ED3B7DC
ACC-02667,legit,2261,frozen,[],DEV-8E3E25F1A3,Magarpatta Hadapsar,KYC-IND-8AD8BD610D
ACC-02668,legit,11,active,[],DEV-4F0AC98B5B,Kothrud,KYC-IND-D6C4F19FBB
ACC-02669,legit,2189,dormant,[],DEV-988ECD5D7A,Navrangpura,KYC-IND-39C1868E27
ACC-02670,legit,1054,active,[],DEV-9863071A51,SG Highway,KYC-IND-BC0A103F78
ACC-02671,legit,134,active,[],DEV-8FAAAFDCCB,Maninagar,KYC-IND-56005ACC83
ACC-02672,legit,706,active,[],DEV-FA8D311C84,Gandhinagar Center,KYC-IND-F7B19C58B9
ACC-02673,legit,919,active,[],DEV-A4EB1CA0E7,MI Road Jaipur,KYC-IND-3ECE01DCEA
ACC-02674,legit,304,active,[],DEV-F4B2D87F59,Malviya Nagar Jaipur,KYC-IND-160A3B754F
ACC-02675,legit,3,dormant,[],DEV-36DA385218,Vaishali Nagar,KYC-IND-3DF095D2CC
ACC-02676,legit,40,active,[],DEV-6EEAA2740C,Hazratganj,KYC-IND-87B94708AC
ACC-02677,legit,108,active,[],DEV-C55F2B908D,Gomti Nagar Lucknow,KYC-IND-EFB8E9D852
ACC-02678,legit,316,active,[],DEV-060494A2EE,Alambagh,KYC-IND-58683A56A2
ACC-02679,legit,1757,active,[],DEV-13502ED0E4,Ernakulam Central,KYC-IND-E08C238401
ACC-02680,legit,14,dormant,[],DEV-AF5F70B04E,Kakkanad InfoPark,KYC-IND-B0BE401336
ACC-02681,legit,112,active,[],DEV-56FFCB21DB,Fort Kochi,KYC-IND-1CACAB7FE7
ACC-02682,mule_l1,196,frozen,[],DEV-SHARED-SCN-FAN_OUT-019,Ring Road Surat,KYC-RING-SCN-FAN_OUT-019
ACC-02683,legit,133,active,[],DEV-B5079279C0,Adajan,KYC-IND-A753BA9FA1
ACC-02684,legit,1545,frozen,[],DEV-7EAD9389D8,Vesu Surat,KYC-IND-745949C938
ACC-02685,legit,21,active,[],DEV-E5E781CB18,New Delhi Central,KYC-IND-2F0B2FE1FF
ACC-02686,legit,16,active,[],DEV-AAC0B7D1E9,South Delhi,KYC-IND-5F556DBD76
ACC-02687,legit,1244,dormant,[],DEV-868984282C,Noida,KYC-IND-5486857FD7
ACC-02688,legit,160,active,[],DEV-3E420F7CF0,Gurugram,KYC-IND-B390477E0E
ACC-02689,legit,329,active,[],DEV-5C921BC3D7,South Mumbai,KYC-IND-A6D0BA17A5
ACC-02690,legit,1745,frozen,[],DEV-753AB254CE,Bandra BKC,KYC-IND-E7CE6C4089
ACC-02691,legit,294,active,[],DEV-BD84851D61,Andheri,KYC-IND-7207A5567D
ACC-02692,legit,1897,frozen,[],DEV-24935EFF50,Navi Mumbai,KYC-IND-2B67EE7CC0
ACC-02693,legit,7,active,[],DEV-BB5E11F1CA,Central BLR,KYC-IND-C0ED901CAF
ACC-02694,legit,264,frozen,[],DEV-2E896AB965,Koramangala,KYC-IND-B5782BBE88
ACC-02695,legit,1,dormant,[],DEV-0D006F0307,Whitefield,KYC-IND-D669E8E633
ACC-02696,legit,606,active,[],DEV-D3F3CF7D86,Electronic City,KYC-IND-D29439817E
ACC-02697,legit,2321,active,[],DEV-8ABDF56429,Hitec City,KYC-IND-3B18839737
ACC-02698,legit,138,dormant,[],DEV-28FF09A720,Banjara Hills,KYC-IND-D00B31549F
ACC-02699,legit,79,active,[],DEV-6913A9CAEC,Secunderabad,KYC-IND-99A6FEFA57
ACC-02700,legit,162,active,[],DEV-64EE75B223,Old City Hyderabad,KYC-IND-F12217D71A
ACC-02701,legit,1901,active,[],DEV-FE1873565A,Anna Salai,KYC-IND-C026FC443E
ACC-02702,legit,249,dormant,"[""ATM-ICICI-17-062""]",DEV-ADA5601B4E,OMR Taramani,KYC-IND-F997DE0A21
ACC-02703,legit,1734,active,[],DEV-04F241776B,T-Nagar,KYC-IND-8991517393
ACC-02704,legit,193,active,[],DEV-19E793B8B3,Guindy,KYC-IND-122FAA52B1
ACC-02705,victim,209,active,[],DEV-1838EA61AB,Park Street,KYC-IND-C7551E4C02
ACC-02706,legit,1118,active,[],DEV-5A280CCBDF,Salt Lake Sector V,KYC-IND-0582DBAE22
ACC-02707,legit,109,frozen,[],DEV-3651086573,New Town Kolkata,KYC-IND-72A56F78D8
ACC-02708,legit,308,active,[],DEV-86CAD71AE3,Howrah,KYC-IND-4A19F31963
ACC-02709,legit,184,active,[],DEV-D29C6D1E0C,Shivaji Nagar Pune,KYC-IND-B4D3897648
ACC-02710,mule_l1,496,frozen,[],DEV-SHARED-SCN-FAN_IN-012,Hinjewadi IT Park,KYC-RING-SCN-FAN_IN-012
ACC-02711,legit,2093,active,[],DEV-2A5C2169E9,Magarpatta Hadapsar,KYC-IND-0B4A466C1E
ACC-02712,victim,13,frozen,[],DEV-E8E63B54BA,Kothrud,KYC-IND-EEC3C9C0C7
ACC-02713,legit,144,active,[],DEV-8837B4223C,Navrangpura,KYC-IND-AFC2334722
ACC-02714,legit,843,active,[],DEV-200EE96116,SG Highway,KYC-IND-62125AAE2E
ACC-02715,legit,84,frozen,[],DEV-CDDA5B6CA7,Maninagar,KYC-IND-F98BF80BE3
ACC-02716,legit,362,active,[],DEV-A0BB0B4410,Gandhinagar Center,KYC-IND-CE569A08C5
ACC-02717,legit,2235,active,[],DEV-8C906251F0,MI Road Jaipur,KYC-IND-2BD125C6DF
ACC-02718,legit,2213,active,[],DEV-FEAF518345,Malviya Nagar Jaipur,KYC-IND-6212241EEB
ACC-02719,legit,725,active,[],DEV-86F7DAF3F2,Vaishali Nagar,KYC-IND-A60664D970
ACC-02720,legit,231,active,[],DEV-7ED750A43D,Hazratganj,KYC-IND-3E35D464F1
ACC-02721,legit,14,active,[],DEV-E066CA4AEC,Gomti Nagar Lucknow,KYC-IND-9CE329D492
ACC-02722,legit,1099,active,[],DEV-B71D4B0BA8,Alambagh,KYC-IND-3537441E41
ACC-02723,legit,204,active,[],DEV-C54302C2F1,Ernakulam Central,KYC-IND-9064E934CF
ACC-02724,legit,8,dormant,[],DEV-F7545CBE6F,Kakkanad InfoPark,KYC-IND-A0BB242DB0
ACC-02725,legit,79,active,[],DEV-1F112933AE,Fort Kochi,KYC-IND-D9723CE9E4
ACC-02726,legit,13,active,[],DEV-9026C8241B,Ring Road Surat,KYC-IND-3FF489129A
ACC-02727,legit,296,active,[],DEV-6DA9AF136B,Adajan,KYC-IND-CDA563C246
ACC-02728,legit,101,active,[],DEV-0955FA3333,Vesu Surat,KYC-IND-30082479DA
ACC-02729,legit,353,active,[],DEV-0CF9965878,New Delhi Central,KYC-IND-AB63F5B8F5
ACC-02730,legit,875,frozen,[],DEV-F8FBD3283E,South Delhi,KYC-IND-3DF786B87F
ACC-02731,legit,17,active,[],DEV-6176C0570F,Noida,KYC-IND-11E172CC56
ACC-02732,legit,72,frozen,[],DEV-2E6E3ED810,Gurugram,KYC-IND-5FE5DA222A
ACC-02733,legit,185,frozen,[],DEV-772C34FCC0,South Mumbai,KYC-IND-B82514B6FE
ACC-02734,legit,1647,frozen,[],DEV-F57A3BE168,Bandra BKC,KYC-IND-5C2F4E9999
ACC-02735,legit,255,active,[],DEV-9CF46BD60E,Andheri,KYC-IND-EFD4CC6621
ACC-02736,legit,9,frozen,[],DEV-3E28ACD582,Navi Mumbai,KYC-IND-607687A393
ACC-02737,legit,13,active,[],DEV-3FB26F093E,Central BLR,KYC-IND-1400515B90
ACC-02738,legit,324,active,[],DEV-5DA22AE32B,Koramangala,KYC-IND-FA025A504D
ACC-02739,legit,999,frozen,[],DEV-487692F852,Whitefield,KYC-IND-20C94C32EF
ACC-02740,mule_l1,103,frozen,"[""ATM-BOI-26-203""]",DEV-ACAAD1913C,Electronic City,KYC-RING-HASH-SCN-SHARED_KYC_CLUSTER-035
ACC-02741,legit,1639,active,[],DEV-43305763E8,Hitec City,KYC-IND-E54C61F690
ACC-02742,legit,931,active,[],DEV-AFAFFB51A9,Banjara Hills,KYC-IND-695DE71A8A
ACC-02743,legit,15,active,[],DEV-548CF62775,Secunderabad,KYC-IND-26ADEDF155
ACC-02744,legit,165,frozen,[],DEV-B336934D54,Old City Hyderabad,KYC-IND-9FEAB789E4
ACC-02745,legit,1302,active,[],DEV-7465C8DDB4,Anna Salai,KYC-IND-2C1E61FF1D
ACC-02746,legit,144,active,[],DEV-A63E8C5CFA,OMR Taramani,KYC-IND-C9DA83800B
ACC-02747,legit,157,active,[],DEV-3EE3A57541,T-Nagar,KYC-IND-3F9EAFAEC4
ACC-02748,legit,815,active,[],DEV-249E385A40,Guindy,KYC-IND-1EF71DEA3C
ACC-02749,legit,1840,frozen,[],DEV-38D60DFB74,Park Street,KYC-IND-F5B867CCB6
ACC-02750,legit,20,active,[],DEV-50D444B2F8,Salt Lake Sector V,KYC-IND-951AB862DF
ACC-02751,legit,888,active,[],DEV-2456E1B2EC,New Town Kolkata,KYC-IND-0B3103AA75
ACC-02752,legit,1500,active,[],DEV-B8938D8E38,Howrah,KYC-IND-2464FEE133
ACC-02753,legit,239,dormant,[],DEV-AB9374E5B9,Shivaji Nagar Pune,KYC-IND-D9FE952B07
ACC-02754,legit,788,active,[],DEV-FAC3B36802,Hinjewadi IT Park,KYC-IND-28E442812F
ACC-02755,legit,81,frozen,[],DEV-D5FDEBC25D,Magarpatta Hadapsar,KYC-IND-87E451DBE2
ACC-02756,legit,39,dormant,[],DEV-3CD818B9F5,Kothrud,KYC-IND-D5DDDF5400
ACC-02757,mule_l1,364,active,"[""ATM-SBI-28-425""]",DEV-SHARED-SCN-SIMPLE_MULE-003,Navrangpura,KYC-IND-7C3E6861AC
ACC-02758,legit,1311,dormant,[],DEV-2ADAA76962,SG Highway,KYC-IND-47FBDC39BC
ACC-02759,legit,314,active,[],DEV-296930A911,Maninagar,KYC-IND-8309A8BA27
ACC-02760,legit,51,active,[],DEV-434E04699D,Gandhinagar Center,KYC-IND-0C9A1F78CC
ACC-02761,legit,733,dormant,[],DEV-F61A88C279,MI Road Jaipur,KYC-IND-2FC15C721D
ACC-02762,legit,669,dormant,[],DEV-FBBDBB9F77,Malviya Nagar Jaipur,KYC-IND-2C396ABB5F
ACC-02763,legit,533,active,[],DEV-AF791323D4,Vaishali Nagar,KYC-IND-86A02B51A8
ACC-02764,legit,1259,active,[],DEV-70BB144E06,Hazratganj,KYC-IND-DBC8423680
ACC-02765,legit,4,frozen,[],DEV-99A34C5574,Gomti Nagar Lucknow,KYC-IND-83BF8DEA1A
ACC-02766,legit,7,dormant,[],DEV-0B9CEA22CB,Alambagh,KYC-IND-40CF81FD2C
ACC-02767,legit,118,active,[],DEV-477993F701,Ernakulam Central,KYC-IND-197B81E774
ACC-02768,legit,1,active,[],DEV-398994F970,Kakkanad InfoPark,KYC-IND-229FC7925A
ACC-02769,legit,2076,dormant,[],DEV-C14D54F4E0,Fort Kochi,KYC-IND-0B9D05D2A3
ACC-02770,legit,532,dormant,[],DEV-54914335D0,Ring Road Surat,KYC-IND-9E3477AFE4
ACC-02771,aggregator,93,active,"[""ATM-AXIS-42-439""]",DEV-SHARED-SCN-LAYERING-011,Adajan,KYC-RING-SCN-LAYERING-011
ACC-02772,legit,1848,active,[],DEV-4E4A2ACABA,Vesu Surat,KYC-IND-2676073CD8
ACC-02773,legit,145,active,[],DEV-CDFA3176B2,New Delhi Central,KYC-IND-E7E19624ED
ACC-02774,legit,235,dormant,[],DEV-3BBFA8568D,South Delhi,KYC-IND-606D069059
ACC-02775,legit,324,active,[],DEV-37F1FEBB9B,Noida,KYC-IND-971604CECF
ACC-02776,mule_l1,191,active,"[""AEPS-JIO-03-004""]",DEV-FINGERPRINT-RING-SCN-SHARED_DEVICE-032,Gurugram,KYC-IND-1ECC3B3764
ACC-02777,mule_l1,100,dormant,"[""ATM-JIO-10-407""]",DEV-A3FDC42283,South Mumbai,KYC-IND-56EA526830
ACC-02778,legit,1944,active,[],DEV-6EFF3842C1,Bandra BKC,KYC-IND-462C6637F2
ACC-02779,legit,728,active,[],DEV-5E66BE7A18,Andheri,KYC-IND-EB8C390858
ACC-02780,legit,225,active,[],DEV-4E5AC6906C,Navi Mumbai,KYC-IND-D86B2EAF0A
ACC-02781,legit,1679,active,[],DEV-F2AFE922EA,Central BLR,KYC-IND-9FAE813CA5
ACC-02782,legit,9,frozen,[],DEV-31715741F3,Koramangala,KYC-IND-EC5F7BFBC4
ACC-02783,legit,2385,frozen,[],DEV-EF19C22C84,Whitefield,KYC-IND-87A2BEB780
ACC-02784,legit,333,dormant,[],DEV-0A95AEFF8A,Electronic City,KYC-IND-D07B63BF33
ACC-02785,legit,174,active,[],DEV-2CC9648C55,Hitec City,KYC-IND-DF5B0086DC
ACC-02786,legit,209,active,[],DEV-C107D495B0,Banjara Hills,KYC-IND-71BF1102F3
ACC-02787,legit,137,active,[],DEV-2573C75CD2,Secunderabad,KYC-IND-88B2F52443
ACC-02788,legit,1519,dormant,[],DEV-D724B37A4C,Old City Hyderabad,KYC-IND-C556C5E699
ACC-02789,legit,202,active,[],DEV-3227437FD3,Anna Salai,KYC-IND-7AC561D755
ACC-02790,legit,140,active,[],DEV-9C0ED9C83C,OMR Taramani,KYC-IND-F48A86B697
ACC-02791,legit,508,active,[],DEV-A1C4844246,T-Nagar,KYC-IND-4F8268E458
ACC-02792,legit,1864,frozen,[],DEV-48ADC4F1AB,Guindy,KYC-IND-48FEFA05B3
ACC-02793,legit,12,active,[],DEV-E7BAD70A65,Park Street,KYC-IND-42F51CED2F
ACC-02794,legit,214,frozen,[],DEV-8BB50FF64A,Salt Lake Sector V,KYC-IND-ABE703D3E9
ACC-02795,legit,247,dormant,[],DEV-A9F592D60C,New Town Kolkata,KYC-IND-0BFCEFEEC1
ACC-02796,legit,1464,active,[],DEV-4817E9CC9D,Howrah,KYC-IND-253ACD14C2
ACC-02797,legit,137,dormant,[],DEV-267321D4A0,Shivaji Nagar Pune,KYC-IND-9115F4BB01
ACC-02798,legit,153,dormant,[],DEV-5DF6975490,Hinjewadi IT Park,KYC-IND-5B07427C48
ACC-02799,legit,2425,dormant,[],DEV-8080140DD6,Magarpatta Hadapsar,KYC-IND-4535494272
ACC-02800,legit,4,active,[],DEV-1F87966FAD,Kothrud,KYC-IND-BAA8783B9A
ACC-02801,legit,161,active,[],DEV-63D9542C7A,Navrangpura,KYC-IND-FE22395EA1
ACC-02802,legit,19,frozen,[],DEV-B2AEE2E2B7,SG Highway,KYC-IND-9269DC940D
ACC-02803,legit,1620,frozen,[],DEV-9CE731235D,Maninagar,KYC-IND-24B0946C6B
ACC-02804,legit,219,frozen,[],DEV-6F9F377410,Gandhinagar Center,KYC-IND-7FAD002EA2
ACC-02805,legit,1886,frozen,[],DEV-D770F2B744,MI Road Jaipur,KYC-IND-0EA34E9649
ACC-02806,legit,243,active,[],DEV-21D08A6C4A,Malviya Nagar Jaipur,KYC-IND-C6BD3567D5
ACC-02807,mule_l1,421,dormant,[],DEV-SHARED-SCN-FAN_IN-016,Vaishali Nagar,KYC-RING-SCN-FAN_IN-016
ACC-02808,victim,137,active,[],DEV-E57648D5E2,Hazratganj,KYC-IND-AE09752DDB
ACC-02809,legit,75,active,[],DEV-2D96F5C846,Gomti Nagar Lucknow,KYC-IND-972DA35CDC
ACC-02810,legit,161,active,[],DEV-C928C4268D,Alambagh,KYC-IND-A708D9EE59
ACC-02811,legit,1166,active,[],DEV-043C86E1D4,Ernakulam Central,KYC-IND-CB091CBCEB
ACC-02812,legit,227,active,[],DEV-C9FC66A116,Kakkanad InfoPark,KYC-IND-037249ED66
ACC-02813,legit,173,active,[],DEV-BC1E1C6B53,Fort Kochi,KYC-IND-F1C3E274FD
ACC-02814,aggregator,10,dormant,"[""ATM-JIO-41-438""]",DEV-SHARED-SCN-LAYERING-009,Ring Road Surat,KYC-RING-SCN-LAYERING-009
ACC-02815,legit,1291,active,[],DEV-6CEE20B781,Adajan,KYC-IND-33E1ABA675
ACC-02816,legit,24,active,[],DEV-967E9F1004,Vesu Surat,KYC-IND-5F56465FF8
ACC-02817,legit,77,dormant,[],DEV-BCC68FF221,New Delhi Central,KYC-IND-2BE0AD73B7
ACC-02818,legit,1050,active,[],DEV-6683E369EB,South Delhi,KYC-IND-81425E49B3
ACC-02819,legit,12,frozen,[],DEV-0A5A9A85FD,Noida,KYC-IND-3AF295C585
ACC-02820,legit,1516,active,[],DEV-68F1678514,Gurugram,KYC-IND-CA67E48EEA
ACC-02821,legit,351,active,[],DEV-6B5248AD44,South Mumbai,KYC-IND-43132CB557
ACC-02822,legit,273,dormant,[],DEV-B2A1D98078,Bandra BKC,KYC-IND-4575DE8B5B
ACC-02823,legit,2406,active,[],DEV-B5B1401DE5,Andheri,KYC-IND-4A2DA85C8C
ACC-02824,legit,98,active,[],DEV-54E6790B51,Navi Mumbai,KYC-IND-8C6E65909E
ACC-02825,legit,189,active,[],DEV-29813DEBFC,Central BLR,KYC-IND-083DCE895E
ACC-02826,legit,246,active,[],DEV-F07158AC6B,Koramangala,KYC-IND-F78FD789C4
ACC-02827,legit,180,dormant,[],DEV-57467D7CFC,Whitefield,KYC-IND-C3F9300B70
ACC-02828,legit,72,active,[],DEV-7A9E8C9508,Electronic City,KYC-IND-7E6C8D05E2
ACC-02829,legit,38,active,[],DEV-874ACD701A,Hitec City,KYC-IND-CCCAC06E7B
ACC-02830,legit,623,active,[],DEV-F386EBED11,Banjara Hills,KYC-IND-35F0F8FF32
ACC-02831,legit,347,frozen,[],DEV-946D1E25A1,Secunderabad,KYC-IND-74BF6FE753
ACC-02832,legit,1,active,[],DEV-B440A78B5F,Old City Hyderabad,KYC-IND-0ECC19E0B0
ACC-02833,legit,80,active,[],DEV-F2D04E3CDD,Anna Salai,KYC-IND-F32EB47127
ACC-02834,legit,354,active,[],DEV-450DE2DEF8,OMR Taramani,KYC-IND-FEBF169FA2
ACC-02835,mule_l2,5,active,"[""ATM-JIO-18-195""]",DEV-SHARED-SCN-FAN_IN_FAN_OUT-022,T-Nagar,KYC-IND-EBA85EBBD3
ACC-02836,legit,78,active,[],DEV-CC30994135,Guindy,KYC-IND-05B2A4082C
ACC-02837,legit,336,active,[],DEV-6537E2723F,Park Street,KYC-IND-C6E7999BEF
ACC-02838,legit,32,active,[],DEV-CDC1460C06,Salt Lake Sector V,KYC-IND-204F7E8226
ACC-02839,legit,192,active,[],DEV-7C63F88101,New Town Kolkata,KYC-IND-591BFD6C08
ACC-02840,legit,215,active,[],DEV-C9823E3A83,Howrah,KYC-IND-DD7CB48E9D
ACC-02841,mule_l1,11,active,"[""AEPS-HDFC-13-322""]",DEV-5886A31AC4,Shivaji Nagar Pune,KYC-IND-7C09E4B6ED
ACC-02842,legit,263,active,[],DEV-372275C812,Hinjewadi IT Park,KYC-IND-741E2ECB3E
ACC-02843,mule_l1,1808,active,[],DEV-SHARED-SCN-FAN_OUT-019,Magarpatta Hadapsar,KYC-RING-SCN-FAN_OUT-019
ACC-02844,legit,92,dormant,[],DEV-19B057DE3E,Kothrud,KYC-IND-F0437A7D29
ACC-02845,legit,282,frozen,[],DEV-172A40E28D,Navrangpura,KYC-IND-639CCA81A4
ACC-02846,legit,6,dormant,[],DEV-AA9AF39EF0,SG Highway,KYC-IND-DDCFAAA510
ACC-02847,legit,1275,active,[],DEV-912B8C7076,Maninagar,KYC-IND-8E45687FB1
ACC-02848,legit,233,active,[],DEV-F564395D13,Gandhinagar Center,KYC-IND-E03C051358
ACC-02849,legit,2289,dormant,[],DEV-47F0D676DD,MI Road Jaipur,KYC-IND-616623D4F4
ACC-02850,legit,8,active,[],DEV-3B8455C08A,Malviya Nagar Jaipur,KYC-IND-09463C956E
ACC-02851,legit,269,active,[],DEV-CFC4B78E21,Vaishali Nagar,KYC-IND-E844FA0721
ACC-02852,legit,1184,dormant,[],DEV-72A1F3557A,Hazratganj,KYC-IND-E9DE4FED79
ACC-02853,legit,2,active,[],DEV-B85EABAC21,Gomti Nagar Lucknow,KYC-IND-58672F3548
ACC-02854,legit,298,active,[],DEV-B72CDF839B,Alambagh,KYC-IND-D308403CA1
ACC-02855,legit,301,active,[],DEV-52ED2CF1F5,Ernakulam Central,KYC-IND-AFE6C4B644
ACC-02856,legit,2385,dormant,[],DEV-2FC1C4DDBF,Kakkanad InfoPark,KYC-IND-FC6546DE54
ACC-02857,legit,1423,dormant,[],DEV-85048251D5,Fort Kochi,KYC-IND-E8B43807E1
ACC-02858,legit,149,active,[],DEV-615657D920,Ring Road Surat,KYC-IND-4B53B57024
ACC-02859,legit,1253,active,[],DEV-D37C71C654,Adajan,KYC-IND-512CCB50C3
ACC-02860,legit,275,active,[],DEV-874E2F20D7,Vesu Surat,KYC-IND-71BEA3E072
ACC-02861,legit,1562,active,[],DEV-36451E65D8,New Delhi Central,KYC-IND-A6FC19445B
ACC-02862,mule_l1,358,frozen,[],DEV-SHARED-SCN-FAN_OUT-019,South Delhi,KYC-RING-SCN-FAN_OUT-019
ACC-02863,legit,1120,active,[],DEV-013CBBF12D,Noida,KYC-IND-60AF80C461
ACC-02864,legit,44,dormant,[],DEV-C8F1F08947,Gurugram,KYC-IND-0ABA1B7009
ACC-02865,legit,1748,active,[],DEV-176ABCF556,South Mumbai,KYC-IND-787C847269
ACC-02866,legit,7,active,[],DEV-FC55D35304,Bandra BKC,KYC-IND-BBA9E14284
ACC-02867,legit,260,active,[],DEV-6CED830AAB,Andheri,KYC-IND-14982820EC
ACC-02868,legit,287,active,[],DEV-F4AA8165C5,Navi Mumbai,KYC-IND-A72C6468E1
ACC-02869,legit,266,active,[],DEV-A089ED67CE,Central BLR,KYC-IND-F7C8DBCCA5
ACC-02870,legit,263,active,[],DEV-CEDDEB1DEE,Koramangala,KYC-IND-0DB3794C1D
ACC-02871,legit,171,active,[],DEV-4F78BB05F9,Whitefield,KYC-IND-654C07F3CD
ACC-02872,legit,21,active,[],DEV-AE7E92CBA8,Electronic City,KYC-IND-7B4CB23416
ACC-02873,legit,220,active,[],DEV-75BFD21505,Hitec City,KYC-IND-9980326BC5
ACC-02874,legit,219,active,[],DEV-2981D11C3F,Banjara Hills,KYC-IND-B29798C3F2
ACC-02875,victim,1862,dormant,[],DEV-9889E0D96B,Secunderabad,KYC-IND-19DA665D27
ACC-02876,legit,2316,active,[],DEV-D0F11F3B99,Old City Hyderabad,KYC-IND-CDEAA3B745
ACC-02877,legit,52,active,[],DEV-A445A984F2,Anna Salai,KYC-IND-10095B739F
ACC-02878,legit,203,active,[],DEV-382F283841,OMR Taramani,KYC-IND-9E51298A32
ACC-02879,legit,660,active,[],DEV-44BF1E2468,T-Nagar,KYC-IND-5805B3BE6C
ACC-02880,legit,1767,active,[],DEV-50253D5C2B,Guindy,KYC-IND-D6607271E1
ACC-02881,legit,11,active,[],DEV-BC51D8C528,Park Street,KYC-IND-01EBA1B134
ACC-02882,legit,123,frozen,[],DEV-652003D1CE,Salt Lake Sector V,KYC-IND-1C76991F8E
ACC-02883,legit,198,active,[],DEV-30D46B53EB,New Town Kolkata,KYC-IND-E4F25D050A
ACC-02884,legit,927,active,[],DEV-7B2DEE2A85,Howrah,KYC-IND-71E1599B55
ACC-02885,legit,96,active,[],DEV-B9470ABAB8,Shivaji Nagar Pune,KYC-IND-8FF56C3682
ACC-02886,legit,2398,active,[],DEV-47433D71A2,Hinjewadi IT Park,KYC-IND-22BECDB29F
ACC-02887,legit,91,active,[],DEV-6A57480A48,Magarpatta Hadapsar,KYC-IND-A2FE51E7CA
ACC-02888,legit,139,dormant,[],DEV-3D9E05D1A3,Kothrud,KYC-IND-14D804BA68
ACC-02889,legit,251,frozen,[],DEV-C2767EBF91,Navrangpura,KYC-IND-AB21A7C997
ACC-02890,legit,33,frozen,[],DEV-C80BCE1B1F,SG Highway,KYC-IND-1102412B06
ACC-02891,legit,52,active,[],DEV-D018FCEBF8,Maninagar,KYC-IND-27470D7474
ACC-02892,legit,1313,active,[],DEV-A054B92E50,Gandhinagar Center,KYC-IND-21477AD9FD
ACC-02893,mule_l1,1125,active,[],DEV-SHARED-SCN-FAN_IN-012,MI Road Jaipur,KYC-RING-SCN-FAN_IN-012
ACC-02894,legit,29,dormant,[],DEV-B6F5CF8F38,Malviya Nagar Jaipur,KYC-IND-6B7E2B9A40
ACC-02895,legit,286,frozen,[],DEV-5678229F9A,Vaishali Nagar,KYC-IND-761D5CE6CE
ACC-02896,legit,230,active,[],DEV-5E5EA6630F,Hazratganj,KYC-IND-A745182DAE
ACC-02897,legit,121,frozen,[],DEV-88ABFAEEBC,Gomti Nagar Lucknow,KYC-IND-8DDC819A85
ACC-02898,legit,173,active,[],DEV-4AEDBFDB1A,Alambagh,KYC-IND-49983C40B0
ACC-02899,legit,13,dormant,[],DEV-B9C97E87E0,Ernakulam Central,KYC-IND-AA50ED66BB
ACC-02900,aggregator,277,frozen,"[""AEPS-JIO-39-172""]",DEV-46E78FC4B0,Kakkanad InfoPark,KYC-IND-C391E05439
ACC-02901,legit,78,active,[],DEV-FD3F174DB2,Fort Kochi,KYC-IND-4D644F508E
ACC-02902,mule_l2,50,active,[],DEV-77842261A9,Ring Road Surat,KYC-IND-968D0FD3F7
ACC-02903,legit,2357,dormant,[],DEV-3B5C59A06D,Adajan,KYC-IND-CC6463A36C
ACC-02904,mule_l1,342,dormant,"[""ATM-HDFC-43-308""]",DEV-SHARED-SCN-FAN_OUT-020,Vesu Surat,KYC-RING-SCN-FAN_OUT-020
ACC-02905,legit,18,active,[],DEV-11D179A6F1,New Delhi Central,KYC-IND-BA9F0C1644
ACC-02906,legit,302,dormant,[],DEV-0FD2F064B5,South Delhi,KYC-IND-468F88D478
ACC-02907,legit,355,dormant,[],DEV-A26311C0C2,Noida,KYC-IND-1C9A7C2BE4
ACC-02908,legit,244,frozen,[],DEV-7C9DFE7FF6,Gurugram,KYC-IND-488C75C788
ACC-02909,legit,60,dormant,[],DEV-2A1A82FE73,South Mumbai,KYC-IND-374A28DDD3
ACC-02910,legit,192,dormant,[],DEV-64675DC4D8,Bandra BKC,KYC-IND-90A6985084
ACC-02911,legit,14,active,[],DEV-1696C31177,Andheri,KYC-IND-8DC30A564B
ACC-02912,legit,195,active,[],DEV-EEBFD98D06,Navi Mumbai,KYC-IND-E3ECD78A82
ACC-02913,legit,34,frozen,[],DEV-21A9101FE9,Central BLR,KYC-IND-38D50CC51F
ACC-02914,legit,2113,frozen,[],DEV-B60B6C06CF,Koramangala,KYC-IND-84B41358FE
ACC-02915,legit,55,active,[],DEV-D1F994C62F,Whitefield,KYC-IND-B526E609B3
ACC-02916,legit,198,active,[],DEV-83E5BC92AD,Electronic City,KYC-IND-567BBAC2CF
ACC-02917,legit,179,active,[],DEV-2959BA2F5D,Hitec City,KYC-IND-FB02694D2A
ACC-02918,legit,253,active,[],DEV-5BF4829FC6,Banjara Hills,KYC-IND-230177FE46
ACC-02919,legit,97,frozen,[],DEV-17FEAF1FDA,Secunderabad,KYC-IND-662AF93A4B
ACC-02920,legit,120,dormant,[],DEV-27DFB489E7,Old City Hyderabad,KYC-IND-B701BB692E
ACC-02921,legit,1652,frozen,[],DEV-4A820A1A3D,Anna Salai,KYC-IND-06697570C5
ACC-02922,legit,301,frozen,[],DEV-5499055B3E,OMR Taramani,KYC-IND-CA16E8BB8C
ACC-02923,legit,193,active,[],DEV-EC6D3FFDD7,T-Nagar,KYC-IND-564590FC9A
ACC-02924,legit,167,active,[],DEV-F8332CC17A,Guindy,KYC-IND-034105DC42
ACC-02925,legit,1562,active,[],DEV-D38F1AAF69,Park Street,KYC-IND-C9C31D678F
ACC-02926,legit,52,active,[],DEV-52360FD08A,Salt Lake Sector V,KYC-IND-32544B55A9
ACC-02927,legit,323,frozen,[],DEV-20F0C39EAB,New Town Kolkata,KYC-IND-5B54293AB3
ACC-02928,legit,147,active,[],DEV-3B9AC0ED54,Howrah,KYC-IND-524488D42E
ACC-02929,legit,309,active,[],DEV-4D4C8511E7,Shivaji Nagar Pune,KYC-IND-2F9C582D6D
ACC-02930,legit,284,frozen,[],DEV-824E94F6C6,Hinjewadi IT Park,KYC-IND-86487C38F2
ACC-02931,legit,318,active,[],DEV-9F29E0AFCC,Magarpatta Hadapsar,KYC-IND-DE14A7AE61
ACC-02932,mule_l1,259,active,[],DEV-SHARED-SCN-FAN_IN-014,Kothrud,KYC-RING-SCN-FAN_IN-014
ACC-02933,legit,287,frozen,[],DEV-1293B0C34A,Navrangpura,KYC-IND-AC3AA69B05
ACC-02934,legit,774,active,[],DEV-403969283B,SG Highway,KYC-IND-48A15F11A5
ACC-02935,legit,2190,active,[],DEV-7B8CF725DB,Maninagar,KYC-IND-F8FC9579F7
ACC-02936,legit,260,active,[],DEV-72B56A117F,Gandhinagar Center,KYC-IND-2A4E160EFB
ACC-02937,legit,280,active,[],DEV-E52405EAE6,MI Road Jaipur,KYC-IND-0E15A77393
ACC-02938,legit,226,active,[],DEV-2843F947ED,Malviya Nagar Jaipur,KYC-IND-A1C309A66C
ACC-02939,legit,906,active,[],DEV-C011F8BF2C,Vaishali Nagar,KYC-IND-CB613153BE
ACC-02940,legit,5,active,[],DEV-149963161A,Hazratganj,KYC-IND-29F42B2442
ACC-02941,legit,1928,active,[],DEV-B92CA4E465,Gomti Nagar Lucknow,KYC-IND-2FBA77B932
ACC-02942,legit,305,active,[],DEV-FB0BD5A9B3,Alambagh,KYC-IND-C8815008D4
ACC-02943,legit,197,active,[],DEV-30E013AB9B,Ernakulam Central,KYC-IND-53337AE189
ACC-02944,legit,12,dormant,[],DEV-0187501F5A,Kakkanad InfoPark,KYC-IND-639E9048AA
ACC-02945,legit,197,frozen,[],DEV-C556202030,Fort Kochi,KYC-IND-ACF5AE8199
ACC-02946,legit,184,frozen,[],DEV-D34971EE35,Ring Road Surat,KYC-IND-55EF61B408
ACC-02947,legit,256,active,[],DEV-ACFC75D061,Adajan,KYC-IND-F8D86E7E31
ACC-02948,legit,55,frozen,[],DEV-2B28D5180F,Vesu Surat,KYC-IND-71851C2D39
ACC-02949,legit,1435,active,[],DEV-8AC9333D17,New Delhi Central,KYC-IND-89CC337722
ACC-02950,legit,182,dormant,[],DEV-8AB49FE2D4,South Delhi,KYC-IND-E52802779E
ACC-02951,mule_l1,4,frozen,"[""ATM-PNB-33-166""]",DEV-FINGERPRINT-RING-SCN-SHARED_DEVICE-033,Noida,KYC-IND-81D32748A6
ACC-02952,legit,4,active,[],DEV-E9287A2E6C,Gurugram,KYC-IND-ED772D9C48
ACC-02953,legit,223,active,[],DEV-B489F6FE33,South Mumbai,KYC-IND-F803AE973C
ACC-02954,legit,503,active,[],DEV-BE9FABAF3F,Bandra BKC,KYC-IND-0A1EE1D4B3
ACC-02955,legit,108,active,[],DEV-C11A22307D,Andheri,KYC-IND-3C5EC4F71D
ACC-02956,legit,24,active,[],DEV-08CF3898EF,Navi Mumbai,KYC-IND-999C0E4033
ACC-02957,legit,311,dormant,[],DEV-0623FB6A01,Central BLR,KYC-IND-E0E74A261F
ACC-02958,legit,351,dormant,[],DEV-6CCBAE8DD5,Koramangala,KYC-IND-C53E2FFD13
ACC-02959,legit,29,active,[],DEV-DF7B61F26E,Whitefield,KYC-IND-7F233251AC
ACC-02960,legit,1651,active,[],DEV-1FC1139A4A,Electronic City,KYC-IND-6554D00DBA
ACC-02961,legit,313,active,[],DEV-B7827FCBA6,Hitec City,KYC-IND-2883BF86E7
ACC-02962,legit,733,dormant,[],DEV-E5EFEC8703,Banjara Hills,KYC-IND-95E76FBE83
ACC-02963,legit,253,active,[],DEV-8BBBF31CF2,Secunderabad,KYC-IND-A0C601F16B
ACC-02964,legit,4,active,[],DEV-53B36C1E59,Old City Hyderabad,KYC-IND-C56CE1B0EA
ACC-02965,legit,202,active,[],DEV-BCC3BC6A6F,Anna Salai,KYC-IND-CD1118D854
ACC-02966,legit,1514,dormant,[],DEV-DAAA84524E,OMR Taramani,KYC-IND-C4996CF13A
ACC-02967,legit,187,active,[],DEV-FF614F1158,T-Nagar,KYC-IND-6D7C221CC5
ACC-02968,mule_l1,93,frozen,[],DEV-SHARED-SCN-LAYERING-011,Guindy,KYC-RING-SCN-LAYERING-011
ACC-02969,mule_l1,1,active,"[""ATM-JIO-20-373""]",DEV-SHARED-SCN-SIMPLE_MULE-004,Park Street,KYC-IND-2C8A09D9D8
ACC-02970,legit,70,active,[],DEV-68CB3453DB,Salt Lake Sector V,KYC-IND-DC26B0C38D
ACC-02971,legit,1,active,[],DEV-F88C6198A3,New Town Kolkata,KYC-IND-4DAA2B5345
ACC-02972,legit,240,active,[],DEV-2CD8E6F1AE,Howrah,KYC-IND-AE92D411B6
ACC-02973,legit,234,dormant,[],DEV-85BFEE9F90,Shivaji Nagar Pune,KYC-IND-A2D47D2C46
ACC-02974,legit,2158,dormant,[],DEV-DE993FD20F,Hinjewadi IT Park,KYC-IND-14ACD78954
ACC-02975,legit,327,active,[],DEV-720F52BB62,Magarpatta Hadapsar,KYC-IND-A7315FBBBA
ACC-02976,legit,44,active,[],DEV-5D2CE57627,Kothrud,KYC-IND-E4700CFBDC
ACC-02977,legit,43,active,[],DEV-ECFD25718A,Navrangpura,KYC-IND-3FF92E9597
ACC-02978,legit,133,frozen,[],DEV-42BD284D2C,SG Highway,KYC-IND-AEFB4EDF8A
ACC-02979,legit,264,active,[],DEV-38666CA3C3,Maninagar,KYC-IND-FC67058126
ACC-02980,legit,82,active,[],DEV-E3A3D8B196,Gandhinagar Center,KYC-IND-51F88F852E
ACC-02981,legit,49,frozen,[],DEV-84878D734B,MI Road Jaipur,KYC-IND-6F73A78DB3
ACC-02982,legit,433,active,[],DEV-A706886167,Malviya Nagar Jaipur,KYC-IND-1DF4DD8FD6
ACC-02983,legit,98,active,[],DEV-276E0CE883,Vaishali Nagar,KYC-IND-A8C0DC751D
ACC-02984,mule_l1,605,dormant,[],DEV-FE8BD9B4EE,Hazratganj,KYC-IND-0A540852CC
ACC-02985,legit,1426,frozen,[],DEV-C251BADC95,Gomti Nagar Lucknow,KYC-IND-E5DEA64E25
ACC-02986,legit,782,dormant,[],DEV-B0A556CB66,Alambagh,KYC-IND-CAC1729C44
ACC-02987,legit,179,active,[],DEV-6C473961FF,Ernakulam Central,KYC-IND-C4EE7C4490
ACC-02988,mule_l1,322,active,[],DEV-SHARED-SCN-FAN_IN-013,Kakkanad InfoPark,KYC-RING-SCN-FAN_IN-013
ACC-02989,legit,6,frozen,[],DEV-E9B895C38D,Fort Kochi,KYC-IND-5349386D2D
ACC-02990,legit,2171,active,[],DEV-84DB242B5D,Ring Road Surat,KYC-IND-EB8FABA613
ACC-02991,legit,90,active,[],DEV-F18AF30F88,Adajan,KYC-IND-7089DF3BB0
ACC-02992,victim,1102,active,[],DEV-82D9E6BDCC,Vesu Surat,KYC-IND-30082479DA
ACC-02993,legit,10,active,[],DEV-A1443F8226,New Delhi Central,KYC-IND-AF57000EB8
ACC-02994,legit,1520,active,[],DEV-1894EA25FE,South Delhi,KYC-IND-75141BCCC5
ACC-02995,legit,969,active,[],DEV-7CB60BDDC7,Noida,KYC-IND-9D17B607BF
ACC-02996,legit,246,frozen,[],DEV-6B6434653E,Gurugram,KYC-IND-2458B310D9
ACC-02997,victim,3,active,[],DEV-B3BD6E665D,South Mumbai,KYC-IND-5E6F4B46B3
ACC-02998,legit,1,active,[],DEV-243457BFA9,Bandra BKC,KYC-IND-3E5ABA41E3
ACC-02999,legit,537,active,[],DEV-383BC76202,Andheri,KYC-IND-9A94ADE740
ACC-03000,legit,2069,frozen,[],DEV-2A7895FEB1,Navi Mumbai,KYC-IND-5036336808
