terminal_id,terminal_type,latitude,longitude,district,pincode,status
ATM-ICICI-00-0001,ATM_KIOSK,28.644839,77.215713,New Delhi Central,110001,MAINTENANCE
AEPS-UNION-01-0002,AEPS_MICRO_ATM,28.534827,77.21998,South Delhi,110016,ACTIVE
AEPS-PAYTM-02-0003,AEPS_MICRO_ATM,28.545691,77.375657,Noida,201301,ACTIVE
POS-YES-03-0004,POS,28.464464,77.003614,Gurugram,122001,ACTIVE
POS-INDUSIND-04-0005,POS,28.583392,77.075104,Dwarka,110075,ACTIVE
AEPS-IPPB-05-0006,AEPS_MICRO_ATM,28.619959,77.17795,Karol Bagh,110005,ACTIVE
AEPS-PAYTM-06-0007,AEPS_MICRO_ATM,28.663005,77.448947,Ghaziabad,201001,ACTIVE
ATM-IPPB-07-0008,ATM_KIOSK,28.3755,77.290784,Faridabad,121001,ACTIVE
ATM-KOTAK-08-0009,ATM_KIOSK,18.907847,72.860111,South Mumbai,400001,INACTIVE
POS-BARODA-09-0010,POS,19.048208,72.796907,Bandra BKC,400051,MAINTENANCE
AEPS-PAYTM-10-0011,AEPS_MICRO_ATM,19.095649,72.873866,Andheri,400053,ACTIVE
POS-PNB-11-0012,POS,19.052471,73.047517,Navi Mumbai,400703,INACTIVE
AEPS-UNION-12-0013,AEPS_MICRO_ATM,19.237308,72.960396,Thane,400601,ACTIVE
AEPS-UNION-13-0014,AEPS_MICRO_ATM,19.226292,72.83189,Borivali,400091,ACTIVE
ATM-UNION-14-0015,ATM_KIOSK,19.095501,72.935883,Powai,400076,ACTIVE
AEPS-INDUSIND-15-0016,AEPS_MICRO_ATM,19.012483,72.845415,Dadar,400028,ACTIVE
AEPS-PAYTM-16-0017,AEPS_MICRO_ATM,12.977625,77.602287,Central BLR,560001,ACTIVE
POS-SBI-17-0018,POS,12.94683,77.634761,Koramangala,560034,MAINTENANCE
AEPS-HDFC-18-0019,AEPS_MICRO_ATM,12.966051,77.722509,Whitefield,560066,ACTIVE
POS-FINO-19-0020,POS,12.855825,77.642949,Electronic City,560100,ACTIVE
ATM-CANARA-20-0021,ATM_KIOSK,12.989742,77.617767,Indiranagar,560038,ACTIVE
POS-IPPB-21-0022,POS,12.927327,77.667098,HSR Layout,560102,INACTIVE
ATM-AXIS-22-0023,ATM_KIOSK,13.010428,77.538503,Malleshwaram,560003,MAINTENANCE
ATM-AXIS-23-0024,ATM_KIOSK,12.917155,77.641624,Bellandur,560103,ACTIVE
AEPS-FINO-24-0025,AEPS_MICRO_ATM,17.426146,78.366013,Hitec City,500081,ACTIVE
POS-FINO-25-0026,POS,17.399677,78.434296,Banjara Hills,500034,ACTIVE
ATM-KOTAK-26-0027,ATM_KIOSK,17.456842,78.504305,Secunderabad,500003,ACTIVE
POS-PNB-27-0028,POS,17.377916,78.439916,Old City Hyderabad,500002,INACTIVE
ATM-ICICI-28-0029,ATM_KIOSK,17.453875,78.380699,Gachibowli,500032,ACTIVE
POS-CANARA-29-0030,POS,17.514796,78.441625,Kukatpally,500072,ACTIVE
POS-FINO-30-0031,POS,17.428455,78.404011,Madhapur,500081,ACTIVE
ATM-HDFC-31-0032,ATM_KIOSK,17.421724,78.423636,Jubilee Hills,500033,ACTIVE
POS-BARODA-32-0033,POS,13.110952,80.267952,Anna Salai,600002,MAINTENANCE
POS-UNION-33-0034,POS,12.971081,80.213317,OMR Taramani,600113,INACTIVE
ATM-CANARA-34-0035,ATM_KIOSK,13.024152,80.220126,T-Nagar,600017,ACTIVE
AEPS-CANARA-35-0036,AEPS_MICRO_ATM,12.980566,80.17088,Guindy,600032,ACTIVE
AEPS-ICICI-36-0037,AEPS_MICRO_ATM,12.986244,80.218987,Velachery,600042,INACTIVE
POS-HDFC-37-0038,POS,12.974467,80.254116,Adyar,600020,ACTIVE
POS-FINO-38-0039,POS,13.04635,80.268017,Kilpauk,600010,ACTIVE
ATM-PAYTM-39-0040,ATM_KIOSK,12.958023,80.08221,Tambaram,600045,ACTIVE
ATM-BOI-40-0041,ATM_KIOSK,22.564522,88.330664,Park Street,700016,MAINTENANCE
POS-KOTAK-41-0042,POS,22.56513,88.444769,Salt Lake Sector V,700091,ACTIVE
AEPS-YES-42-0043,AEPS_MICRO_ATM,22.587717,88.512894,New Town Kolkata,700156,ACTIVE
ATM-YES-43-0044,ATM_KIOSK,22.609251,88.24672,Howrah,711101,INACTIVE
AEPS-SBI-44-0045,AEPS_MICRO_ATM,22.526991,88.376015,Ballygunge,700019,ACTIVE
AEPS-UNION-45-0046,AEPS_MICRO_ATM,22.525512,88.332904,Alipore,700027,ACTIVE
ATM-KOTAK-46-0047,ATM_KIOSK,22.486887,88.341923,Gariahat,700029,ACTIVE
ATM-IPPB-47-0048,ATM_KIOSK,22.630142,88.426098,Dum Dum,700028,MAINTENANCE
AEPS-HDFC-48-0049,AEPS_MICRO_ATM,18.538379,73.875804,Shivaji Nagar Pune,411005,ACTIVE
AEPS-PNB-49-0050,AEPS_MICRO_ATM,18.609808,73.76281,Hinjewadi IT Park,411057,ACTIVE
AEPS-KOTAK-50-0051,AEPS_MICRO_ATM,18.503482,73.923886,Magarpatta Hadapsar,411028,ACTIVE
AEPS-SBI-51-0052,AEPS_MICRO_ATM,18.483982,73.833696,Kothrud,411038,ACTIVE
POS-KOTAK-52-0053,POS,18.561716,73.900613,Viman Nagar,411014,ACTIVE
ATM-IPPB-53-0054,ATM_KIOSK,18.585791,73.793924,Wakad,411057,INACTIVE
POS-HDFC-54-0055,POS,18.575436,73.790412,Baner,411045,INACTIVE
AEPS-PAYTM-55-0056,AEPS_MICRO_ATM,18.500499,73.864053,Camp,411001,ACTIVE
AEPS-SBI-56-0057,AEPS_MICRO_ATM,23.060226,72.549813,Navrangpura,380009,INACTIVE
ATM-HDFC-57-0058,ATM_KIOSK,23.049539,72.486525,SG Highway,380054,ACTIVE
POS-BOI-58-0059,POS,22.979348,72.618907,Maninagar,380008,ACTIVE
POS-IPPB-59-0060,POS,23.212952,72.618991,Gandhinagar Center,382010,ACTIVE
ATM-INDUSIND-60-0061,ATM_KIOSK,23.03785,72.545534,Vastrapur,380015,ACTIVE
AEPS-CANARA-61-0062,AEPS_MICRO_ATM,23.043378,72.492699,Satellite,380015,ACTIVE
ATM-IPPB-62-0063,ATM_KIOSK,23.012953,72.512904,Prahlad Nagar,380015,ACTIVE
AEPS-BARODA-63-0064,AEPS_MICRO_ATM,26.918065,75.756133,MI Road Jaipur,302001,ACTIVE
ATM-BARODA-64-0065,ATM_KIOSK,26.843506,75.798091,Malviya Nagar Jaipur,302017,ACTIVE
POS-BOI-65-0066,POS,26.936346,75.760908,Vaishali Nagar,302021,ACTIVE
POS-CANARA-66-0067,POS,26.874292,75.798303,Mansarovar,302020,ACTIVE
ATM-BOI-67-0068,ATM_KIOSK,26.903807,75.817659,C-Scheme,302001,MAINTENANCE
POS-UNION-68-0069,POS,26.907551,75.805159,Raja Park,302004,ACTIVE
AEPS-CANARA-69-0070,AEPS_MICRO_ATM,26.832389,80.96483,Hazratganj,226001,MAINTENANCE
AEPS-BOI-70-0071,AEPS_MICRO_ATM,26.870754,81.022209,Gomti Nagar Lucknow,226010,ACTIVE
AEPS-PNB-71-0072,AEPS_MICRO_ATM,26.813542,80.892892,Alambagh,226005,ACTIVE
ATM-PNB-72-0073,ATM_KIOSK,26.8882,80.977605,Indira Nagar,226016,ACTIVE
AEPS-HDFC-73-0074,AEPS_MICRO_ATM,26.871797,80.921872,Mahanagar,226006,ACTIVE
AEPS-KOTAK-74-0075,AEPS_MICRO_ATM,26.817739,80.944868,Charbagh,226004,ACTIVE
AEPS-SBI-75-0076,AEPS_MICRO_ATM,9.955042,76.27216,Ernakulam Central,682011,ACTIVE
AEPS-BARODA-76-0077,AEPS_MICRO_ATM,10.000029,76.337054,Kakkanad InfoPark,682042,ACTIVE
AEPS-BARODA-77-0078,AEPS_MICRO_ATM,10.00052,76.266263,Fort Kochi,682001,MAINTENANCE
AEPS-FINO-78-0079,AEPS_MICRO_ATM,10.043018,76.308187,Edappally,682024,ACTIVE
ATM-IPPB-79-0080,ATM_KIOSK,9.987242,76.245602,Marine Drive,682031,INACTIVE
AEPS-BARODA-80-0081,AEPS_MICRO_ATM,21.19412,72.854011,Ring Road Surat,395002,ACTIVE
AEPS-BARODA-81-0082,AEPS_MICRO_ATM,21.187424,72.773946,Adajan,395009,ACTIVE
POS-INDUSIND-82-0083,POS,21.148232,72.804401,Vesu Surat,395007,MAINTENANCE
ATM-HDFC-83-0084,ATM_KIOSK,21.218631,72.861482,Varachha,395006,ACTIVE
ATM-FINO-84-0085,ATM_KIOSK,21.188937,72.795975,Piplod,395007,MAINTENANCE
POS-CANARA-85-0086,POS,30.744086,76.798892,Sector 17 Chandigarh,160017,ACTIVE
AEPS-HDFC-86-0087,AEPS_MICRO_ATM,30.691396,76.691552,Mohali Phase 7,160062,ACTIVE
POS-PNB-87-0088,POS,30.716232,76.842965,Panchkula Sector 5,134109,INACTIVE
AEPS-IPPB-88-0089,AEPS_MICRO_ATM,30.700625,76.870219,IT Park Chandigarh,160101,ACTIVE
POS-SBI-89-0090,POS,22.730719,75.869186,Vijay Nagar,452010,MAINTENANCE
ATM-YES-90-0091,ATM_KIOSK,22.750778,75.860417,Palasia,452001,MAINTENANCE
AEPS-ICICI-91-0092,AEPS_MICRO_ATM,22.739498,75.886156,Rajwada,452002,ACTIVE
AEPS-CANARA-92-0093,AEPS_MICRO_ATM,22.766638,75.88117,AB Road,452008,ACTIVE
AEPS-PNB-93-0094,AEPS_MICRO_ATM,25.588064,85.132891,Boring Road,800001,MAINTENANCE
ATM-PAYTM-94-0095,ATM_KIOSK,25.585387,85.114814,Bailey Road,800014,INACTIVE
AEPS-ICICI-95-0096,AEPS_MICRO_ATM,25.622782,85.166013,Kankarbagh,800020,ACTIVE
POS-CANARA-96-0097,POS,25.612874,85.157166,Fraser Road,800001,ACTIVE
ATM-BOI-97-0098,ATM_KIOSK,23.20552,77.410647,MP Nagar,462011,ACTIVE
ATM-BARODA-98-0099,ATM_KIOSK,23.231661,77.414972,Arera Colony,462016,ACTIVE
AEPS-BARODA-99-0100,AEPS_MICRO_ATM,23.24617,77.386084,New Market,462003,INACTIVE
POS-AXIS-100-0101,POS,23.165336,77.440459,Kolar Road,462042,MAINTENANCE
ATM-YES-101-0102,ATM_KIOSK,20.316638,85.871434,Saheed Nagar,751007,ACTIVE
ATM-CANARA-102-0103,ATM_KIOSK,20.326042,85.804029,Patia Infocity,751024,MAINTENANCE
POS-SBI-103-0104,POS,20.28777,85.858061,Master Canteen,751001,ACTIVE
AEPS-BARODA-104-0105,AEPS_MICRO_ATM,20.289543,85.796846,Jayadev Vihar,751013,ACTIVE
AEPS-IPPB-105-0106,AEPS_MICRO_ATM,11.005298,76.992723,Gandhipuram,641012,ACTIVE
AEPS-PNB-106-0107,AEPS_MICRO_ATM,11.024112,76.957341,RS Puram,641002,MAINTENANCE
ATM-AXIS-107-0108,ATM_KIOSK,11.020326,77.03062,Peelamedu,641004,ACTIVE
ATM-KOTAK-108-0109,ATM_KIOSK,11.029653,76.978786,Race Course,641018,ACTIVE
ATM-FINO-109-0110,ATM_KIOSK,17.760372,83.302422,Dwaraka Nagar,530016,ACTIVE
AEPS-SBI-110-0111,AEPS_MICRO_ATM,17.710029,83.32384,Beach Road,530002,ACTIVE
ATM-UNION-111-0112,ATM_KIOSK,17.708129,83.329405,MVP Colony,530017,MAINTENANCE
AEPS-ICICI-112-0113,AEPS_MICRO_ATM,17.686474,83.215523,Gajuwaka,530026,MAINTENANCE
ATM-HDFC-113-0114,ATM_KIOSK,26.136831,91.773746,GS Road,781005,INACTIVE
AEPS-BARODA-114-0115,AEPS_MICRO_ATM,26.149523,91.728021,Paltan Bazaar,781008,ACTIVE
POS-IPPB-115-0116,POS,26.14951,91.810884,Dispur,781006,ACTIVE
POS-AXIS-116-0117,POS,26.177485,91.772741,Fancy Bazaar,781001,INACTIVE
ATM-FINO-00-0118,ATM_KIOSK,28.631797,77.238477,New Delhi Central,110001,ACTIVE
ATM-ICICI-01-0119,ATM_KIOSK,28.570841,77.183599,South Delhi,110016,ACTIVE
AEPS-PNB-02-0120,AEPS_MICRO_ATM,28.520005,77.373186,Noida,201301,INACTIVE
ATM-AXIS-03-0121,ATM_KIOSK,28.429173,77.032142,Gurugram,122001,MAINTENANCE
ATM-SBI-04-0122,ATM_KIOSK,28.559916,77.06152,Dwarka,110075,ACTIVE
ATM-UNION-05-0123,ATM_KIOSK,28.63085,77.21625,Karol Bagh,110005,ACTIVE
POS-INDUSIND-06-0124,POS,28.653081,77.47211,Ghaziabad,201001,ACTIVE
AEPS-UNION-07-0125,AEPS_MICRO_ATM,28.421529,77.314787,Faridabad,121001,ACTIVE
POS-HDFC-08-0126,POS,18.929045,72.823626,South Mumbai,400001,ACTIVE
POS-HDFC-09-0127,POS,19.035166,72.828238,Bandra BKC,400051,INACTIVE
AEPS-HDFC-10-0128,AEPS_MICRO_ATM,19.148153,72.837215,Andheri,400053,ACTIVE
AEPS-CANARA-11-0129,AEPS_MICRO_ATM,19.008903,73.001858,Navi Mumbai,400703,ACTIVE
ATM-YES-12-0130,ATM_KIOSK,19.238595,72.986921,Thane,400601,ACTIVE
POS-KOTAK-13-0131,POS,19.213784,72.867864,Borivali,400091,MAINTENANCE
POS-ICICI-14-0132,POS,19.117929,72.910819,Powai,400076,ACTIVE
ATM-IPPB-15-0133,ATM_KIOSK,19.045066,72.813339,Dadar,400028,INACTIVE
ATM-UNION-16-0134,ATM_KIOSK,12.982379,77.590262,Central BLR,560001,ACTIVE
POS-HDFC-17-0135,POS,12.938259,77.615718,Koramangala,560034,ACTIVE
ATM-BOI-18-0136,ATM_KIOSK,12.976598,77.719062,Whitefield,560066,INACTIVE
AEPS-PAYTM-19-0137,AEPS_MICRO_ATM,12.857539,77.68621,Electronic City,560100,ACTIVE
POS-PNB-20-0138,POS,12.948115,77.659304,Indiranagar,560038,ACTIVE
POS-PAYTM-21-0139,POS,12.944109,77.644647,HSR Layout,560102,MAINTENANCE
POS-ICICI-22-0140,POS,12.986485,77.543973,Malleshwaram,560003,ACTIVE
AEPS-BOI-23-0141,AEPS_MICRO_ATM,12.920401,77.698424,Bellandur,560103,ACTIVE
ATM-ICICI-24-0142,ATM_KIOSK,17.418791,78.343926,Hitec City,500081,ACTIVE
AEPS-PNB-25-0143,AEPS_MICRO_ATM,17.426574,78.402563,Banjara Hills,500034,ACTIVE
POS-PAYTM-26-0144,POS,17.424857,78.529247,Secunderabad,500003,ACTIVE
ATM-SBI-27-0145,ATM_KIOSK,17.343983,78.481538,Old City Hyderabad,500002,ACTIVE
ATM-PNB-28-0146,ATM_KIOSK,17.458597,78.336551,Gachibowli,500032,ACTIVE
ATM-IPPB-29-0147,ATM_KIOSK,17.501526,78.43133,Kukatpally,500072,MAINTENANCE
AEPS-KOTAK-30-0148,AEPS_MICRO_ATM,17.474394,78.38869,Madhapur,500081,INACTIVE
AEPS-FINO-31-0149,AEPS_MICRO_ATM,17.426647,78.431857,Jubilee Hills,500033,INACTIVE
AEPS-HDFC-32-0150,AEPS_MICRO_ATM,13.107618,80.298136,Anna Salai,600002,INACTIVE
POS-SBI-33-0151,POS,13.020573,80.26502,OMR Taramani,600113,ACTIVE
ATM-ICICI-34-0152,ATM_KIOSK,13.066593,80.221231,T-Nagar,600017,MAINTENANCE
AEPS-AXIS-35-0153,AEPS_MICRO_ATM,13.016949,80.189121,Guindy,600032,ACTIVE
AEPS-BARODA-36-0154,AEPS_MICRO_ATM,12.972498,80.230885,Velachery,600042,ACTIVE
AEPS-AXIS-37-0155,AEPS_MICRO_ATM,13.018615,80.273993,Adyar,600020,INACTIVE
AEPS-KOTAK-38-0156,AEPS_MICRO_ATM,13.066896,80.261352,Kilpauk,600010,MAINTENANCE
POS-BOI-39-0157,POS,12.915207,80.12522,Tambaram,600045,MAINTENANCE
ATM-FINO-40-0158,ATM_KIOSK,22.532393,88.371217,Park Street,700016,ACTIVE
ATM-SBI-41-0159,ATM_KIOSK,22.572728,88.450932,Salt Lake Sector V,700091,ACTIVE
ATM-BARODA-42-0160,ATM_KIOSK,22.589266,88.454262,New Town Kolkata,700156,ACTIVE
POS-CANARA-43-0161,POS,22.626638,88.274162,Howrah,711101,INACTIVE
ATM-CANARA-44-0162,ATM_KIOSK,22.546854,88.372197,Ballygunge,700019,MAINTENANCE
ATM-BARODA-45-0163,ATM_KIOSK,22.532948,88.314622,Alipore,700027,ACTIVE
ATM-KOTAK-46-0164,ATM_KIOSK,22.495991,88.391251,Gariahat,700029,ACTIVE
POS-CANARA-47-0165,POS,22.650389,88.441709,Dum Dum,700028,ACTIVE
AEPS-PAYTM-48-0166,AEPS_MICRO_ATM,18.510253,73.810637,Shivaji Nagar Pune,411005,ACTIVE
POS-KOTAK-49-0167,POS,18.620657,73.725943,Hinjewadi IT Park,411057,ACTIVE
POS-UNION-50-0168,POS,18.493397,73.897712,Magarpatta Hadapsar,411028,ACTIVE
AEPS-PAYTM-51-0169,AEPS_MICRO_ATM,18.516439,73.80712,Kothrud,411038,MAINTENANCE
AEPS-HDFC-52-0170,AEPS_MICRO_ATM,18.566923,73.889874,Viman Nagar,411014,ACTIVE
POS-AXIS-53-0171,POS,18.569835,73.784753,Wakad,411057,INACTIVE
AEPS-HDFC-54-0172,AEPS_MICRO_ATM,18.580113,73.768411,Baner,411045,ACTIVE
POS-HDFC-55-0173,POS,18.496971,73.874972,Camp,411001,ACTIVE
AEPS-PAYTM-56-0174,AEPS_MICRO_ATM,23.043192,72.531791,Navrangpura,380009,MAINTENANCE
ATM-SBI-57-0175,ATM_KIOSK,23.029244,72.509619,SG Highway,380054,INACTIVE
ATM-SBI-58-0176,ATM_KIOSK,22.987107,72.628275,Maninagar,380008,ACTIVE
ATM-KOTAK-59-0177,ATM_KIOSK,23.236569,72.668308,Gandhinagar Center,382010,ACTIVE
AEPS-CANARA-60-0178,AEPS_MICRO_ATM,23.029627,72.504954,Vastrapur,380015,INACTIVE
AEPS-IPPB-61-0179,AEPS_MICRO_ATM,23.029289,72.497815,Satellite,380015,ACTIVE
ATM-KOTAK-62-0180,ATM_KIOSK,23.025261,72.530107,Prahlad Nagar,380015,INACTIVE
AEPS-UNION-63-0181,AEPS_MICRO_ATM,26.938706,75.788126,MI Road Jaipur,302001,ACTIVE
AEPS-CANARA-64-0182,AEPS_MICRO_ATM,26.860533,75.793598,Malviya Nagar Jaipur,302017,ACTIVE
AEPS-ICICI-65-0183,AEPS_MICRO_ATM,26.896696,75.756,Vaishali Nagar,302021,ACTIVE
ATM-PAYTM-66-0184,ATM_KIOSK,26.890733,75.765139,Mansarovar,302020,INACTIVE
ATM-ICICI-67-0185,ATM_KIOSK,26.913887,75.836021,C-Scheme,302001,ACTIVE
POS-PNB-68-0186,POS,26.889885,75.856693,Raja Park,302004,MAINTENANCE
AEPS-INDUSIND-69-0187,AEPS_MICRO_ATM,26.835116,80.922386,Hazratganj,226001,ACTIVE
AEPS-BOI-70-0188,AEPS_MICRO_ATM,26.819171,81.019982,Gomti Nagar Lucknow,226010,MAINTENANCE
AEPS-YES-71-0189,AEPS_MICRO_ATM,26.777945,80.883911,Alambagh,226005,MAINTENANCE
AEPS-SBI-72-0190,AEPS_MICRO_ATM,26.853402,80.979397,Indira Nagar,226016,INACTIVE
AEPS-PAYTM-73-0191,AEPS_MICRO_ATM,26.84477,80.975259,Mahanagar,226006,ACTIVE
ATM-PNB-74-0192,ATM_KIOSK,26.822483,80.944877,Charbagh,226004,INACTIVE
POS-FINO-75-0193,POS,10.014953,76.283676,Ernakulam Central,682011,ACTIVE
AEPS-CANARA-76-0194,AEPS_MICRO_ATM,10.02006,76.390688,Kakkanad InfoPark,682042,ACTIVE
ATM-PAYTM-77-0195,ATM_KIOSK,9.997843,76.268494,Fort Kochi,682001,ACTIVE
POS-BARODA-78-0196,POS,9.998828,76.337319,Edappally,682024,ACTIVE
ATM-ICICI-79-0197,ATM_KIOSK,9.99333,76.28819,Marine Drive,682031,INACTIVE
AEPS-PNB-80-0198,AEPS_MICRO_ATM,21.202614,72.81415,Ring Road Surat,395002,MAINTENANCE
AEPS-IPPB-81-0199,AEPS_MICRO_ATM,21.203282,72.787195,Adajan,395009,ACTIVE
ATM-INDUSIND-82-0200,ATM_KIOSK,21.154658,72.778585,Vesu Surat,395007,ACTIVE
AEPS-ICICI-83-0201,AEPS_MICRO_ATM,21.213648,72.847716,Varachha,395006,MAINTENANCE
ATM-HDFC-84-0202,ATM_KIOSK,21.178297,72.743163,Piplod,395007,ACTIVE
POS-BARODA-85-0203,POS,30.738609,76.791358,Sector 17 Chandigarh,160017,INACTIVE
POS-ICICI-86-0204,POS,30.700152,76.714897,Mohali Phase 7,160062,ACTIVE
AEPS-YES-87-0205,AEPS_MICRO_ATM,30.718969,76.850652,Panchkula Sector 5,134109,ACTIVE
POS-UNION-88-0206,POS,30.712657,76.862107,IT Park Chandigarh,160101,MAINTENANCE
ATM-UNION-89-0207,ATM_KIOSK,22.728509,75.901084,Vijay Nagar,452010,ACTIVE
POS-PNB-90-0208,POS,22.698161,75.865103,Palasia,452001,ACTIVE
AEPS-CANARA-91-0209,AEPS_MICRO_ATM,22.740703,75.824024,Rajwada,452002,INACTIVE
AEPS-IPPB-92-0210,AEPS_MICRO_ATM,22.739113,75.890664,AB Road,452008,MAINTENANCE
POS-UNION-93-0211,POS,25.587774,85.145213,Boring Road,800001,ACTIVE
POS-YES-94-0212,POS,25.58944,85.062843,Bailey Road,800014,ACTIVE
ATM-AXIS-95-0213,ATM_KIOSK,25.612159,85.175786,Kankarbagh,800020,ACTIVE
AEPS-FINO-96-0214,AEPS_MICRO_ATM,25.598283,85.12468,Fraser Road,800001,ACTIVE
ATM-FINO-97-0215,ATM_KIOSK,23.230477,77.438497,MP Nagar,462011,ACTIVE
POS-AXIS-98-0216,POS,23.23846,77.417734,Arera Colony,462016,ACTIVE
POS-CANARA-99-0217,POS,23.246474,77.435433,New Market,462003,ACTIVE
ATM-PNB-100-0218,ATM_KIOSK,23.154673,77.422478,Kolar Road,462042,INACTIVE
AEPS-IPPB-101-0219,AEPS_MICRO_ATM,20.27484,85.835738,Saheed Nagar,751007,ACTIVE
ATM-AXIS-102-0220,ATM_KIOSK,20.350708,85.799793,Patia Infocity,751024,ACTIVE
AEPS-FINO-103-0221,AEPS_MICRO_ATM,20.26212,85.805774,Master Canteen,751001,MAINTENANCE
ATM-HDFC-104-0222,ATM_KIOSK,20.325448,85.800501,Jayadev Vihar,751013,ACTIVE
ATM-FINO-105-0223,ATM_KIOSK,10.984614,76.93905,Gandhipuram,641012,MAINTENANCE
ATM-FINO-106-0224,ATM_KIOSK,11.018884,76.921395,RS Puram,641002,ACTIVE
POS-PNB-107-0225,POS,11.028424,77.031604,Peelamedu,641004,ACTIVE
ATM-YES-108-0226,ATM_KIOSK,10.996432,76.953747,Race Course,641018,ACTIVE
POS-IPPB-109-0227,POS,17.695013,83.321584,Dwaraka Nagar,530016,ACTIVE
AEPS-HDFC-110-0228,AEPS_MICRO_ATM,17.677317,83.312528,Beach Road,530002,ACTIVE
POS-YES-111-0229,POS,17.757443,83.357625,MVP Colony,530017,INACTIVE
POS-AXIS-112-0230,POS,17.711808,83.185371,Gajuwaka,530026,ACTIVE
AEPS-CANARA-113-0231,AEPS_MICRO_ATM,26.179113,91.753473,GS Road,781005,ACTIVE
POS-AXIS-114-0232,POS,26.196054,91.763272,Paltan Bazaar,781008,ACTIVE
POS-BOI-115-0233,POS,26.130928,91.783898,Dispur,781006,ACTIVE
POS-IPPB-116-0234,POS,26.171776,91.724468,Fancy Bazaar,781001,ACTIVE
AEPS-BARODA-00-0235,AEPS_MICRO_ATM,28.603846,77.216527,New Delhi Central,110001,ACTIVE
POS-HDFC-01-0236,POS,28.535974,77.18916,South Delhi,110016,ACTIVE
AEPS-PNB-02-0237,AEPS_MICRO_ATM,28.557348,77.421279,Noida,201301,INACTIVE
POS-IPPB-03-0238,POS,28.429756,76.997768,Gurugram,122001,ACTIVE
AEPS-IPPB-04-0239,AEPS_MICRO_ATM,28.563531,77.045786,Dwarka,110075,INACTIVE
ATM-ICICI-05-0240,ATM_KIOSK,28.646472,77.199981,Karol Bagh,110005,ACTIVE
ATM-YES-06-0241,ATM_KIOSK,28.698298,77.429139,Ghaziabad,201001,MAINTENANCE
ATM-PAYTM-07-0242,ATM_KIOSK,28.420003,77.31895,Faridabad,121001,ACTIVE
ATM-CANARA-08-0243,ATM_KIOSK,18.926958,72.817542,South Mumbai,400001,MAINTENANCE
AEPS-BOI-09-0244,AEPS_MICRO_ATM,19.082221,72.814108,Bandra BKC,400051,ACTIVE
POS-UNION-10-0245,POS,19.088521,72.852069,Andheri,400053,ACTIVE
ATM-YES-11-0246,ATM_KIOSK,19.050668,73.039214,Navi Mumbai,400703,INACTIVE
ATM-CANARA-12-0247,ATM_KIOSK,19.203026,72.998396,Thane,400601,MAINTENANCE
AEPS-FINO-13-0248,AEPS_MICRO_ATM,19.215955,72.826269,Borivali,400091,MAINTENANCE
ATM-PNB-14-0249,ATM_KIOSK,19.12334,72.919856,Powai,400076,ACTIVE
POS-PNB-15-0250,POS,19.04448,72.862133,Dadar,400028,INACTIVE
ATM-UNION-16-0251,ATM_KIOSK,12.994442,77.603819,Central BLR,560001,INACTIVE
POS-PAYTM-17-0252,POS,12.923128,77.615808,Koramangala,560034,ACTIVE
ATM-PAYTM-18-0253,ATM_KIOSK,12.990164,77.778455,Whitefield,560066,ACTIVE
AEPS-BOI-19-0254,AEPS_MICRO_ATM,12.840164,77.646852,Electronic City,560100,MAINTENANCE
ATM-YES-20-0255,ATM_KIOSK,12.976316,77.669344,Indiranagar,560038,ACTIVE
POS-HDFC-21-0256,POS,12.938552,77.666707,HSR Layout,560102,ACTIVE
AEPS-YES-22-0257,AEPS_MICRO_ATM,13.016906,77.587455,Malleshwaram,560003,ACTIVE
ATM-UNION-23-0258,ATM_KIOSK,12.936988,77.65157,Bellandur,560103,ACTIVE
ATM-ICICI-24-0259,ATM_KIOSK,17.429563,78.37156,Hitec City,500081,ACTIVE
ATM-CANARA-25-0260,ATM_KIOSK,17.42043,78.412086,Banjara Hills,500034,MAINTENANCE
ATM-CANARA-26-0261,ATM_KIOSK,17.442956,78.470508,Secunderabad,500003,ACTIVE
AEPS-PAYTM-27-0262,AEPS_MICRO_ATM,17.38168,78.491607,Old City Hyderabad,500002,ACTIVE
POS-BARODA-28-0263,POS,17.473122,78.323911,Gachibowli,500032,ACTIVE
ATM-BOI-29-0264,ATM_KIOSK,17.47893,78.379839,Kukatpally,500072,MAINTENANCE
POS-ICICI-30-0265,POS,17.414627,78.409248,Madhapur,500081,ACTIVE
POS-ICICI-31-0266,POS,17.448886,78.383442,Jubilee Hills,500033,ACTIVE
ATM-INDUSIND-32-0267,ATM_KIOSK,13.064802,80.301648,Anna Salai,600002,ACTIVE
POS-IPPB-33-0268,POS,12.98882,80.269755,OMR Taramani,600113,MAINTENANCE
POS-BOI-34-0269,POS,13.040823,80.207029,T-Nagar,600017,ACTIVE
ATM-AXIS-35-0270,ATM_KIOSK,13.012416,80.175018,Guindy,600032,ACTIVE
AEPS-INDUSIND-36-0271,AEPS_MICRO_ATM,13.000354,80.246028,Velachery,600042,ACTIVE
AEPS-BARODA-37-0272,AEPS_MICRO_ATM,13.02588,80.25963,Adyar,600020,ACTIVE
ATM-KOTAK-38-0273,ATM_KIOSK,13.082969,80.230978,Kilpauk,600010,ACTIVE
AEPS-HDFC-39-0274,AEPS_MICRO_ATM,12.914305,80.105697,Tambaram,600045,MAINTENANCE
POS-FINO-40-0275,POS,22.527981,88.341155,Park Street,700016,ACTIVE
AEPS-UNION-41-0276,AEPS_MICRO_ATM,22.603624,88.42083,Salt Lake Sector V,700091,ACTIVE
ATM-CANARA-42-0277,ATM_KIOSK,22.628186,88.496383,New Town Kolkata,700156,ACTIVE
ATM-AXIS-43-0278,ATM_KIOSK,22.629814,88.249842,Howrah,711101,ACTIVE
ATM-CANARA-44-0279,ATM_KIOSK,22.5554,88.343177,Ballygunge,700019,ACTIVE
AEPS-KOTAK-45-0280,AEPS_MICRO_ATM,22.52299,88.321995,Alipore,700027,ACTIVE
ATM-BOI-46-0281,ATM_KIOSK,22.52736,88.371445,Gariahat,700029,ACTIVE
ATM-YES-47-0282,ATM_KIOSK,22.628546,88.452639,Dum Dum,700028,INACTIVE
AEPS-BOI-48-0283,AEPS_MICRO_ATM,18.541977,73.874551,Shivaji Nagar Pune,411005,ACTIVE
AEPS-KOTAK-49-0284,AEPS_MICRO_ATM,18.606464,73.756868,Hinjewadi IT Park,411057,ACTIVE
ATM-YES-50-0285,ATM_KIOSK,18.529209,73.93925,Magarpatta Hadapsar,411028,INACTIVE
AEPS-YES-51-0286,AEPS_MICRO_ATM,18.52326,73.779056,Kothrud,411038,ACTIVE
AEPS-SBI-52-0287,AEPS_MICRO_ATM,18.563269,73.943327,Viman Nagar,411014,ACTIVE
ATM-BARODA-53-0288,ATM_KIOSK,18.565784,73.761621,Wakad,411057,ACTIVE
AEPS-PAYTM-54-0289,AEPS_MICRO_ATM,18.589409,73.774242,Baner,411045,ACTIVE
AEPS-SBI-55-0290,AEPS_MICRO_ATM,18.499848,73.879805,Camp,411001,ACTIVE
AEPS-HDFC-56-0291,AEPS_MICRO_ATM,23.041926,72.540492,Navrangpura,380009,ACTIVE
ATM-SBI-57-0292,ATM_KIOSK,23.055145,72.531082,SG Highway,380054,ACTIVE
POS-FINO-58-0293,POS,22.991826,72.567512,Maninagar,380008,ACTIVE
POS-INDUSIND-59-0294,POS,23.187635,72.615569,Gandhinagar Center,382010,MAINTENANCE
POS-ICICI-60-0295,POS,23.057861,72.516222,Vastrapur,380015,ACTIVE
AEPS-UNION-61-0296,AEPS_MICRO_ATM,23.046096,72.526039,Satellite,380015,MAINTENANCE
AEPS-FINO-62-0297,AEPS_MICRO_ATM,23.041729,72.503284,Prahlad Nagar,380015,ACTIVE
POS-PAYTM-63-0298,POS,26.884214,75.810754,MI Road Jaipur,302001,ACTIVE
AEPS-IPPB-64-0299,AEPS_MICRO_ATM,26.839102,75.822684,Malviya Nagar Jaipur,302017,ACTIVE
POS-PNB-65-0300,POS,26.918465,75.718938,Vaishali Nagar,302021,ACTIVE
POS-BOI-66-0301,POS,26.831528,75.788923,Mansarovar,302020,ACTIVE
ATM-UNION-67-0302,ATM_KIOSK,26.92693,75.829572,C-Scheme,302001,ACTIVE
ATM-AXIS-68-0303,ATM_KIOSK,26.911708,75.829159,Raja Park,302004,ACTIVE
ATM-INDUSIND-69-0304,ATM_KIOSK,26.851234,80.957247,Hazratganj,226001,ACTIVE
POS-CANARA-70-0305,POS,26.84906,80.99084,Gomti Nagar Lucknow,226010,ACTIVE
AEPS-IPPB-71-0306,AEPS_MICRO_ATM,26.802011,80.882768,Alambagh,226005,ACTIVE
POS-PNB-72-0307,POS,26.898646,81.009071,Indira Nagar,226016,MAINTENANCE
ATM-PAYTM-73-0308,ATM_KIOSK,26.862337,80.966111,Mahanagar,226006,ACTIVE
AEPS-BARODA-74-0309,AEPS_MICRO_ATM,26.839221,80.911889,Charbagh,226004,ACTIVE
ATM-IPPB-75-0310,ATM_KIOSK,9.954479,76.280378,Ernakulam Central,682011,ACTIVE
ATM-CANARA-76-0311,ATM_KIOSK,10.02697,76.375291,Kakkanad InfoPark,682042,ACTIVE
POS-BOI-77-0312,POS,9.999765,76.251473,Fort Kochi,682001,ACTIVE
POS-CANARA-78-0313,POS,10.012199,76.339348,Edappally,682024,ACTIVE
AEPS-AXIS-79-0314,AEPS_MICRO_ATM,9.966809,76.283081,Marine Drive,682031,ACTIVE
POS-HDFC-80-0315,POS,21.179799,72.855086,Ring Road Surat,395002,ACTIVE
AEPS-SBI-81-0316,AEPS_MICRO_ATM,21.181819,72.824645,Adajan,395009,INACTIVE
POS-BARODA-82-0317,POS,21.128563,72.752113,Vesu Surat,395007,ACTIVE
AEPS-BARODA-83-0318,AEPS_MICRO_ATM,21.191463,72.828112,Varachha,395006,ACTIVE
AEPS-HDFC-84-0319,AEPS_MICRO_ATM,21.166122,72.764126,Piplod,395007,ACTIVE
ATM-SBI-85-0320,ATM_KIOSK,30.755876,76.768242,Sector 17 Chandigarh,160017,ACTIVE
ATM-ICICI-86-0321,ATM_KIOSK,30.713239,76.689125,Mohali Phase 7,160062,ACTIVE
ATM-KOTAK-87-0322,ATM_KIOSK,30.726469,76.831315,Panchkula Sector 5,134109,ACTIVE
POS-IPPB-88-0323,POS,30.726785,76.838177,IT Park Chandigarh,160101,MAINTENANCE
POS-PAYTM-89-0324,POS,22.749037,75.904435,Vijay Nagar,452010,INACTIVE
AEPS-FINO-90-0325,AEPS_MICRO_ATM,22.709031,75.90723,Palasia,452001,ACTIVE
AEPS-PNB-91-0326,AEPS_MICRO_ATM,22.718096,75.847467,Rajwada,452002,MAINTENANCE
AEPS-HDFC-92-0327,AEPS_MICRO_ATM,22.720764,75.914999,AB Road,452008,ACTIVE
POS-ICICI-93-0328,POS,25.599107,85.129615,Boring Road,800001,ACTIVE
POS-INDUSIND-94-0329,POS,25.620811,85.118355,Bailey Road,800014,ACTIVE
ATM-BARODA-95-0330,ATM_KIOSK,25.559193,85.130181,Kankarbagh,800020,ACTIVE
ATM-HDFC-96-0331,ATM_KIOSK,25.616233,85.120537,Fraser Road,800001,ACTIVE
POS-IPPB-97-0332,POS,23.207076,77.411981,MP Nagar,462011,ACTIVE
AEPS-HDFC-98-0333,AEPS_MICRO_ATM,23.212244,77.456944,Arera Colony,462016,MAINTENANCE
POS-IPPB-99-0334,POS,23.243433,77.377177,New Market,462003,MAINTENANCE
POS-HDFC-100-0335,POS,23.165306,77.402683,Kolar Road,462042,ACTIVE
ATM-HDFC-101-0336,ATM_KIOSK,20.303363,85.841991,Saheed Nagar,751007,ACTIVE
AEPS-SBI-102-0337,AEPS_MICRO_ATM,20.382649,85.826971,Patia Infocity,751024,ACTIVE
AEPS-UNION-103-0338,AEPS_MICRO_ATM,20.232536,85.819014,Master Canteen,751001,ACTIVE
POS-BARODA-104-0339,POS,20.30017,85.838022,Jayadev Vihar,751013,MAINTENANCE
AEPS-CANARA-105-0340,AEPS_MICRO_ATM,11.03608,76.933271,Gandhipuram,641012,ACTIVE
POS-FINO-106-0341,POS,10.992994,76.939241,RS Puram,641002,ACTIVE
AEPS-SBI-107-0342,AEPS_MICRO_ATM,10.994392,76.976844,Peelamedu,641004,ACTIVE
ATM-INDUSIND-108-0343,ATM_KIOSK,10.996511,76.951457,Race Course,641018,ACTIVE
AEPS-HDFC-109-0344,AEPS_MICRO_ATM,17.745527,83.297984,Dwaraka Nagar,530016,ACTIVE
POS-SBI-110-0345,POS,17.717823,83.33997,Beach Road,530002,ACTIVE
ATM-CANARA-111-0346,ATM_KIOSK,17.738587,83.354288,MVP Colony,530017,ACTIVE
POS-PNB-112-0347,POS,17.659491,83.212487,Gajuwaka,530026,ACTIVE
ATM-UNION-113-0348,ATM_KIOSK,26.164206,91.780861,GS Road,781005,ACTIVE
POS-INDUSIND-114-0349,POS,26.202258,91.762031,Paltan Bazaar,781008,ACTIVE
AEPS-YES-115-0350,AEPS_MICRO_ATM,26.112457,91.764649,Dispur,781006,ACTIVE
AEPS-BARODA-116-0351,AEPS_MICRO_ATM,26.219568,91.767712,Fancy Bazaar,781001,ACTIVE
AEPS-HDFC-00-0352,AEPS_MICRO_ATM,28.631003,77.237059,New Delhi Central,110001,ACTIVE
AEPS-INDUSIND-01-0353,AEPS_MICRO_ATM,28.546699,77.232923,South Delhi,110016,MAINTENANCE
AEPS-AXIS-02-0354,AEPS_MICRO_ATM,28.521241,77.422964,Noida,201301,ACTIVE
POS-FINO-03-0355,POS,28.488343,77.058684,Gurugram,122001,INACTIVE
POS-HDFC-04-0356,POS,28.611364,77.047223,Dwarka,110075,ACTIVE
ATM-UNION-05-0357,ATM_KIOSK,28.629504,77.157109,Karol Bagh,110005,MAINTENANCE
POS-INDUSIND-06-0358,POS,28.679971,77.436137,Ghaziabad,201001,ACTIVE
ATM-BARODA-07-0359,ATM_KIOSK,28.432859,77.344831,Faridabad,121001,MAINTENANCE
ATM-IPPB-08-0360,ATM_KIOSK,18.953614,72.809408,South Mumbai,400001,ACTIVE
POS-BARODA-09-0361,POS,19.089382,72.864407,Bandra BKC,400051,ACTIVE
POS-PNB-10-0362,POS,19.089159,72.901756,Andheri,400053,INACTIVE
ATM-UNION-11-0363,ATM_KIOSK,19.066103,73.038693,Navi Mumbai,400703,ACTIVE
ATM-IPPB-12-0364,ATM_KIOSK,19.23057,73.006738,Thane,400601,ACTIVE
ATM-YES-13-0365,ATM_KIOSK,19.26454,72.858667,Borivali,400091,ACTIVE
POS-AXIS-14-0366,POS,19.140786,72.886519,Powai,400076,ACTIVE
AEPS-FINO-15-0367,AEPS_MICRO_ATM,19.018189,72.836219,Dadar,400028,ACTIVE
AEPS-PAYTM-16-0368,AEPS_MICRO_ATM,12.96801,77.586316,Central BLR,560001,INACTIVE
ATM-PAYTM-17-0369,ATM_KIOSK,12.967158,77.596201,Koramangala,560034,ACTIVE
AEPS-UNION-18-0370,AEPS_MICRO_ATM,12.943392,77.739389,Whitefield,560066,ACTIVE
AEPS-PAYTM-19-0371,AEPS_MICRO_ATM,12.833056,77.690448,Electronic City,560100,ACTIVE
POS-PNB-20-0372,POS,12.974042,77.633202,Indiranagar,560038,ACTIVE
ATM-ICICI-21-0373,ATM_KIOSK,12.878437,77.61871,HSR Layout,560102,INACTIVE
ATM-IPPB-22-0374,ATM_KIOSK,13.03432,77.530924,Malleshwaram,560003,ACTIVE
AEPS-KOTAK-23-0375,AEPS_MICRO_ATM,12.905138,77.706053,Bellandur,560103,ACTIVE
ATM-PNB-24-0376,ATM_KIOSK,17.446461,78.354606,Hitec City,500081,INACTIVE
POS-CANARA-25-0377,POS,17.422118,78.430704,Banjara Hills,500034,ACTIVE
POS-PNB-26-0378,POS,17.429822,78.478956,Secunderabad,500003,ACTIVE
POS-INDUSIND-27-0379,POS,17.37937,78.457496,Old City Hyderabad,500002,ACTIVE
ATM-ICICI-28-0380,ATM_KIOSK,17.451313,78.356005,Gachibowli,500032,ACTIVE
POS-PAYTM-29-0381,POS,17.513876,78.383022,Kukatpally,500072,ACTIVE
ATM-HDFC-30-0382,ATM_KIOSK,17.41786,78.364785,Madhapur,500081,ACTIVE
AEPS-CANARA-31-0383,AEPS_MICRO_ATM,17.447801,78.383684,Jubilee Hills,500033,INACTIVE
ATM-UNION-32-0384,ATM_KIOSK,13.083781,80.257184,Anna Salai,600002,MAINTENANCE
ATM-AXIS-33-0385,ATM_KIOSK,12.954755,80.237315,OMR Taramani,600113,ACTIVE
AEPS-KOTAK-34-0386,AEPS_MICRO_ATM,13.019374,80.23082,T-Nagar,600017,ACTIVE
POS-PNB-35-0387,POS,13.003692,80.23484,Guindy,600032,ACTIVE
POS-SBI-36-0388,POS,12.952623,80.19204,Velachery,600042,ACTIVE
ATM-BOI-37-0389,ATM_KIOSK,13.011037,80.253184,Adyar,600020,ACTIVE
AEPS-FINO-38-0390,AEPS_MICRO_ATM,13.108626,80.232968,Kilpauk,600010,INACTIVE
POS-PNB-39-0391,POS,12.890557,80.066513,Tambaram,600045,INACTIVE
ATM-PAYTM-40-0392,ATM_KIOSK,22.519872,88.380444,Park Street,700016,ACTIVE
AEPS-ICICI-41-0393,AEPS_MICRO_ATM,22.553711,88.462222,Salt Lake Sector V,700091,INACTIVE
POS-YES-42-0394,POS,22.629836,88.507855,New Town Kolkata,700156,ACTIVE
AEPS-CANARA-43-0395,AEPS_MICRO_ATM,22.581349,88.292567,Howrah,711101,ACTIVE
ATM-BOI-44-0396,ATM_KIOSK,22.510227,88.391587,Ballygunge,700019,ACTIVE
AEPS-AXIS-45-0397,AEPS_MICRO_ATM,22.561732,88.307594,Alipore,700027,MAINTENANCE
ATM-INDUSIND-46-0398,ATM_KIOSK,22.517445,88.341471,Gariahat,700029,ACTIVE
AEPS-INDUSIND-47-0399,AEPS_MICRO_ATM,22.627894,88.402397,Dum Dum,700028,INACTIVE
AEPS-CANARA-48-0400,AEPS_MICRO_ATM,18.556549,73.822239,Shivaji Nagar Pune,411005,ACTIVE
ATM-IPPB-49-0401,ATM_KIOSK,18.595336,73.714153,Hinjewadi IT Park,411057,MAINTENANCE
AEPS-AXIS-50-0402,AEPS_MICRO_ATM,18.545358,73.950362,Magarpatta Hadapsar,411028,INACTIVE
ATM-CANARA-51-0403,ATM_KIOSK,18.497165,73.816344,Kothrud,411038,ACTIVE
AEPS-BARODA-52-0404,AEPS_MICRO_ATM,18.597434,73.880923,Viman Nagar,411014,ACTIVE
POS-BOI-53-0405,POS,18.57789,73.744623,Wakad,411057,ACTIVE
AEPS-PAYTM-54-0406,AEPS_MICRO_ATM,18.57749,73.791957,Baner,411045,MAINTENANCE
POS-PNB-55-0407,POS,18.51446,73.891182,Camp,411001,INACTIVE
AEPS-CANARA-56-0408,AEPS_MICRO_ATM,23.047751,72.537279,Navrangpura,380009,ACTIVE
AEPS-KOTAK-57-0409,AEPS_MICRO_ATM,23.063565,72.475537,SG Highway,380054,ACTIVE
POS-IPPB-58-0410,POS,22.989524,72.606602,Maninagar,380008,MAINTENANCE
ATM-YES-59-0411,ATM_KIOSK,23.22292,72.645197,Gandhinagar Center,382010,ACTIVE
POS-CANARA-60-0412,POS,23.014127,72.513166,Vastrapur,380015,ACTIVE
POS-PAYTM-61-0413,POS,23.03137,72.501703,Satellite,380015,ACTIVE
AEPS-AXIS-62-0414,AEPS_MICRO_ATM,23.02551,72.493331,Prahlad Nagar,380015,ACTIVE
ATM-CANARA-63-0415,ATM_KIOSK,26.891897,75.779375,MI Road Jaipur,302001,ACTIVE
ATM-IPPB-64-0416,ATM_KIOSK,26.842987,75.817392,Malviya Nagar Jaipur,302017,ACTIVE
ATM-FINO-65-0417,ATM_KIOSK,26.909613,75.768303,Vaishali Nagar,302021,ACTIVE
POS-CANARA-66-0418,POS,26.848046,75.781466,Mansarovar,302020,ACTIVE
ATM-PNB-67-0419,ATM_KIOSK,26.906918,75.81253,C-Scheme,302001,ACTIVE
AEPS-IPPB-68-0420,AEPS_MICRO_ATM,26.882192,75.826891,Raja Park,302004,INACTIVE
AEPS-KOTAK-69-0421,AEPS_MICRO_ATM,26.858873,80.922747,Hazratganj,226001,MAINTENANCE
ATM-UNION-70-0422,ATM_KIOSK,26.885018,81.029421,Gomti Nagar Lucknow,226010,INACTIVE
POS-BOI-71-0423,POS,26.8001,80.907173,Alambagh,226005,INACTIVE
AEPS-HDFC-72-0424,AEPS_MICRO_ATM,26.901704,80.970669,Indira Nagar,226016,ACTIVE
AEPS-BOI-73-0425,AEPS_MICRO_ATM,26.868423,80.948803,Mahanagar,226006,MAINTENANCE
ATM-IPPB-74-0426,ATM_KIOSK,26.800783,80.894704,Charbagh,226004,ACTIVE
POS-PAYTM-75-0427,POS,10.004913,76.296132,Ernakulam Central,682011,MAINTENANCE
POS-AXIS-76-0428,POS,9.999459,76.392815,Kakkanad InfoPark,682042,ACTIVE
ATM-BARODA-77-0429,ATM_KIOSK,9.968372,76.212602,Fort Kochi,682001,ACTIVE
POS-PAYTM-78-0430,POS,10.040362,76.283917,Edappally,682024,ACTIVE
POS-ICICI-79-0431,POS,9.970369,76.267986,Marine Drive,682031,ACTIVE
ATM-KOTAK-80-0432,ATM_KIOSK,21.172907,72.836382,Ring Road Surat,395002,ACTIVE
ATM-SBI-81-0433,ATM_KIOSK,21.180165,72.772095,Adajan,395009,MAINTENANCE
POS-PNB-82-0434,POS,21.153922,72.779757,Vesu Surat,395007,ACTIVE
ATM-BARODA-83-0435,ATM_KIOSK,21.197159,72.853056,Varachha,395006,ACTIVE
POS-SBI-84-0436,POS,21.148464,72.788914,Piplod,395007,ACTIVE
POS-IPPB-85-0437,POS,30.772112,76.812859,Sector 17 Chandigarh,160017,INACTIVE
AEPS-IPPB-86-0438,AEPS_MICRO_ATM,30.700987,76.704443,Mohali Phase 7,160062,ACTIVE
AEPS-IPPB-87-0439,AEPS_MICRO_ATM,30.727859,76.832012,Panchkula Sector 5,134109,MAINTENANCE
AEPS-PNB-88-0440,AEPS_MICRO_ATM,30.693966,76.82479,IT Park Chandigarh,160101,INACTIVE
POS-BARODA-89-0441,POS,22.765541,75.894301,Vijay Nagar,452010,MAINTENANCE
AEPS-SBI-90-0442,AEPS_MICRO_ATM,22.735342,75.879314,Palasia,452001,INACTIVE
AEPS-BOI-91-0443,AEPS_MICRO_ATM,22.746517,75.823829,Rajwada,452002,ACTIVE
ATM-AXIS-92-0444,ATM_KIOSK,22.733651,75.920914,AB Road,452008,INACTIVE
POS-YES-93-0445,POS,25.621667,85.107878,Boring Road,800001,ACTIVE
AEPS-PNB-94-0446,AEPS_MICRO_ATM,25.633394,85.057845,Bailey Road,800014,ACTIVE
ATM-KOTAK-95-0447,ATM_KIOSK,25.580874,85.14757,Kankarbagh,800020,ACTIVE
AEPS-IPPB-96-0448,AEPS_MICRO_ATM,25.598038,85.173536,Fraser Road,800001,ACTIVE
AEPS-KOTAK-97-0449,AEPS_MICRO_ATM,23.243181,77.406916,MP Nagar,462011,ACTIVE
ATM-FINO-98-0450,ATM_KIOSK,23.186565,77.416024,Arera Colony,462016,MAINTENANCE
ATM-KOTAK-99-0451,ATM_KIOSK,23.276556,77.379083,New Market,462003,ACTIVE
ATM-KOTAK-100-0452,ATM_KIOSK,23.167487,77.391842,Kolar Road,462042,INACTIVE
POS-AXIS-101-0453,POS,20.308046,85.858155,Saheed Nagar,751007,INACTIVE
POS-PNB-102-0454,POS,20.35037,85.811681,Patia Infocity,751024,ACTIVE
ATM-KOTAK-103-0455,ATM_KIOSK,20.254163,85.85661,Master Canteen,751001,ACTIVE
POS-AXIS-104-0456,POS,20.318505,85.853918,Jayadev Vihar,751013,MAINTENANCE
ATM-BARODA-105-0457,ATM_KIOSK,11.007399,76.963765,Gandhipuram,641012,ACTIVE
ATM-HDFC-106-0458,ATM_KIOSK,11.01639,76.979071,RS Puram,641002,ACTIVE
AEPS-IPPB-107-0459,AEPS_MICRO_ATM,11.033889,77.001291,Peelamedu,641004,ACTIVE
ATM-BOI-108-0460,ATM_KIOSK,11.017486,76.939704,Race Course,641018,ACTIVE
AEPS-YES-109-0461,AEPS_MICRO_ATM,17.700542,83.300441,Dwaraka Nagar,530016,MAINTENANCE
AEPS-BOI-110-0462,AEPS_MICRO_ATM,17.734118,83.319595,Beach Road,530002,ACTIVE
AEPS-CANARA-111-0463,AEPS_MICRO_ATM,17.707192,83.372721,MVP Colony,530017,ACTIVE
AEPS-PAYTM-112-0464,AEPS_MICRO_ATM,17.683778,83.239807,Gajuwaka,530026,ACTIVE
AEPS-IPPB-113-0465,AEPS_MICRO_ATM,26.146644,91.75783,GS Road,781005,ACTIVE
ATM-SBI-114-0466,ATM_KIOSK,26.193312,91.722428,Paltan Bazaar,781008,ACTIVE
ATM-IPPB-115-0467,ATM_KIOSK,26.133836,91.79543,Dispur,781006,MAINTENANCE
POS-AXIS-116-0468,POS,26.218338,91.761205,Fancy Bazaar,781001,MAINTENANCE
POS-FINO-00-0469,POS,28.595034,77.206522,New Delhi Central,110001,MAINTENANCE
ATM-SBI-01-0470,ATM_KIOSK,28.558408,77.165352,South Delhi,110016,ACTIVE
ATM-FINO-02-0471,ATM_KIOSK,28.552039,77.372398,Noida,201301,INACTIVE
AEPS-UNION-03-0472,AEPS_MICRO_ATM,28.434467,77.057855,Gurugram,122001,ACTIVE
AEPS-HDFC-04-0473,AEPS_MICRO_ATM,28.595467,77.024214,Dwarka,110075,ACTIVE
AEPS-ICICI-05-0474,AEPS_MICRO_ATM,28.670594,77.202203,Karol Bagh,110005,MAINTENANCE
POS-BOI-06-0475,POS,28.66743,77.439775,Ghaziabad,201001,ACTIVE
AEPS-BOI-07-0476,AEPS_MICRO_ATM,28.398338,77.33614,Faridabad,121001,ACTIVE
AEPS-FINO-08-0477,AEPS_MICRO_ATM,18.902396,72.805382,South Mumbai,400001,MAINTENANCE
AEPS-CANARA-09-0478,AEPS_MICRO_ATM,19.060381,72.863214,Bandra BKC,400051,ACTIVE
POS-PNB-10-0479,POS,19.143201,72.865134,Andheri,400053,INACTIVE
ATM-AXIS-11-0480,ATM_KIOSK,19.057907,73.036087,Navi Mumbai,400703,INACTIVE
AEPS-PAYTM-12-0481,AEPS_MICRO_ATM,19.218128,72.991096,Thane,400601,ACTIVE
POS-AXIS-13-0482,POS,19.254119,72.889395,Borivali,400091,MAINTENANCE
POS-ICICI-14-0483,POS,19.112361,72.877117,Powai,400076,ACTIVE
AEPS-PNB-15-0484,AEPS_MICRO_ATM,19.00834,72.871479,Dadar,400028,ACTIVE
POS-BARODA-16-0485,POS,13.00269,77.578527,Central BLR,560001,ACTIVE
ATM-AXIS-17-0486,ATM_KIOSK,12.907035,77.597434,Koramangala,560034,INACTIVE
ATM-BARODA-18-0487,ATM_KIOSK,12.935059,77.776703,Whitefield,560066,ACTIVE
AEPS-CANARA-19-0488,AEPS_MICRO_ATM,12.87105,77.694678,Electronic City,560100,INACTIVE
AEPS-HDFC-20-0489,AEPS_MICRO_ATM,12.970291,77.623163,Indiranagar,560038,ACTIVE
AEPS-ICICI-21-0490,AEPS_MICRO_ATM,12.885168,77.65489,HSR Layout,560102,ACTIVE
ATM-PAYTM-22-0491,ATM_KIOSK,13.009924,77.559757,Malleshwaram,560003,INACTIVE
AEPS-KOTAK-23-0492,AEPS_MICRO_ATM,12.941191,77.67459,Bellandur,560103,ACTIVE
ATM-HDFC-24-0493,ATM_KIOSK,17.442476,78.38279,Hitec City,500081,ACTIVE
POS-BARODA-25-0494,POS,17.389043,78.453142,Banjara Hills,500034,ACTIVE
POS-SBI-26-0495,POS,17.466844,78.466519,Secunderabad,500003,MAINTENANCE
ATM-CANARA-27-0496,ATM_KIOSK,17.390864,78.50106,Old City Hyderabad,500002,ACTIVE
AEPS-PAYTM-28-0497,AEPS_MICRO_ATM,17.472774,78.354726,Gachibowli,500032,INACTIVE
ATM-BARODA-29-0498,ATM_KIOSK,17.481231,78.389567,Kukatpally,500072,MAINTENANCE
POS-UNION-30-0499,POS,17.453683,78.372917,Madhapur,500081,ACTIVE
AEPS-IPPB-31-0500,AEPS_MICRO_ATM,17.400576,78.394496,Jubilee Hills,500033,ACTIVE
AEPS-AXIS-32-0501,AEPS_MICRO_ATM,13.108192,80.278824,Anna Salai,600002,ACTIVE
POS-INDUSIND-33-0502,POS,12.990742,80.253851,OMR Taramani,600113,ACTIVE
AEPS-IPPB-34-0503,AEPS_MICRO_ATM,13.024596,80.260039,T-Nagar,600017,ACTIVE
ATM-PNB-35-0504,ATM_KIOSK,13.007881,80.214036,Guindy,600032,ACTIVE
ATM-HDFC-36-0505,ATM_KIOSK,12.97143,80.236242,Velachery,600042,ACTIVE
AEPS-PNB-37-0506,AEPS_MICRO_ATM,13.032995,80.288193,Adyar,600020,MAINTENANCE
POS-UNION-38-0507,POS,13.062084,80.212907,Kilpauk,600010,MAINTENANCE
ATM-INDUSIND-39-0508,ATM_KIOSK,12.900476,80.087511,Tambaram,600045,ACTIVE
POS-AXIS-40-0509,POS,22.537327,88.368509,Park Street,700016,ACTIVE
POS-ICICI-41-0510,POS,22.587983,88.44584,Salt Lake Sector V,700091,ACTIVE
ATM-YES-42-0511,ATM_KIOSK,22.595758,88.468999,New Town Kolkata,700156,MAINTENANCE
AEPS-AXIS-43-0512,AEPS_MICRO_ATM,22.608189,88.269096,Howrah,711101,ACTIVE
POS-PNB-44-0513,POS,22.520726,88.362734,Ballygunge,700019,INACTIVE
ATM-IPPB-45-0514,ATM_KIOSK,22.499971,88.319695,Alipore,700027,INACTIVE
AEPS-ICICI-46-0515,AEPS_MICRO_ATM,22.517523,88.373998,Gariahat,700029,ACTIVE
ATM-PNB-47-0516,ATM_KIOSK,22.637189,88.455158,Dum Dum,700028,ACTIVE
ATM-BARODA-48-0517,ATM_KIOSK,18.561476,73.875447,Shivaji Nagar Pune,411005,ACTIVE
AEPS-YES-49-0518,AEPS_MICRO_ATM,18.609513,73.750666,Hinjewadi IT Park,411057,ACTIVE
POS-ICICI-50-0519,POS,18.52769,73.960306,Magarpatta Hadapsar,411028,ACTIVE
AEPS-ICICI-51-0520,AEPS_MICRO_ATM,18.475954,73.819872,Kothrud,411038,ACTIVE
AEPS-AXIS-52-0521,AEPS_MICRO_ATM,18.550172,73.929482,Viman Nagar,411014,ACTIVE
ATM-UNION-53-0522,ATM_KIOSK,18.572864,73.770601,Wakad,411057,ACTIVE
POS-SBI-54-0523,POS,18.560232,73.753901,Baner,411045,ACTIVE
POS-ICICI-55-0524,POS,18.494995,73.87132,Camp,411001,INACTIVE
ATM-ICICI-56-0525,ATM_KIOSK,23.025332,72.595945,Navrangpura,380009,ACTIVE
POS-HDFC-57-0526,POS,23.053588,72.536447,SG Highway,380054,ACTIVE
ATM-BOI-58-0527,ATM_KIOSK,22.992363,72.631353,Maninagar,380008,ACTIVE
POS-SBI-59-0528,POS,23.225854,72.617724,Gandhinagar Center,382010,ACTIVE
POS-HDFC-60-0529,POS,23.04676,72.499454,Vastrapur,380015,ACTIVE
ATM-FINO-61-0530,ATM_KIOSK,23.055232,72.545886,Satellite,380015,MAINTENANCE
ATM-CANARA-62-0531,ATM_KIOSK,22.987851,72.533125,Prahlad Nagar,380015,ACTIVE
AEPS-SBI-63-0532,AEPS_MICRO_ATM,26.933369,75.814405,MI Road Jaipur,302001,INACTIVE
POS-BOI-64-0533,POS,26.850866,75.79083,Malviya Nagar Jaipur,302017,INACTIVE
POS-SBI-65-0534,POS,26.931614,75.756094,Vaishali Nagar,302021,ACTIVE
POS-PNB-66-0535,POS,26.836761,75.775532,Mansarovar,302020,INACTIVE
ATM-BOI-67-0536,ATM_KIOSK,26.907364,75.793908,C-Scheme,302001,ACTIVE
AEPS-BOI-68-0537,AEPS_MICRO_ATM,26.881244,75.79911,Raja Park,302004,ACTIVE
AEPS-BARODA-69-0538,AEPS_MICRO_ATM,26.85663,80.932163,Hazratganj,226001,ACTIVE
ATM-ICICI-70-0539,ATM_KIOSK,26.868709,80.984355,Gomti Nagar Lucknow,226010,ACTIVE
POS-YES-71-0540,POS,26.841724,80.933031,Alambagh,226005,ACTIVE
POS-AXIS-72-0541,POS,26.894214,81.012117,Indira Nagar,226016,ACTIVE
POS-ICICI-73-0542,POS,26.887381,80.930931,Mahanagar,226006,ACTIVE
ATM-PNB-74-0543,ATM_KIOSK,26.80009,80.947991,Charbagh,226004,ACTIVE
AEPS-HDFC-75-0544,AEPS_MICRO_ATM,10.011924,76.309716,Ernakulam Central,682011,ACTIVE
POS-BOI-76-0545,POS,9.993438,76.356426,Kakkanad InfoPark,682042,ACTIVE
ATM-PNB-77-0546,ATM_KIOSK,9.966218,76.277068,Fort Kochi,682001,MAINTENANCE
ATM-INDUSIND-78-0547,ATM_KIOSK,9.988306,76.281181,Edappally,682024,INACTIVE
POS-AXIS-79-0548,POS,9.987865,76.285514,Marine Drive,682031,ACTIVE
POS-FINO-80-0549,POS,21.191696,72.855191,Ring Road Surat,395002,MAINTENANCE
ATM-BARODA-81-0550,ATM_KIOSK,21.214407,72.822159,Adajan,395009,ACTIVE
AEPS-YES-82-0551,AEPS_MICRO_ATM,21.140216,72.778724,Vesu Surat,395007,ACTIVE
AEPS-CANARA-83-0552,AEPS_MICRO_ATM,21.228643,72.827158,Varachha,395006,ACTIVE
AEPS-CANARA-84-0553,AEPS_MICRO_ATM,21.178743,72.766696,Piplod,395007,ACTIVE
ATM-PNB-85-0554,ATM_KIOSK,30.769656,76.75299,Sector 17 Chandigarh,160017,ACTIVE
POS-AXIS-86-0555,POS,30.727812,76.683922,Mohali Phase 7,160062,ACTIVE
AEPS-ICICI-87-0556,AEPS_MICRO_ATM,30.703277,76.885634,Panchkula Sector 5,134109,ACTIVE
ATM-INDUSIND-88-0557,ATM_KIOSK,30.711161,76.827622,IT Park Chandigarh,160101,ACTIVE
AEPS-YES-89-0558,AEPS_MICRO_ATM,22.734418,75.91733,Vijay Nagar,452010,ACTIVE
POS-SBI-90-0559,POS,22.724466,75.865633,Palasia,452001,ACTIVE
ATM-BARODA-91-0560,ATM_KIOSK,22.69586,75.821615,Rajwada,452002,MAINTENANCE
POS-AXIS-92-0561,POS,22.739756,75.887862,AB Road,452008,INACTIVE
AEPS-FINO-93-0562,AEPS_MICRO_ATM,25.611853,85.120647,Boring Road,800001,ACTIVE
POS-ICICI-94-0563,POS,25.617612,85.112665,Bailey Road,800014,MAINTENANCE
ATM-INDUSIND-95-0564,ATM_KIOSK,25.581877,85.129034,Kankarbagh,800020,ACTIVE
POS-YES-96-0565,POS,25.588413,85.134226,Fraser Road,800001,ACTIVE
AEPS-PAYTM-97-0566,AEPS_MICRO_ATM,23.235548,77.462826,MP Nagar,462011,ACTIVE
ATM-UNION-98-0567,ATM_KIOSK,23.233911,77.444243,Arera Colony,462016,INACTIVE
ATM-INDUSIND-99-0568,ATM_KIOSK,23.22758,77.409115,New Market,462003,ACTIVE
AEPS-INDUSIND-100-0569,AEPS_MICRO_ATM,23.194257,77.391364,Kolar Road,462042,ACTIVE
AEPS-HDFC-101-0570,AEPS_MICRO_ATM,20.287724,85.858136,Saheed Nagar,751007,INACTIVE
POS-UNION-102-0571,POS,20.36065,85.811438,Patia Infocity,751024,INACTIVE
AEPS-BARODA-103-0572,AEPS_MICRO_ATM,20.233637,85.83242,Master Canteen,751001,ACTIVE
AEPS-BARODA-104-0573,AEPS_MICRO_ATM,20.304133,85.803471,Jayadev Vihar,751013,ACTIVE
AEPS-CANARA-105-0574,AEPS_MICRO_ATM,11.026294,76.944113,Gandhipuram,641012,ACTIVE
POS-AXIS-106-0575,POS,11.030541,76.978536,RS Puram,641002,ACTIVE
POS-ICICI-107-0576,POS,11.051145,77.026174,Peelamedu,641004,MAINTENANCE
POS-YES-108-0577,POS,11.026192,76.953537,Race Course,641018,INACTIVE
POS-INDUSIND-109-0578,POS,17.75591,83.334319,Dwaraka Nagar,530016,ACTIVE
POS-ICICI-110-0579,POS,17.689472,83.343613,Beach Road,530002,ACTIVE
ATM-IPPB-111-0580,ATM_KIOSK,17.773024,83.358714,MVP Colony,530017,ACTIVE
POS-PAYTM-112-0581,POS,17.683344,83.251981,Gajuwaka,530026,ACTIVE
AEPS-ICICI-113-0582,AEPS_MICRO_ATM,26.182491,91.803904,GS Road,781005,ACTIVE
POS-INDUSIND-114-0583,POS,26.186812,91.769052,Paltan Bazaar,781008,ACTIVE
ATM-PAYTM-115-0584,ATM_KIOSK,26.125209,91.787051,Dispur,781006,ACTIVE
AEPS-BOI-116-0585,AEPS_MICRO_ATM,26.18281,91.749603,Fancy Bazaar,781001,ACTIVE
POS-YES-00-0586,POS,28.644101,77.241485,New Delhi Central,110001,INACTIVE
ATM-YES-01-0587,ATM_KIOSK,28.514525,77.209226,South Delhi,110016,ACTIVE
ATM-UNION-02-0588,ATM_KIOSK,28.507635,77.37552,Noida,201301,ACTIVE
AEPS-ICICI-03-0589,AEPS_MICRO_ATM,28.445782,77.05865,Gurugram,122001,INACTIVE
AEPS-UNION-04-0590,AEPS_MICRO_ATM,28.558713,77.080614,Dwarka,110075,ACTIVE
POS-YES-05-0591,POS,28.632826,77.182937,Karol Bagh,110005,MAINTENANCE
AEPS-AXIS-06-0592,AEPS_MICRO_ATM,28.677288,77.470943,Ghaziabad,201001,MAINTENANCE
ATM-PAYTM-07-0593,ATM_KIOSK,28.403111,77.314148,Faridabad,121001,ACTIVE
POS-ICICI-08-0594,POS,18.945889,72.815298,South Mumbai,400001,ACTIVE
AEPS-HDFC-09-0595,AEPS_MICRO_ATM,19.034787,72.83734,Bandra BKC,400051,INACTIVE
POS-INDUSIND-10-0596,POS,19.142696,72.901938,Andheri,400053,MAINTENANCE
ATM-UNION-11-0597,ATM_KIOSK,19.059694,73.042613,Navi Mumbai,400703,ACTIVE
AEPS-PAYTM-12-0598,AEPS_MICRO_ATM,19.214463,73.005683,Thane,400601,ACTIVE
AEPS-FINO-13-0599,AEPS_MICRO_ATM,19.19775,72.825724,Borivali,400091,ACTIVE
AEPS-KOTAK-14-0600,AEPS_MICRO_ATM,19.122937,72.903178,Powai,400076,ACTIVE
POS-BARODA-15-0601,POS,19.026114,72.870248,Dadar,400028,ACTIVE
POS-CANARA-16-0602,POS,12.950649,77.625582,Central BLR,560001,MAINTENANCE
POS-HDFC-17-0603,POS,12.911009,77.613591,Koramangala,560034,ACTIVE
AEPS-SBI-18-0604,AEPS_MICRO_ATM,12.953536,77.73235,Whitefield,560066,ACTIVE
AEPS-KOTAK-19-0605,AEPS_MICRO_ATM,12.82688,77.698954,Electronic City,560100,MAINTENANCE
ATM-ICICI-20-0606,ATM_KIOSK,12.972421,77.63715,Indiranagar,560038,INACTIVE
AEPS-BARODA-21-0607,AEPS_MICRO_ATM,12.913423,77.639008,HSR Layout,560102,ACTIVE
ATM-HDFC-22-0608,ATM_KIOSK,13.030271,77.549797,Malleshwaram,560003,ACTIVE
POS-HDFC-23-0609,POS,12.915333,77.660609,Bellandur,560103,INACTIVE
AEPS-FINO-24-0610,AEPS_MICRO_ATM,17.444063,78.401385,Hitec City,500081,INACTIVE
AEPS-ICICI-25-0611,AEPS_MICRO_ATM,17.435352,78.43048,Banjara Hills,500034,ACTIVE
POS-IPPB-26-0612,POS,17.429609,78.510933,Secunderabad,500003,ACTIVE
AEPS-SBI-27-0613,AEPS_MICRO_ATM,17.396264,78.471033,Old City Hyderabad,500002,ACTIVE
POS-KOTAK-28-0614,POS,17.419384,78.371908,Gachibowli,500032,ACTIVE
POS-FINO-29-0615,POS,17.471125,78.437216,Kukatpally,500072,ACTIVE
POS-AXIS-30-0616,POS,17.455382,78.419755,Madhapur,500081,ACTIVE
ATM-BOI-31-0617,ATM_KIOSK,17.413028,78.418262,Jubilee Hills,500033,ACTIVE
ATM-BARODA-32-0618,ATM_KIOSK,13.107505,80.265419,Anna Salai,600002,ACTIVE
POS-UNION-33-0619,POS,12.964667,80.265902,OMR Taramani,600113,ACTIVE
ATM-CANARA-34-0620,ATM_KIOSK,13.053176,80.235101,T-Nagar,600017,INACTIVE
ATM-SBI-35-0621,ATM_KIOSK,13.002044,80.191646,Guindy,600032,ACTIVE
AEPS-HDFC-36-0622,AEPS_MICRO_ATM,12.97454,80.245997,Velachery,600042,ACTIVE
ATM-BOI-37-0623,ATM_KIOSK,12.967293,80.275674,Adyar,600020,MAINTENANCE
POS-PNB-38-0624,POS,13.058645,80.230535,Kilpauk,600010,MAINTENANCE
POS-AXIS-39-0625,POS,12.897897,80.091748,Tambaram,600045,MAINTENANCE
ATM-HDFC-40-0626,ATM_KIOSK,22.554963,88.361478,Park Street,700016,INACTIVE
ATM-PAYTM-41-0627,ATM_KIOSK,22.608818,88.472081,Salt Lake Sector V,700091,ACTIVE
AEPS-HDFC-42-0628,AEPS_MICRO_ATM,22.575118,88.480064,New Town Kolkata,700156,ACTIVE
POS-SBI-43-0629,POS,22.617196,88.280843,Howrah,711101,INACTIVE
AEPS-CANARA-44-0630,AEPS_MICRO_ATM,22.557421,88.387942,Ballygunge,700019,ACTIVE
ATM-AXIS-45-0631,ATM_KIOSK,22.543985,88.339226,Alipore,700027,ACTIVE
ATM-PAYTM-46-0632,ATM_KIOSK,22.511348,88.361761,Gariahat,700029,ACTIVE
POS-UNION-47-0633,POS,22.625132,88.405945,Dum Dum,700028,ACTIVE
POS-YES-48-0634,POS,18.514534,73.830152,Shivaji Nagar Pune,411005,INACTIVE
AEPS-SBI-49-0635,AEPS_MICRO_ATM,18.623413,73.760169,Hinjewadi IT Park,411057,ACTIVE
AEPS-IPPB-50-0636,AEPS_MICRO_ATM,18.51127,73.930691,Magarpatta Hadapsar,411028,ACTIVE
ATM-CANARA-51-0637,ATM_KIOSK,18.492512,73.800827,Kothrud,411038,ACTIVE
ATM-PAYTM-52-0638,ATM_KIOSK,18.581537,73.922407,Viman Nagar,411014,INACTIVE
POS-BARODA-53-0639,POS,18.626108,73.736163,Wakad,411057,INACTIVE
POS-AXIS-54-0640,POS,18.534634,73.761924,Baner,411045,ACTIVE
AEPS-AXIS-55-0641,AEPS_MICRO_ATM,18.501144,73.855381,Camp,411001,MAINTENANCE
AEPS-AXIS-56-0642,AEPS_MICRO_ATM,23.05767,72.56171,Navrangpura,380009,ACTIVE
ATM-PAYTM-57-0643,ATM_KIOSK,23.073607,72.487653,SG Highway,380054,ACTIVE
POS-SBI-58-0644,POS,22.990584,72.597108,Maninagar,380008,ACTIVE
AEPS-HDFC-59-0645,AEPS_MICRO_ATM,23.227481,72.605788,Gandhinagar Center,382010,MAINTENANCE
POS-IPPB-60-0646,POS,23.067018,72.551968,Vastrapur,380015,MAINTENANCE
POS-BOI-61-0647,POS,22.999443,72.497322,Satellite,380015,ACTIVE
POS-IPPB-62-0648,POS,23.000718,72.489906,Prahlad Nagar,380015,ACTIVE
AEPS-YES-63-0649,AEPS_MICRO_ATM,26.932883,75.777194,MI Road Jaipur,302001,ACTIVE
ATM-IPPB-64-0650,ATM_KIOSK,26.875156,75.798873,Malviya Nagar Jaipur,302017,ACTIVE
POS-BOI-65-0651,POS,26.907581,75.74505,Vaishali Nagar,302021,ACTIVE
AEPS-UNION-66-0652,AEPS_MICRO_ATM,26.874284,75.782201,Mansarovar,302020,ACTIVE
AEPS-AXIS-67-0653,AEPS_MICRO_ATM,26.884916,75.835362,C-Scheme,302001,INACTIVE
POS-INDUSIND-68-0654,POS,26.923859,75.850847,Raja Park,302004,ACTIVE
POS-KOTAK-69-0655,POS,26.864315,80.961135,Hazratganj,226001,ACTIVE
ATM-KOTAK-70-0656,ATM_KIOSK,26.881807,81.024292,Gomti Nagar Lucknow,226010,ACTIVE
AEPS-UNION-71-0657,AEPS_MICRO_ATM,26.836494,80.874259,Alambagh,226005,ACTIVE
POS-CANARA-72-0658,POS,26.893244,80.947985,Indira Nagar,226016,INACTIVE
ATM-SBI-73-0659,ATM_KIOSK,26.895211,80.963329,Mahanagar,226006,ACTIVE
AEPS-PAYTM-74-0660,AEPS_MICRO_ATM,26.823586,80.942947,Charbagh,226004,MAINTENANCE
ATM-BOI-75-0661,ATM_KIOSK,9.976191,76.300391,Ernakulam Central,682011,ACTIVE
POS-YES-76-0662,POS,10.007824,76.383867,Kakkanad InfoPark,682042,INACTIVE
POS-PAYTM-77-0663,POS,9.984253,76.261958,Fort Kochi,682001,ACTIVE
POS-SBI-78-0664,POS,9.995341,76.31279,Edappally,682024,ACTIVE
POS-BOI-79-0665,POS,9.954642,76.285051,Marine Drive,682031,INACTIVE
POS-IPPB-80-0666,POS,21.192791,72.852749,Ring Road Surat,395002,ACTIVE
POS-IPPB-81-0667,POS,21.218913,72.772705,Adajan,395009,MAINTENANCE
ATM-KOTAK-82-0668,ATM_KIOSK,21.17011,72.755471,Vesu Surat,395007,ACTIVE
ATM-BARODA-83-0669,ATM_KIOSK,21.214123,72.867968,Varachha,395006,ACTIVE
ATM-BOI-84-0670,ATM_KIOSK,21.183558,72.786285,Piplod,395007,ACTIVE
ATM-AXIS-85-0671,ATM_KIOSK,30.746283,76.76907,Sector 17 Chandigarh,160017,ACTIVE
ATM-FINO-86-0672,ATM_KIOSK,30.725833,76.684163,Mohali Phase 7,160062,ACTIVE
AEPS-PAYTM-87-0673,AEPS_MICRO_ATM,30.720313,76.835568,Panchkula Sector 5,134109,ACTIVE
AEPS-FINO-88-0674,AEPS_MICRO_ATM,30.732436,76.83658,IT Park Chandigarh,160101,MAINTENANCE
AEPS-IPPB-89-0675,AEPS_MICRO_ATM,22.730553,75.871597,Vijay Nagar,452010,INACTIVE
ATM-HDFC-90-0676,ATM_KIOSK,22.715729,75.876949,Palasia,452001,ACTIVE
ATM-YES-91-0677,ATM_KIOSK,22.747643,75.889205,Rajwada,452002,ACTIVE
POS-INDUSIND-92-0678,POS,22.73532,75.867237,AB Road,452008,MAINTENANCE
ATM-SBI-93-0679,ATM_KIOSK,25.639355,85.088356,Boring Road,800001,INACTIVE
AEPS-YES-94-0680,AEPS_MICRO_ATM,25.627943,85.088804,Bailey Road,800014,MAINTENANCE
ATM-UNION-95-0681,ATM_KIOSK,25.586176,85.14067,Kankarbagh,800020,ACTIVE
AEPS-IPPB-96-0682,AEPS_MICRO_ATM,25.580674,85.16755,Fraser Road,800001,ACTIVE
AEPS-BOI-97-0683,AEPS_MICRO_ATM,23.23314,77.405507,MP Nagar,462011,ACTIVE
POS-UNION-98-0684,POS,23.178366,77.442627,Arera Colony,462016,ACTIVE
AEPS-IPPB-99-0685,AEPS_MICRO_ATM,23.257314,77.408345,New Market,462003,ACTIVE
ATM-HDFC-100-0686,ATM_KIOSK,23.201968,77.452198,Kolar Road,462042,ACTIVE
POS-INDUSIND-101-0687,POS,20.285342,85.83467,Saheed Nagar,751007,ACTIVE
ATM-IPPB-102-0688,ATM_KIOSK,20.330492,85.831753,Patia Infocity,751024,ACTIVE
POS-BARODA-103-0689,POS,20.286246,85.805406,Master Canteen,751001,ACTIVE
AEPS-AXIS-104-0690,AEPS_MICRO_ATM,20.329273,85.794615,Jayadev Vihar,751013,ACTIVE
POS-KOTAK-105-0691,POS,11.019906,76.994049,Gandhipuram,641012,ACTIVE
POS-AXIS-106-0692,POS,10.995013,76.9458,RS Puram,641002,ACTIVE
POS-ICICI-107-0693,POS,11.037458,76.984648,Peelamedu,641004,ACTIVE
POS-BOI-108-0694,POS,10.992901,76.971034,Race Course,641018,ACTIVE
POS-FINO-109-0695,POS,17.709104,83.306483,Dwaraka Nagar,530016,INACTIVE
ATM-UNION-110-0696,ATM_KIOSK,17.684991,83.305977,Beach Road,530002,MAINTENANCE
ATM-HDFC-111-0697,ATM_KIOSK,17.742049,83.33566,MVP Colony,530017,ACTIVE
POS-ICICI-112-0698,POS,17.668235,83.22132,Gajuwaka,530026,ACTIVE
POS-CANARA-113-0699,POS,26.117372,91.809009,GS Road,781005,ACTIVE
POS-YES-114-0700,POS,26.146208,91.754352,Paltan Bazaar,781008,ACTIVE
AEPS-PAYTM-115-0701,AEPS_MICRO_ATM,26.168397,91.761102,Dispur,781006,ACTIVE
AEPS-BOI-116-0702,AEPS_MICRO_ATM,26.187553,91.737085,Fancy Bazaar,781001,MAINTENANCE
ATM-AXIS-00-0703,ATM_KIOSK,28.642557,77.185679,New Delhi Central,110001,ACTIVE
ATM-UNION-01-0704,ATM_KIOSK,28.564854,77.233613,South Delhi,110016,ACTIVE
POS-YES-02-0705,POS,28.552472,77.378286,Noida,201301,MAINTENANCE
ATM-INDUSIND-03-0706,ATM_KIOSK,28.424655,77.02757,Gurugram,122001,MAINTENANCE
AEPS-INDUSIND-04-0707,AEPS_MICRO_ATM,28.55763,77.014142,Dwarka,110075,ACTIVE
AEPS-IPPB-05-0708,AEPS_MICRO_ATM,28.643284,77.160407,Karol Bagh,110005,ACTIVE
POS-YES-06-0709,POS,28.636496,77.450452,Ghaziabad,201001,ACTIVE
ATM-PAYTM-07-0710,ATM_KIOSK,28.408579,77.311364,Faridabad,121001,ACTIVE
ATM-PNB-08-0711,ATM_KIOSK,18.919928,72.819927,South Mumbai,400001,ACTIVE
POS-UNION-09-0712,POS,19.060082,72.799997,Bandra BKC,400051,INACTIVE
AEPS-INDUSIND-10-0713,AEPS_MICRO_ATM,19.130825,72.840165,Andheri,400053,ACTIVE
POS-IPPB-11-0714,POS,19.010995,73.037784,Navi Mumbai,400703,ACTIVE
AEPS-PAYTM-12-0715,AEPS_MICRO_ATM,19.219016,72.956181,Thane,400601,ACTIVE
POS-PNB-13-0716,POS,19.263231,72.860112,Borivali,400091,MAINTENANCE
POS-UNION-14-0717,POS,19.13851,72.907752,Powai,400076,ACTIVE
AEPS-UNION-15-0718,AEPS_MICRO_ATM,19.044956,72.852864,Dadar,400028,ACTIVE
POS-SBI-16-0719,POS,12.972851,77.561642,Central BLR,560001,ACTIVE
AEPS-PAYTM-17-0720,AEPS_MICRO_ATM,12.967088,77.634547,Koramangala,560034,ACTIVE
POS-IPPB-18-0721,POS,12.96012,77.741715,Whitefield,560066,ACTIVE
ATM-UNION-19-0722,ATM_KIOSK,12.805152,77.653658,Electronic City,560100,ACTIVE
POS-KOTAK-20-0723,POS,12.946245,77.65015,Indiranagar,560038,ACTIVE
AEPS-KOTAK-21-0724,AEPS_MICRO_ATM,12.889824,77.66636,HSR Layout,560102,ACTIVE
AEPS-AXIS-22-0725,AEPS_MICRO_ATM,12.991224,77.562965,Malleshwaram,560003,ACTIVE
POS-FINO-23-0726,POS,12.942936,77.648633,Bellandur,560103,ACTIVE
ATM-UNION-24-0727,ATM_KIOSK,17.450325,78.365116,Hitec City,500081,ACTIVE
ATM-CANARA-25-0728,ATM_KIOSK,17.399889,78.469525,Banjara Hills,500034,ACTIVE
POS-IPPB-26-0729,POS,17.421532,78.480451,Secunderabad,500003,ACTIVE
AEPS-YES-27-0730,AEPS_MICRO_ATM,17.358102,78.4679,Old City Hyderabad,500002,ACTIVE
POS-PAYTM-28-0731,POS,17.42135,78.333895,Gachibowli,500032,ACTIVE
POS-BARODA-29-0732,POS,17.493098,78.434529,Kukatpally,500072,INACTIVE
POS-ICICI-30-0733,POS,17.443439,78.373988,Madhapur,500081,MAINTENANCE
ATM-UNION-31-0734,ATM_KIOSK,17.401799,78.433821,Jubilee Hills,500033,ACTIVE
ATM-CANARA-32-0735,ATM_KIOSK,13.112811,80.271781,Anna Salai,600002,ACTIVE
POS-SBI-33-0736,POS,12.975585,80.22258,OMR Taramani,600113,ACTIVE
ATM-ICICI-34-0737,ATM_KIOSK,13.051604,80.222961,T-Nagar,600017,ACTIVE
AEPS-BARODA-35-0738,AEPS_MICRO_ATM,13.040025,80.210519,Guindy,600032,ACTIVE
ATM-YES-36-0739,ATM_KIOSK,12.96265,80.242699,Velachery,600042,INACTIVE
POS-HDFC-37-0740,POS,12.971891,80.224987,Adyar,600020,INACTIVE
ATM-BOI-38-0741,ATM_KIOSK,13.093124,80.25975,Kilpauk,600010,MAINTENANCE
AEPS-AXIS-39-0742,AEPS_MICRO_ATM,12.954296,80.128143,Tambaram,600045,INACTIVE
ATM-BARODA-40-0743,ATM_KIOSK,22.547018,88.347936,Park Street,700016,MAINTENANCE
POS-ICICI-41-0744,POS,22.565199,88.42921,Salt Lake Sector V,700091,ACTIVE
AEPS-CANARA-42-0745,AEPS_MICRO_ATM,22.62803,88.486653,New Town Kolkata,700156,ACTIVE
POS-BARODA-43-0746,POS,22.619512,88.242022,Howrah,711101,ACTIVE
AEPS-PAYTM-44-0747,AEPS_MICRO_ATM,22.541298,88.335279,Ballygunge,700019,ACTIVE
POS-INDUSIND-45-0748,POS,22.552656,88.349912,Alipore,700027,MAINTENANCE
AEPS-CANARA-46-0749,AEPS_MICRO_ATM,22.528264,88.38217,Gariahat,700029,INACTIVE
AEPS-AXIS-47-0750,AEPS_MICRO_ATM,22.647865,88.450701,Dum Dum,700028,ACTIVE
POS-IPPB-48-0751,POS,18.540798,73.843109,Shivaji Nagar Pune,411005,INACTIVE
POS-CANARA-49-0752,POS,18.562931,73.759099,Hinjewadi IT Park,411057,ACTIVE
AEPS-IPPB-50-0753,AEPS_MICRO_ATM,18.491901,73.940475,Magarpatta Hadapsar,411028,INACTIVE
ATM-BARODA-51-0754,ATM_KIOSK,18.528997,73.816841,Kothrud,411038,ACTIVE
ATM-PNB-52-0755,ATM_KIOSK,18.540607,73.933535,Viman Nagar,411014,ACTIVE
AEPS-YES-53-0756,AEPS_MICRO_ATM,18.633377,73.735754,Wakad,411057,ACTIVE
POS-ICICI-54-0757,POS,18.544023,73.820416,Baner,411045,ACTIVE
AEPS-YES-55-0758,AEPS_MICRO_ATM,18.536491,73.889238,Camp,411001,ACTIVE
ATM-BARODA-56-0759,ATM_KIOSK,23.06357,72.582209,Navrangpura,380009,INACTIVE
POS-PNB-57-0760,POS,23.071951,72.502609,SG Highway,380054,ACTIVE
POS-INDUSIND-58-0761,POS,23.011213,72.590272,Maninagar,380008,ACTIVE
ATM-PNB-59-0762,ATM_KIOSK,23.223218,72.619246,Gandhinagar Center,382010,ACTIVE
AEPS-ICICI-60-0763,AEPS_MICRO_ATM,23.045243,72.533684,Vastrapur,380015,ACTIVE
AEPS-IPPB-61-0764,AEPS_MICRO_ATM,23.010439,72.507198,Satellite,380015,INACTIVE
ATM-INDUSIND-62-0765,ATM_KIOSK,22.987004,72.524665,Prahlad Nagar,380015,INACTIVE
AEPS-KOTAK-63-0766,AEPS_MICRO_ATM,26.890031,75.770838,MI Road Jaipur,302001,ACTIVE
AEPS-KOTAK-64-0767,AEPS_MICRO_ATM,26.867857,75.79512,Malviya Nagar Jaipur,302017,ACTIVE
POS-PAYTM-65-0768,POS,26.910455,75.762541,Vaishali Nagar,302021,ACTIVE
ATM-PAYTM-66-0769,ATM_KIOSK,26.86215,75.785966,Mansarovar,302020,ACTIVE
AEPS-PNB-67-0770,AEPS_MICRO_ATM,26.918296,75.80919,C-Scheme,302001,ACTIVE
ATM-FINO-68-0771,ATM_KIOSK,26.868621,75.855287,Raja Park,302004,ACTIVE
AEPS-BOI-69-0772,AEPS_MICRO_ATM,26.831846,80.978333,Hazratganj,226001,ACTIVE
POS-BARODA-70-0773,POS,26.842398,80.993978,Gomti Nagar Lucknow,226010,ACTIVE
ATM-FINO-71-0774,ATM_KIOSK,26.822885,80.892508,Alambagh,226005,ACTIVE
ATM-ICICI-72-0775,ATM_KIOSK,26.901371,80.966339,Indira Nagar,226016,INACTIVE
POS-ICICI-73-0776,POS,26.85014,80.940725,Mahanagar,226006,INACTIVE
ATM-HDFC-74-0777,ATM_KIOSK,26.850884,80.906839,Charbagh,226004,ACTIVE
ATM-AXIS-75-0778,ATM_KIOSK,9.948892,76.332752,Ernakulam Central,682011,INACTIVE
ATM-UNION-76-0779,ATM_KIOSK,9.994001,76.340598,Kakkanad InfoPark,682042,ACTIVE
AEPS-YES-77-0780,AEPS_MICRO_ATM,9.972811,76.221976,Fort Kochi,682001,ACTIVE
POS-UNION-78-0781,POS,10.043769,76.332424,Edappally,682024,ACTIVE
POS-BARODA-79-0782,POS,9.997479,76.274622,Marine Drive,682031,MAINTENANCE
ATM-FINO-80-0783,ATM_KIOSK,21.223091,72.836755,Ring Road Surat,395002,ACTIVE
ATM-KOTAK-81-0784,ATM_KIOSK,21.182285,72.800154,Adajan,395009,INACTIVE
ATM-HDFC-82-0785,ATM_KIOSK,21.128711,72.73768,Vesu Surat,395007,ACTIVE
ATM-ICICI-83-0786,ATM_KIOSK,21.228092,72.841229,Varachha,395006,INACTIVE
AEPS-PNB-84-0787,AEPS_MICRO_ATM,21.165025,72.743042,Piplod,395007,MAINTENANCE
POS-PAYTM-85-0788,POS,30.731745,76.768786,Sector 17 Chandigarh,160017,MAINTENANCE
ATM-AXIS-86-0789,ATM_KIOSK,30.73884,76.701082,Mohali Phase 7,160062,MAINTENANCE
AEPS-PNB-87-0790,AEPS_MICRO_ATM,30.698348,76.835629,Panchkula Sector 5,134109,ACTIVE
POS-PAYTM-88-0791,POS,30.718574,76.861077,IT Park Chandigarh,160101,ACTIVE
AEPS-CANARA-89-0792,AEPS_MICRO_ATM,22.786331,75.911436,Vijay Nagar,452010,ACTIVE
POS-FINO-90-0793,POS,22.711655,75.854302,Palasia,452001,ACTIVE
ATM-UNION-91-0794,ATM_KIOSK,22.70607,75.835606,Rajwada,452002,ACTIVE
AEPS-YES-92-0795,AEPS_MICRO_ATM,22.744614,75.897253,AB Road,452008,MAINTENANCE
AEPS-PAYTM-93-0796,AEPS_MICRO_ATM,25.607476,85.084149,Boring Road,800001,INACTIVE
POS-AXIS-94-0797,POS,25.630913,85.103039,Bailey Road,800014,ACTIVE
ATM-BOI-95-0798,ATM_KIOSK,25.570597,85.151961,Kankarbagh,800020,INACTIVE
ATM-FINO-96-0799,ATM_KIOSK,25.611608,85.170138,Fraser Road,800001,ACTIVE
ATM-INDUSIND-97-0800,ATM_KIOSK,23.205052,77.438752,MP Nagar,462011,MAINTENANCE
AEPS-KOTAK-98-0801,AEPS_MICRO_ATM,23.244588,77.41592,Arera Colony,462016,MAINTENANCE
POS-FINO-99-0802,POS,23.269137,77.406949,New Market,462003,ACTIVE
AEPS-SBI-100-0803,AEPS_MICRO_ATM,23.160085,77.435686,Kolar Road,462042,INACTIVE
AEPS-SBI-101-0804,AEPS_MICRO_ATM,20.316757,85.867983,Saheed Nagar,751007,ACTIVE
ATM-INDUSIND-102-0805,ATM_KIOSK,20.337752,85.838668,Patia Infocity,751024,ACTIVE
ATM-PNB-103-0806,ATM_KIOSK,20.254374,85.846877,Master Canteen,751001,INACTIVE
ATM-BOI-104-0807,ATM_KIOSK,20.310018,85.835249,Jayadev Vihar,751013,ACTIVE
AEPS-ICICI-105-0808,AEPS_MICRO_ATM,10.990602,76.943905,Gandhipuram,641012,INACTIVE
POS-BARODA-106-0809,POS,11.000305,76.936294,RS Puram,641002,ACTIVE
POS-HDFC-107-0810,POS,11.044797,77.026378,Peelamedu,641004,ACTIVE
AEPS-IPPB-108-0811,AEPS_MICRO_ATM,11.011208,76.956481,Race Course,641018,ACTIVE
POS-ICICI-109-0812,POS,17.737274,83.290931,Dwaraka Nagar,530016,ACTIVE
ATM-CANARA-110-0813,ATM_KIOSK,17.736369,83.312039,Beach Road,530002,INACTIVE
POS-INDUSIND-111-0814,POS,17.753626,83.326929,MVP Colony,530017,ACTIVE
POS-HDFC-112-0815,POS,17.682436,83.243359,Gajuwaka,530026,ACTIVE
ATM-FINO-113-0816,ATM_KIOSK,26.153682,91.793319,GS Road,781005,ACTIVE
ATM-KOTAK-114-0817,ATM_KIOSK,26.193911,91.720692,Paltan Bazaar,781008,ACTIVE
ATM-FINO-115-0818,ATM_KIOSK,26.154227,91.794762,Dispur,781006,ACTIVE
ATM-UNION-116-0819,ATM_KIOSK,26.216057,91.71423,Fancy Bazaar,781001,ACTIVE
AEPS-AXIS-00-0820,AEPS_MICRO_ATM,28.640242,77.239744,New Delhi Central,110001,ACTIVE
POS-BOI-01-0821,POS,28.561245,77.225505,South Delhi,110016,INACTIVE
POS-ICICI-02-0822,POS,28.508684,77.400558,Noida,201301,ACTIVE
POS-ICICI-03-0823,POS,28.435831,77.051474,Gurugram,122001,MAINTENANCE
ATM-ICICI-04-0824,ATM_KIOSK,28.582494,77.063817,Dwarka,110075,INACTIVE
ATM-CANARA-05-0825,ATM_KIOSK,28.678265,77.187239,Karol Bagh,110005,INACTIVE
AEPS-CANARA-06-0826,AEPS_MICRO_ATM,28.672582,77.468594,Ghaziabad,201001,ACTIVE
AEPS-CANARA-07-0827,AEPS_MICRO_ATM,28.423809,77.352028,Faridabad,121001,ACTIVE
ATM-UNION-08-0828,ATM_KIOSK,18.910955,72.809051,South Mumbai,400001,MAINTENANCE
AEPS-PAYTM-09-0829,AEPS_MICRO_ATM,19.085483,72.817695,Bandra BKC,400051,ACTIVE
POS-PAYTM-10-0830,POS,19.122937,72.875882,Andheri,400053,ACTIVE
AEPS-KOTAK-11-0831,AEPS_MICRO_ATM,19.008529,73.034378,Navi Mumbai,400703,INACTIVE
POS-AXIS-12-0832,POS,19.241208,72.987592,Thane,400601,ACTIVE
AEPS-FINO-13-0833,AEPS_MICRO_ATM,19.195904,72.831452,Borivali,400091,ACTIVE
AEPS-BARODA-14-0834,AEPS_MICRO_ATM,19.085847,72.911612,Powai,400076,ACTIVE
POS-UNION-15-0835,POS,19.029118,72.875136,Dadar,400028,ACTIVE
AEPS-BARODA-16-0836,AEPS_MICRO_ATM,12.943314,77.574672,Central BLR,560001,ACTIVE
AEPS-PNB-17-0837,AEPS_MICRO_ATM,12.939731,77.596177,Koramangala,560034,ACTIVE
POS-BOI-18-0838,POS,12.959175,77.735679,Whitefield,560066,ACTIVE
ATM-PNB-19-0839,ATM_KIOSK,12.835913,77.663303,Electronic City,560100,ACTIVE
POS-YES-20-0840,POS,12.995665,77.640463,Indiranagar,560038,ACTIVE
ATM-INDUSIND-21-0841,ATM_KIOSK,12.924854,77.631166,HSR Layout,560102,ACTIVE
POS-BARODA-22-0842,POS,13.029352,77.579324,Malleshwaram,560003,INACTIVE
POS-INDUSIND-23-0843,POS,12.947239,77.707535,Bellandur,560103,ACTIVE
AEPS-HDFC-24-0844,AEPS_MICRO_ATM,17.419646,78.347598,Hitec City,500081,MAINTENANCE
AEPS-CANARA-25-0845,AEPS_MICRO_ATM,17.383374,78.442654,Banjara Hills,500034,INACTIVE
ATM-PNB-26-0846,ATM_KIOSK,17.473,78.483955,Secunderabad,500003,ACTIVE
POS-IPPB-27-0847,POS,17.388155,78.467634,Old City Hyderabad,500002,ACTIVE
ATM-IPPB-28-0848,ATM_KIOSK,17.436347,78.335944,Gachibowli,500032,INACTIVE
POS-ICICI-29-0849,POS,17.490311,78.402832,Kukatpally,500072,INACTIVE
ATM-BARODA-30-0850,ATM_KIOSK,17.482062,78.39799,Madhapur,500081,ACTIVE
AEPS-FINO-31-0851,AEPS_MICRO_ATM,17.429323,78.428968,Jubilee Hills,500033,MAINTENANCE
POS-BARODA-32-0852,POS,13.070329,80.245757,Anna Salai,600002,ACTIVE
AEPS-AXIS-33-0853,AEPS_MICRO_ATM,12.975785,80.212568,OMR Taramani,600113,MAINTENANCE
ATM-UNION-34-0854,ATM_KIOSK,13.03418,80.266933,T-Nagar,600017,ACTIVE
POS-SBI-35-0855,POS,12.994609,80.203465,Guindy,600032,MAINTENANCE
AEPS-AXIS-36-0856,AEPS_MICRO_ATM,13.011449,80.221456,Velachery,600042,INACTIVE
AEPS-CANARA-37-0857,AEPS_MICRO_ATM,12.969983,80.237567,Adyar,600020,ACTIVE
AEPS-YES-38-0858,AEPS_MICRO_ATM,13.086133,80.226957,Kilpauk,600010,ACTIVE
POS-IPPB-39-0859,POS,12.908846,80.117316,Tambaram,600045,ACTIVE
ATM-YES-40-0860,ATM_KIOSK,22.549481,88.32258,Park Street,700016,ACTIVE
ATM-FINO-41-0861,ATM_KIOSK,22.598825,88.470168,Salt Lake Sector V,700091,INACTIVE
AEPS-BOI-42-0862,AEPS_MICRO_ATM,22.601719,88.493653,New Town Kolkata,700156,INACTIVE
POS-INDUSIND-43-0863,POS,22.604899,88.267212,Howrah,711101,ACTIVE
AEPS-PAYTM-44-0864,AEPS_MICRO_ATM,22.537652,88.342695,Ballygunge,700019,ACTIVE
POS-YES-45-0865,POS,22.513564,88.350437,Alipore,700027,ACTIVE
ATM-PAYTM-46-0866,ATM_KIOSK,22.543683,88.363537,Gariahat,700029,ACTIVE
POS-AXIS-47-0867,POS,22.67274,88.40104,Dum Dum,700028,INACTIVE
AEPS-INDUSIND-48-0868,AEPS_MICRO_ATM,18.554934,73.82094,Shivaji Nagar Pune,411005,ACTIVE
ATM-IPPB-49-0869,ATM_KIOSK,18.568498,73.744181,Hinjewadi IT Park,411057,ACTIVE
AEPS-PNB-50-0870,AEPS_MICRO_ATM,18.525979,73.898057,Magarpatta Hadapsar,411028,ACTIVE
AEPS-INDUSIND-51-0871,AEPS_MICRO_ATM,18.503952,73.788296,Kothrud,411038,MAINTENANCE
AEPS-HDFC-52-0872,AEPS_MICRO_ATM,18.567498,73.888793,Viman Nagar,411014,ACTIVE
AEPS-SBI-53-0873,AEPS_MICRO_ATM,18.588205,73.770832,Wakad,411057,ACTIVE
POS-AXIS-54-0874,POS,18.56835,73.763484,Baner,411045,MAINTENANCE
AEPS-ICICI-55-0875,AEPS_MICRO_ATM,18.550493,73.88518,Camp,411001,ACTIVE
ATM-SBI-56-0876,ATM_KIOSK,23.028682,72.557831,Navrangpura,380009,ACTIVE
AEPS-BOI-57-0877,AEPS_MICRO_ATM,23.069537,72.491205,SG Highway,380054,ACTIVE
ATM-YES-58-0878,ATM_KIOSK,22.990419,72.594556,Maninagar,380008,ACTIVE
AEPS-PAYTM-59-0879,AEPS_MICRO_ATM,23.248178,72.656836,Gandhinagar Center,382010,ACTIVE
AEPS-YES-60-0880,AEPS_MICRO_ATM,23.026026,72.542875,Vastrapur,380015,INACTIVE
POS-KOTAK-61-0881,POS,23.013276,72.520456,Satellite,380015,ACTIVE
ATM-PAYTM-62-0882,ATM_KIOSK,22.995212,72.495642,Prahlad Nagar,380015,ACTIVE
ATM-CANARA-63-0883,ATM_KIOSK,26.92892,75.781936,MI Road Jaipur,302001,ACTIVE
AEPS-INDUSIND-64-0884,AEPS_MICRO_ATM,26.861769,75.789092,Malviya Nagar Jaipur,302017,MAINTENANCE
AEPS-UNION-65-0885,AEPS_MICRO_ATM,26.925755,75.720681,Vaishali Nagar,302021,ACTIVE
AEPS-ICICI-66-0886,AEPS_MICRO_ATM,26.833187,75.730906,Mansarovar,302020,ACTIVE
POS-HDFC-67-0887,POS,26.894975,75.82703,C-Scheme,302001,INACTIVE
ATM-HDFC-68-0888,ATM_KIOSK,26.901499,75.829705,Raja Park,302004,MAINTENANCE
POS-YES-69-0889,POS,26.873473,80.925037,Hazratganj,226001,ACTIVE
AEPS-SBI-70-0890,AEPS_MICRO_ATM,26.840736,81.01543,Gomti Nagar Lucknow,226010,ACTIVE
ATM-IPPB-71-0891,ATM_KIOSK,26.826767,80.872896,Alambagh,226005,ACTIVE
ATM-FINO-72-0892,ATM_KIOSK,26.859547,80.96223,Indira Nagar,226016,MAINTENANCE
ATM-AXIS-73-0893,ATM_KIOSK,26.838072,80.939515,Mahanagar,226006,MAINTENANCE
ATM-KOTAK-74-0894,ATM_KIOSK,26.806805,80.893353,Charbagh,226004,ACTIVE
POS-IPPB-75-0895,POS,10.011978,76.311006,Ernakulam Central,682011,ACTIVE
AEPS-BOI-76-0896,AEPS_MICRO_ATM,10.050097,76.39434,Kakkanad InfoPark,682042,ACTIVE
AEPS-YES-77-0897,AEPS_MICRO_ATM,9.934217,76.272067,Fort Kochi,682001,ACTIVE
ATM-IPPB-78-0898,ATM_KIOSK,10.039183,76.331836,Edappally,682024,ACTIVE
ATM-FINO-79-0899,ATM_KIOSK,9.967981,76.285344,Marine Drive,682031,INACTIVE
POS-SBI-80-0900,POS,21.189423,72.861943,Ring Road Surat,395002,ACTIVE
ATM-BOI-81-0901,ATM_KIOSK,21.171407,72.786804,Adajan,395009,ACTIVE
ATM-YES-82-0902,ATM_KIOSK,21.124214,72.787305,Vesu Surat,395007,MAINTENANCE
AEPS-AXIS-83-0903,AEPS_MICRO_ATM,21.25221,72.890635,Varachha,395006,ACTIVE
AEPS-UNION-84-0904,AEPS_MICRO_ATM,21.188559,72.747873,Piplod,395007,ACTIVE
POS-CANARA-85-0905,POS,30.725843,76.80072,Sector 17 Chandigarh,160017,ACTIVE
AEPS-IPPB-86-0906,AEPS_MICRO_ATM,30.706661,76.701252,Mohali Phase 7,160062,MAINTENANCE
ATM-INDUSIND-87-0907,ATM_KIOSK,30.694718,76.858592,Panchkula Sector 5,134109,ACTIVE
ATM-UNION-88-0908,ATM_KIOSK,30.748511,76.810354,IT Park Chandigarh,160101,ACTIVE
ATM-AXIS-89-0909,ATM_KIOSK,22.780539,75.863287,Vijay Nagar,452010,INACTIVE
AEPS-PAYTM-90-0910,AEPS_MICRO_ATM,22.75301,75.884219,Palasia,452001,MAINTENANCE
POS-AXIS-91-0911,POS,22.695313,75.884053,Rajwada,452002,ACTIVE
POS-AXIS-92-0912,POS,22.761534,75.902721,AB Road,452008,MAINTENANCE
ATM-YES-93-0913,ATM_KIOSK,25.588286,85.107309,Boring Road,800001,ACTIVE
POS-PAYTM-94-0914,POS,25.612616,85.075296,Bailey Road,800014,ACTIVE
POS-FINO-95-0915,POS,25.607481,85.172417,Kankarbagh,800020,ACTIVE
POS-AXIS-96-0916,POS,25.627618,85.124372,Fraser Road,800001,MAINTENANCE
ATM-FINO-97-0917,ATM_KIOSK,23.220577,77.424875,MP Nagar,462011,ACTIVE
ATM-AXIS-98-0918,ATM_KIOSK,23.212461,77.433189,Arera Colony,462016,ACTIVE
AEPS-SBI-99-0919,AEPS_MICRO_ATM,23.263896,77.419692,New Market,462003,ACTIVE
AEPS-SBI-100-0920,AEPS_MICRO_ATM,23.144485,77.432514,Kolar Road,462042,ACTIVE
AEPS-SBI-101-0921,AEPS_MICRO_ATM,20.291194,85.87362,Saheed Nagar,751007,MAINTENANCE
AEPS-AXIS-102-0922,AEPS_MICRO_ATM,20.38043,85.79617,Patia Infocity,751024,ACTIVE
ATM-IPPB-103-0923,ATM_KIOSK,20.279322,85.818744,Master Canteen,751001,INACTIVE
POS-PNB-104-0924,POS,20.314222,85.79502,Jayadev Vihar,751013,INACTIVE
POS-BARODA-105-0925,POS,10.99438,76.945043,Gandhipuram,641012,ACTIVE
AEPS-BARODA-106-0926,AEPS_MICRO_ATM,11.00866,76.92778,RS Puram,641002,ACTIVE
POS-KOTAK-107-0927,POS,11.013849,77.023046,Peelamedu,641004,MAINTENANCE
ATM-BARODA-108-0928,ATM_KIOSK,11.02153,77.002159,Race Course,641018,MAINTENANCE
ATM-HDFC-109-0929,ATM_KIOSK,17.725316,83.305581,Dwaraka Nagar,530016,ACTIVE
AEPS-ICICI-110-0930,AEPS_MICRO_ATM,17.68595,83.339599,Beach Road,530002,MAINTENANCE
ATM-BARODA-111-0931,ATM_KIOSK,17.720794,83.318426,MVP Colony,530017,MAINTENANCE
AEPS-HDFC-112-0932,AEPS_MICRO_ATM,17.666305,83.228581,Gajuwaka,530026,ACTIVE
ATM-FINO-113-0933,ATM_KIOSK,26.161055,91.764896,GS Road,781005,ACTIVE
POS-SBI-114-0934,POS,26.148474,91.763219,Paltan Bazaar,781008,ACTIVE
POS-BARODA-115-0935,POS,26.174663,91.806977,Dispur,781006,ACTIVE
POS-KOTAK-116-0936,POS,26.156165,91.769261,Fancy Bazaar,781001,ACTIVE
POS-PAYTM-00-0937,POS,28.628104,77.221994,New Delhi Central,110001,ACTIVE
AEPS-INDUSIND-01-0938,AEPS_MICRO_ATM,28.526808,77.197756,South Delhi,110016,ACTIVE
ATM-PAYTM-02-0939,ATM_KIOSK,28.550066,77.388496,Noida,201301,ACTIVE
ATM-ICICI-03-0940,ATM_KIOSK,28.430456,77.05914,Gurugram,122001,ACTIVE
POS-UNION-04-0941,POS,28.619552,77.041621,Dwarka,110075,MAINTENANCE
ATM-HDFC-05-0942,ATM_KIOSK,28.650506,77.17945,Karol Bagh,110005,INACTIVE
ATM-HDFC-06-0943,ATM_KIOSK,28.665843,77.42429,Ghaziabad,201001,MAINTENANCE
AEPS-HDFC-07-0944,AEPS_MICRO_ATM,28.428727,77.324859,Faridabad,121001,ACTIVE
ATM-PAYTM-08-0945,ATM_KIOSK,18.95411,72.85017,South Mumbai,400001,ACTIVE
AEPS-PAYTM-09-0946,AEPS_MICRO_ATM,19.058148,72.796334,Bandra BKC,400051,ACTIVE
POS-IPPB-10-0947,POS,19.117526,72.847138,Andheri,400053,ACTIVE
ATM-FINO-11-0948,ATM_KIOSK,19.053916,73.023018,Navi Mumbai,400703,ACTIVE
AEPS-FINO-12-0949,AEPS_MICRO_ATM,19.187702,72.966232,Thane,400601,MAINTENANCE
AEPS-IPPB-13-0950,AEPS_MICRO_ATM,19.256491,72.881368,Borivali,400091,ACTIVE
AEPS-PNB-14-0951,AEPS_MICRO_ATM,19.086875,72.899778,Powai,400076,ACTIVE
POS-IPPB-15-0952,POS,19.005107,72.842546,Dadar,400028,MAINTENANCE
POS-BARODA-16-0953,POS,12.980981,77.561083,Central BLR,560001,ACTIVE
POS-PAYTM-17-0954,POS,12.927651,77.631426,Koramangala,560034,ACTIVE
ATM-IPPB-18-0955,ATM_KIOSK,12.991314,77.741149,Whitefield,560066,INACTIVE
POS-IPPB-19-0956,POS,12.811291,77.664843,Electronic City,560100,ACTIVE
POS-ICICI-20-0957,POS,13.000319,77.671051,Indiranagar,560038,ACTIVE
AEPS-INDUSIND-21-0958,AEPS_MICRO_ATM,12.891628,77.611252,HSR Layout,560102,ACTIVE
AEPS-ICICI-22-0959,AEPS_MICRO_ATM,13.015442,77.547926,Malleshwaram,560003,ACTIVE
AEPS-INDUSIND-23-0960,AEPS_MICRO_ATM,12.91107,77.696316,Bellandur,560103,ACTIVE
POS-PNB-24-0961,POS,17.459504,78.392901,Hitec City,500081,MAINTENANCE
AEPS-IPPB-25-0962,AEPS_MICRO_ATM,17.428625,78.40834,Banjara Hills,500034,ACTIVE
POS-BOI-26-0963,POS,17.45494,78.522056,Secunderabad,500003,INACTIVE
POS-BARODA-27-0964,POS,17.3308,78.479439,Old City Hyderabad,500002,MAINTENANCE
AEPS-YES-28-0965,AEPS_MICRO_ATM,17.44813,78.371715,Gachibowli,500032,ACTIVE
AEPS-PNB-29-0966,AEPS_MICRO_ATM,17.461029,78.44232,Kukatpally,500072,ACTIVE
POS-PNB-30-0967,POS,17.455499,78.380336,Madhapur,500081,ACTIVE
POS-AXIS-31-0968,POS,17.450712,78.395832,Jubilee Hills,500033,INACTIVE
POS-BARODA-32-0969,POS,13.069437,80.25464,Anna Salai,600002,ACTIVE
POS-BARODA-33-0970,POS,13.019458,80.212388,OMR Taramani,600113,INACTIVE
ATM-AXIS-34-0971,ATM_KIOSK,13.057157,80.26758,T-Nagar,600017,ACTIVE
AEPS-HDFC-35-0972,AEPS_MICRO_ATM,12.979284,80.21054,Guindy,600032,ACTIVE
POS-SBI-36-0973,POS,13.002744,80.223374,Velachery,600042,ACTIVE
POS-INDUSIND-37-0974,POS,12.988132,80.282051,Adyar,600020,ACTIVE
POS-KOTAK-38-0975,POS,13.072126,80.260004,Kilpauk,600010,ACTIVE
ATM-PAYTM-39-0976,ATM_KIOSK,12.899719,80.083769,Tambaram,600045,ACTIVE
ATM-HDFC-40-0977,ATM_KIOSK,22.564266,88.384319,Park Street,700016,ACTIVE
AEPS-PNB-41-0978,AEPS_MICRO_ATM,22.586181,88.414271,Salt Lake Sector V,700091,ACTIVE
ATM-ICICI-42-0979,ATM_KIOSK,22.628601,88.491212,New Town Kolkata,700156,ACTIVE
ATM-YES-43-0980,ATM_KIOSK,22.609153,88.22996,Howrah,711101,ACTIVE
POS-ICICI-44-0981,POS,22.504863,88.383125,Ballygunge,700019,MAINTENANCE
ATM-KOTAK-45-0982,ATM_KIOSK,22.544151,88.32357,Alipore,700027,ACTIVE
POS-YES-46-0983,POS,22.533998,88.334228,Gariahat,700029,ACTIVE
ATM-ICICI-47-0984,ATM_KIOSK,22.615696,88.425567,Dum Dum,700028,ACTIVE
POS-SBI-48-0985,POS,18.505038,73.842335,Shivaji Nagar Pune,411005,INACTIVE
ATM-IPPB-49-0986,ATM_KIOSK,18.621133,73.762546,Hinjewadi IT Park,411057,ACTIVE
POS-INDUSIND-50-0987,POS,18.534446,73.920285,Magarpatta Hadapsar,411028,INACTIVE
POS-BARODA-51-0988,POS,18.490637,73.837537,Kothrud,411038,INACTIVE
ATM-UNION-52-0989,ATM_KIOSK,18.576231,73.908387,Viman Nagar,411014,MAINTENANCE
ATM-YES-53-0990,ATM_KIOSK,18.607571,73.772548,Wakad,411057,INACTIVE
POS-AXIS-54-0991,POS,18.541088,73.819154,Baner,411045,ACTIVE
AEPS-ICICI-55-0992,AEPS_MICRO_ATM,18.488826,73.882886,Camp,411001,MAINTENANCE
ATM-HDFC-56-0993,ATM_KIOSK,23.070691,72.532292,Navrangpura,380009,ACTIVE
ATM-CANARA-57-0994,ATM_KIOSK,23.048213,72.5014,SG Highway,380054,MAINTENANCE
POS-PNB-58-0995,POS,22.993752,72.610031,Maninagar,380008,ACTIVE
POS-PNB-59-0996,POS,23.181865,72.632524,Gandhinagar Center,382010,INACTIVE
AEPS-BOI-60-0997,AEPS_MICRO_ATM,23.033628,72.50111,Vastrapur,380015,ACTIVE
ATM-KOTAK-61-0998,ATM_KIOSK,23.047831,72.5468,Satellite,380015,ACTIVE
ATM-PAYTM-62-0999,ATM_KIOSK,23.014974,72.506377,Prahlad Nagar,380015,MAINTENANCE
AEPS-PNB-63-1000,AEPS_MICRO_ATM,26.910571,75.799471,MI Road Jaipur,302001,ACTIVE
POS-BARODA-64-1001,POS,26.832023,75.800198,Malviya Nagar Jaipur,302017,ACTIVE
ATM-SBI-65-1002,ATM_KIOSK,26.938326,75.764601,Vaishali Nagar,302021,ACTIVE
AEPS-CANARA-66-1003,AEPS_MICRO_ATM,26.873102,75.745022,Mansarovar,302020,ACTIVE
POS-KOTAK-67-1004,POS,26.898631,75.825435,C-Scheme,302001,MAINTENANCE
POS-HDFC-68-1005,POS,26.912061,75.826364,Raja Park,302004,ACTIVE
AEPS-ICICI-69-1006,AEPS_MICRO_ATM,26.831654,80.973964,Hazratganj,226001,ACTIVE
AEPS-FINO-70-1007,AEPS_MICRO_ATM,26.847254,81.021151,Gomti Nagar Lucknow,226010,ACTIVE
AEPS-YES-71-1008,AEPS_MICRO_ATM,26.82146,80.878232,Alambagh,226005,ACTIVE
POS-BARODA-72-1009,POS,26.911338,80.969138,Indira Nagar,226016,ACTIVE
AEPS-INDUSIND-73-1010,AEPS_MICRO_ATM,26.902461,80.922459,Mahanagar,226006,INACTIVE
POS-UNION-74-1011,POS,26.852251,80.916186,Charbagh,226004,ACTIVE
ATM-BOI-75-1012,ATM_KIOSK,9.948093,76.302026,Ernakulam Central,682011,ACTIVE
ATM-PAYTM-76-1013,ATM_KIOSK,10.007733,76.388701,Kakkanad InfoPark,682042,ACTIVE
ATM-PNB-77-1014,ATM_KIOSK,9.970109,76.248009,Fort Kochi,682001,ACTIVE
ATM-SBI-78-1015,ATM_KIOSK,10.029939,76.29577,Edappally,682024,MAINTENANCE
POS-KOTAK-79-1016,POS,9.994342,76.287084,Marine Drive,682031,ACTIVE
ATM-UNION-80-1017,ATM_KIOSK,21.191988,72.816086,Ring Road Surat,395002,INACTIVE
AEPS-ICICI-81-1018,AEPS_MICRO_ATM,21.191708,72.807731,Adajan,395009,MAINTENANCE
ATM-IPPB-82-1019,ATM_KIOSK,21.171623,72.804203,Vesu Surat,395007,INACTIVE
POS-KOTAK-83-1020,POS,21.23015,72.856091,Varachha,395006,ACTIVE
ATM-BOI-84-1021,ATM_KIOSK,21.17761,72.776373,Piplod,395007,ACTIVE
POS-PNB-85-1022,POS,30.714495,76.804277,Sector 17 Chandigarh,160017,ACTIVE
AEPS-IPPB-86-1023,AEPS_MICRO_ATM,30.676698,76.692895,Mohali Phase 7,160062,MAINTENANCE
AEPS-FINO-87-1024,AEPS_MICRO_ATM,30.687853,76.893927,Panchkula Sector 5,134109,ACTIVE
POS-BARODA-88-1025,POS,30.738767,76.826511,IT Park Chandigarh,160101,ACTIVE
POS-YES-89-1026,POS,22.742923,75.909885,Vijay Nagar,452010,ACTIVE
POS-BOI-90-1027,POS,22.699842,75.875755,Palasia,452001,ACTIVE
AEPS-SBI-91-1028,AEPS_MICRO_ATM,22.685603,75.890352,Rajwada,452002,MAINTENANCE
ATM-YES-92-1029,ATM_KIOSK,22.752497,75.890379,AB Road,452008,INACTIVE
AEPS-KOTAK-93-1030,AEPS_MICRO_ATM,25.604455,85.09308,Boring Road,800001,MAINTENANCE
POS-SBI-94-1031,POS,25.627867,85.071135,Bailey Road,800014,MAINTENANCE
ATM-AXIS-95-1032,ATM_KIOSK,25.585683,85.164253,Kankarbagh,800020,ACTIVE
ATM-IPPB-96-1033,ATM_KIOSK,25.639197,85.154945,Fraser Road,800001,ACTIVE
ATM-IPPB-97-1034,ATM_KIOSK,23.2652,77.455035,MP Nagar,462011,INACTIVE
AEPS-ICICI-98-1035,AEPS_MICRO_ATM,23.221974,77.426899,Arera Colony,462016,ACTIVE
POS-PAYTM-99-1036,POS,23.214265,77.393807,New Market,462003,ACTIVE
AEPS-AXIS-100-1037,AEPS_MICRO_ATM,23.202869,77.399212,Kolar Road,462042,MAINTENANCE
ATM-KOTAK-101-1038,ATM_KIOSK,20.255019,85.836649,Saheed Nagar,751007,ACTIVE
ATM-IPPB-102-1039,ATM_KIOSK,20.373262,85.788562,Patia Infocity,751024,MAINTENANCE
ATM-FINO-103-1040,ATM_KIOSK,20.258668,85.860767,Master Canteen,751001,MAINTENANCE
AEPS-UNION-104-1041,AEPS_MICRO_ATM,20.291486,85.844961,Jayadev Vihar,751013,MAINTENANCE
POS-PAYTM-105-1042,POS,11.045624,76.950476,Gandhipuram,641012,ACTIVE
POS-BARODA-106-1043,POS,11.020436,76.964566,RS Puram,641002,ACTIVE
POS-INDUSIND-107-1044,POS,11.012103,77.018751,Peelamedu,641004,ACTIVE
AEPS-BOI-108-1045,AEPS_MICRO_ATM,11.017858,77.002082,Race Course,641018,ACTIVE
ATM-BARODA-109-1046,ATM_KIOSK,17.702072,83.292708,Dwaraka Nagar,530016,INACTIVE
ATM-UNION-110-1047,ATM_KIOSK,17.73139,83.295126,Beach Road,530002,MAINTENANCE
ATM-AXIS-111-1048,ATM_KIOSK,17.765326,83.351117,MVP Colony,530017,ACTIVE
AEPS-YES-112-1049,AEPS_MICRO_ATM,17.685261,83.212352,Gajuwaka,530026,INACTIVE
ATM-FINO-113-1050,ATM_KIOSK,26.15488,91.811105,GS Road,781005,ACTIVE
POS-IPPB-114-1051,POS,26.197401,91.7702,Paltan Bazaar,781008,MAINTENANCE
ATM-BARODA-115-1052,ATM_KIOSK,26.156693,91.815436,Dispur,781006,INACTIVE
AEPS-FINO-116-1053,AEPS_MICRO_ATM,26.169625,91.769547,Fancy Bazaar,781001,ACTIVE
AEPS-HDFC-00-1054,AEPS_MICRO_ATM,28.643111,77.183651,New Delhi Central,110001,ACTIVE
AEPS-IPPB-01-1055,AEPS_MICRO_ATM,28.557416,77.195245,South Delhi,110016,ACTIVE
ATM-BOI-02-1056,ATM_KIOSK,28.568138,77.401389,Noida,201301,ACTIVE
POS-YES-03-1057,POS,28.475705,76.994142,Gurugram,122001,ACTIVE
ATM-IPPB-04-1058,ATM_KIOSK,28.557596,77.051008,Dwarka,110075,INACTIVE
ATM-HDFC-05-1059,ATM_KIOSK,28.648545,77.205251,Karol Bagh,110005,MAINTENANCE
POS-PNB-06-1060,POS,28.67763,77.4559,Ghaziabad,201001,ACTIVE
AEPS-AXIS-07-1061,AEPS_MICRO_ATM,28.38493,77.347408,Faridabad,121001,INACTIVE
ATM-BOI-08-1062,ATM_KIOSK,18.952155,72.866583,South Mumbai,400001,ACTIVE
ATM-AXIS-09-1063,ATM_KIOSK,19.084451,72.840787,Bandra BKC,400051,MAINTENANCE
AEPS-UNION-10-1064,AEPS_MICRO_ATM,19.100899,72.842668,Andheri,400053,ACTIVE
ATM-INDUSIND-11-1065,ATM_KIOSK,19.051478,73.057911,Navi Mumbai,400703,INACTIVE
POS-SBI-12-1066,POS,19.250229,72.962616,Thane,400601,INACTIVE
ATM-AXIS-13-1067,ATM_KIOSK,19.242606,72.889147,Borivali,400091,INACTIVE
ATM-SBI-14-1068,ATM_KIOSK,19.139019,72.888412,Powai,400076,ACTIVE
ATM-AXIS-15-1069,ATM_KIOSK,19.023284,72.826902,Dadar,400028,ACTIVE
AEPS-PAYTM-16-1070,AEPS_MICRO_ATM,12.982311,77.618754,Central BLR,560001,ACTIVE
AEPS-AXIS-17-1071,AEPS_MICRO_ATM,12.917128,77.620368,Koramangala,560034,ACTIVE
AEPS-SBI-18-1072,AEPS_MICRO_ATM,12.980473,77.72166,Whitefield,560066,ACTIVE
ATM-HDFC-19-1073,ATM_KIOSK,12.828216,77.6946,Electronic City,560100,ACTIVE
POS-PAYTM-20-1074,POS,12.969507,77.651815,Indiranagar,560038,ACTIVE
POS-BARODA-21-1075,POS,12.903035,77.661471,HSR Layout,560102,ACTIVE
ATM-UNION-22-1076,ATM_KIOSK,13.014719,77.560582,Malleshwaram,560003,MAINTENANCE
ATM-PNB-23-1077,ATM_KIOSK,12.909857,77.694843,Bellandur,560103,ACTIVE
ATM-IPPB-24-1078,ATM_KIOSK,17.440738,78.371104,Hitec City,500081,ACTIVE
POS-AXIS-25-1079,POS,17.41566,78.45247,Banjara Hills,500034,ACTIVE
ATM-PAYTM-26-1080,ATM_KIOSK,17.455422,78.529343,Secunderabad,500003,ACTIVE
POS-HDFC-27-1081,POS,17.334188,78.44245,Old City Hyderabad,500002,ACTIVE
POS-PAYTM-28-1082,POS,17.434408,78.376722,Gachibowli,500032,MAINTENANCE
POS-SBI-29-1083,POS,17.478689,78.441767,Kukatpally,500072,ACTIVE
POS-SBI-30-1084,POS,17.460443,78.377914,Madhapur,500081,ACTIVE
ATM-YES-31-1085,ATM_KIOSK,17.403664,78.418363,Jubilee Hills,500033,ACTIVE
POS-AXIS-32-1086,POS,13.082857,80.279312,Anna Salai,600002,ACTIVE
AEPS-SBI-33-1087,AEPS_MICRO_ATM,13.001254,80.227383,OMR Taramani,600113,ACTIVE
AEPS-ICICI-34-1088,AEPS_MICRO_ATM,13.074756,80.205204,T-Nagar,600017,ACTIVE
AEPS-CANARA-35-1089,AEPS_MICRO_ATM,13.021724,80.230952,Guindy,600032,ACTIVE
POS-INDUSIND-36-1090,POS,12.952119,80.223492,Velachery,600042,ACTIVE
AEPS-IPPB-37-1091,AEPS_MICRO_ATM,13.00018,80.245872,Adyar,600020,ACTIVE
AEPS-FINO-38-1092,AEPS_MICRO_ATM,13.105003,80.2111,Kilpauk,600010,ACTIVE
POS-SBI-39-1093,POS,12.93168,80.06854,Tambaram,600045,ACTIVE
ATM-CANARA-40-1094,ATM_KIOSK,22.569795,88.318372,Park Street,700016,ACTIVE
AEPS-BOI-41-1095,AEPS_MICRO_ATM,22.585352,88.445693,Salt Lake Sector V,700091,INACTIVE
ATM-INDUSIND-42-1096,ATM_KIOSK,22.577978,88.451087,New Town Kolkata,700156,ACTIVE
ATM-HDFC-43-1097,ATM_KIOSK,22.564201,88.252594,Howrah,711101,ACTIVE
ATM-ICICI-44-1098,ATM_KIOSK,22.527686,88.366945,Ballygunge,700019,ACTIVE
POS-ICICI-45-1099,POS,22.515288,88.292402,Alipore,700027,MAINTENANCE
AEPS-INDUSIND-46-1100,AEPS_MICRO_ATM,22.536117,88.376628,Gariahat,700029,ACTIVE
AEPS-FINO-47-1101,AEPS_MICRO_ATM,22.646425,88.441516,Dum Dum,700028,ACTIVE
AEPS-PNB-48-1102,AEPS_MICRO_ATM,18.534003,73.855236,Shivaji Nagar Pune,411005,ACTIVE
AEPS-SBI-49-1103,AEPS_MICRO_ATM,18.59304,73.724756,Hinjewadi IT Park,411057,INACTIVE
ATM-SBI-50-1104,ATM_KIOSK,18.530512,73.952581,Magarpatta Hadapsar,411028,ACTIVE
ATM-PAYTM-51-1105,ATM_KIOSK,18.481203,73.807578,Kothrud,411038,ACTIVE
POS-UNION-52-1106,POS,18.536189,73.921008,Viman Nagar,411014,ACTIVE
ATM-CANARA-53-1107,ATM_KIOSK,18.624321,73.801932,Wakad,411057,ACTIVE
POS-IPPB-54-1108,POS,18.543977,73.773451,Baner,411045,ACTIVE
ATM-YES-55-1109,ATM_KIOSK,18.543143,73.848773,Camp,411001,MAINTENANCE
AEPS-KOTAK-56-1110,AEPS_MICRO_ATM,23.049308,72.52672,Navrangpura,380009,ACTIVE
POS-BOI-57-1111,POS,23.051873,72.516475,SG Highway,380054,MAINTENANCE
AEPS-ICICI-58-1112,AEPS_MICRO_ATM,23.021807,72.62399,Maninagar,380008,MAINTENANCE
AEPS-HDFC-59-1113,AEPS_MICRO_ATM,23.246648,72.649638,Gandhinagar Center,382010,MAINTENANCE
ATM-INDUSIND-60-1114,ATM_KIOSK,23.022307,72.544284,Vastrapur,380015,ACTIVE
ATM-IPPB-61-1115,ATM_KIOSK,23.042601,72.505355,Satellite,380015,MAINTENANCE
AEPS-PNB-62-1116,AEPS_MICRO_ATM,23.017361,72.516072,Prahlad Nagar,380015,ACTIVE
AEPS-ICICI-63-1117,AEPS_MICRO_ATM,26.918518,75.774104,MI Road Jaipur,302001,ACTIVE
AEPS-UNION-64-1118,AEPS_MICRO_ATM,26.860012,75.785481,Malviya Nagar Jaipur,302017,ACTIVE
AEPS-SBI-65-1119,AEPS_MICRO_ATM,26.918817,75.772438,Vaishali Nagar,302021,ACTIVE
AEPS-KOTAK-66-1120,AEPS_MICRO_ATM,26.864871,75.776421,Mansarovar,302020,ACTIVE
POS-ICICI-67-1121,POS,26.885909,75.775631,C-Scheme,302001,ACTIVE
POS-FINO-68-1122,POS,26.915944,75.821734,Raja Park,302004,ACTIVE
AEPS-ICICI-69-1123,AEPS_MICRO_ATM,26.868123,80.920888,Hazratganj,226001,ACTIVE
ATM-HDFC-70-1124,ATM_KIOSK,26.870585,80.990616,Gomti Nagar Lucknow,226010,MAINTENANCE
POS-UNION-71-1125,POS,26.842296,80.911063,Alambagh,226005,ACTIVE
POS-YES-72-1126,POS,26.863045,80.968299,Indira Nagar,226016,MAINTENANCE
ATM-IPPB-73-1127,ATM_KIOSK,26.878857,80.957096,Mahanagar,226006,ACTIVE
ATM-CANARA-74-1128,ATM_KIOSK,26.828829,80.889317,Charbagh,226004,ACTIVE
ATM-INDUSIND-75-1129,ATM_KIOSK,10.007394,76.29796,Ernakulam Central,682011,ACTIVE
ATM-PNB-76-1130,ATM_KIOSK,10.009874,76.334447,Kakkanad InfoPark,682042,ACTIVE
AEPS-AXIS-77-1131,AEPS_MICRO_ATM,9.975672,76.260952,Fort Kochi,682001,MAINTENANCE
POS-PNB-78-1132,POS,10.032555,76.326133,Edappally,682024,INACTIVE
ATM-INDUSIND-79-1133,ATM_KIOSK,10.005537,76.302168,Marine Drive,682031,MAINTENANCE
AEPS-AXIS-80-1134,AEPS_MICRO_ATM,21.200073,72.826726,Ring Road Surat,395002,ACTIVE
AEPS-SBI-81-1135,AEPS_MICRO_ATM,21.208652,72.777367,Adajan,395009,ACTIVE
POS-BARODA-82-1136,POS,21.125181,72.775147,Vesu Surat,395007,ACTIVE
POS-AXIS-83-1137,POS,21.211895,72.829473,Varachha,395006,ACTIVE
ATM-PNB-84-1138,ATM_KIOSK,21.17068,72.7633,Piplod,395007,ACTIVE
POS-PNB-85-1139,POS,30.770446,76.804579,Sector 17 Chandigarh,160017,ACTIVE
ATM-IPPB-86-1140,ATM_KIOSK,30.728945,76.747857,Mohali Phase 7,160062,ACTIVE
AEPS-AXIS-87-1141,AEPS_MICRO_ATM,30.676,76.862117,Panchkula Sector 5,134109,ACTIVE
POS-BARODA-88-1142,POS,30.694527,76.872657,IT Park Chandigarh,160101,ACTIVE
POS-PAYTM-89-1143,POS,22.763356,75.91315,Vijay Nagar,452010,ACTIVE
POS-PAYTM-90-1144,POS,22.729786,75.896527,Palasia,452001,ACTIVE
AEPS-CANARA-91-1145,AEPS_MICRO_ATM,22.723786,75.83494,Rajwada,452002,INACTIVE
ATM-CANARA-92-1146,ATM_KIOSK,22.731543,75.885762,AB Road,452008,ACTIVE
ATM-PNB-93-1147,ATM_KIOSK,25.614796,85.103964,Boring Road,800001,ACTIVE
AEPS-FINO-94-1148,AEPS_MICRO_ATM,25.626359,85.11635,Bailey Road,800014,ACTIVE
POS-AXIS-95-1149,POS,25.616995,85.123164,Kankarbagh,800020,ACTIVE
AEPS-BARODA-96-1150,AEPS_MICRO_ATM,25.628976,85.167361,Fraser Road,800001,MAINTENANCE
AEPS-IPPB-97-1151,AEPS_MICRO_ATM,23.26682,77.451056,MP Nagar,462011,INACTIVE
AEPS-BOI-98-1152,AEPS_MICRO_ATM,23.186044,77.43989,Arera Colony,462016,INACTIVE
POS-IPPB-99-1153,POS,23.267449,77.416904,New Market,462003,ACTIVE
AEPS-AXIS-100-1154,AEPS_MICRO_ATM,23.162019,77.417379,Kolar Road,462042,ACTIVE
ATM-FINO-101-1155,ATM_KIOSK,20.304007,85.836336,Saheed Nagar,751007,MAINTENANCE
AEPS-CANARA-102-1156,AEPS_MICRO_ATM,20.324166,85.829651,Patia Infocity,751024,INACTIVE
AEPS-PAYTM-103-1157,AEPS_MICRO_ATM,20.243106,85.834468,Master Canteen,751001,ACTIVE
ATM-CANARA-104-1158,ATM_KIOSK,20.294588,85.856819,Jayadev Vihar,751013,ACTIVE
POS-AXIS-105-1159,POS,11.002676,76.975076,Gandhipuram,641012,MAINTENANCE
POS-BARODA-106-1160,POS,11.010754,76.975901,RS Puram,641002,INACTIVE
POS-SBI-107-1161,POS,11.05582,77.029689,Peelamedu,641004,ACTIVE
ATM-SBI-108-1162,ATM_KIOSK,10.985236,76.991605,Race Course,641018,ACTIVE
POS-IPPB-109-1163,POS,17.720159,83.29672,Dwaraka Nagar,530016,INACTIVE
POS-SBI-110-1164,POS,17.719364,83.314331,Beach Road,530002,ACTIVE
POS-BOI-111-1165,POS,17.730055,83.351255,MVP Colony,530017,INACTIVE
ATM-BOI-112-1166,ATM_KIOSK,17.716224,83.225311,Gajuwaka,530026,ACTIVE
AEPS-PAYTM-113-1167,AEPS_MICRO_ATM,26.145791,91.767204,GS Road,781005,ACTIVE
ATM-YES-114-1168,ATM_KIOSK,26.183905,91.738992,Paltan Bazaar,781008,MAINTENANCE
AEPS-FINO-115-1169,AEPS_MICRO_ATM,26.139281,91.775836,Dispur,781006,ACTIVE
POS-FINO-116-1170,POS,26.184592,91.751078,Fancy Bazaar,781001,ACTIVE
POS-PAYTM-00-1171,POS,28.604755,77.206333,New Delhi Central,110001,INACTIVE
AEPS-INDUSIND-01-1172,AEPS_MICRO_ATM,28.561158,77.22105,South Delhi,110016,ACTIVE
AEPS-FINO-02-1173,AEPS_MICRO_ATM,28.535414,77.391961,Noida,201301,ACTIVE
ATM-KOTAK-03-1174,ATM_KIOSK,28.453709,76.991833,Gurugram,122001,INACTIVE
POS-IPPB-04-1175,POS,28.574159,77.012896,Dwarka,110075,ACTIVE
ATM-YES-05-1176,ATM_KIOSK,28.645868,77.199759,Karol Bagh,110005,ACTIVE
AEPS-CANARA-06-1177,AEPS_MICRO_ATM,28.675695,77.487494,Ghaziabad,201001,ACTIVE
AEPS-INDUSIND-07-1178,AEPS_MICRO_ATM,28.380763,77.307548,Faridabad,121001,ACTIVE
POS-KOTAK-08-1179,POS,18.916111,72.835693,South Mumbai,400001,MAINTENANCE
ATM-ICICI-09-1180,ATM_KIOSK,19.045026,72.809686,Bandra BKC,400051,ACTIVE
POS-HDFC-10-1181,POS,19.129801,72.87898,Andheri,400053,MAINTENANCE
AEPS-SBI-11-1182,AEPS_MICRO_ATM,19.028129,73.025322,Navi Mumbai,400703,ACTIVE
ATM-INDUSIND-12-1183,ATM_KIOSK,19.239294,72.990212,Thane,400601,INACTIVE
ATM-IPPB-13-1184,ATM_KIOSK,19.237111,72.848566,Borivali,400091,ACTIVE
AEPS-BOI-14-1185,AEPS_MICRO_ATM,19.091334,72.880145,Powai,400076,ACTIVE
POS-HDFC-15-1186,POS,19.014051,72.826679,Dadar,400028,ACTIVE
ATM-PAYTM-16-1187,ATM_KIOSK,13.001326,77.594802,Central BLR,560001,ACTIVE
AEPS-FINO-17-1188,AEPS_MICRO_ATM,12.932329,77.627117,Koramangala,560034,INACTIVE
POS-YES-18-1189,POS,12.946253,77.761228,Whitefield,560066,ACTIVE
ATM-UNION-19-1190,ATM_KIOSK,12.874356,77.699359,Electronic City,560100,ACTIVE
POS-SBI-20-1191,POS,12.952455,77.64389,Indiranagar,560038,ACTIVE
POS-CANARA-21-1192,POS,12.932248,77.663304,HSR Layout,560102,ACTIVE
POS-YES-22-1193,POS,13.036938,77.560807,Malleshwaram,560003,ACTIVE
ATM-HDFC-23-1194,ATM_KIOSK,12.942362,77.669373,Bellandur,560103,ACTIVE
AEPS-INDUSIND-24-1195,AEPS_MICRO_ATM,17.452109,78.400901,Hitec City,500081,INACTIVE
POS-PAYTM-25-1196,POS,17.384525,78.440067,Banjara Hills,500034,INACTIVE
ATM-CANARA-26-1197,ATM_KIOSK,17.457129,78.484829,Secunderabad,500003,MAINTENANCE
POS-ICICI-27-1198,POS,17.365943,78.497144,Old City Hyderabad,500002,ACTIVE
AEPS-HDFC-28-1199,AEPS_MICRO_ATM,17.470325,78.372143,Gachibowli,500032,MAINTENANCE
ATM-BARODA-29-1200,ATM_KIOSK,17.507227,78.43004,Kukatpally,500072,INACTIVE
AEPS-ICICI-30-1201,AEPS_MICRO_ATM,17.428233,78.424829,Madhapur,500081,ACTIVE
POS-KOTAK-31-1202,POS,17.46343,78.378776,Jubilee Hills,500033,ACTIVE
AEPS-CANARA-32-1203,AEPS_MICRO_ATM,13.056052,80.283572,Anna Salai,600002,ACTIVE
AEPS-BARODA-33-1204,AEPS_MICRO_ATM,12.957808,80.250999,OMR Taramani,600113,MAINTENANCE
ATM-BARODA-34-1205,ATM_KIOSK,13.027481,80.237828,T-Nagar,600017,ACTIVE
ATM-IPPB-35-1206,ATM_KIOSK,12.977892,80.190951,Guindy,600032,INACTIVE
ATM-PNB-36-1207,ATM_KIOSK,13.011097,80.229038,Velachery,600042,ACTIVE
ATM-INDUSIND-37-1208,ATM_KIOSK,13.026265,80.226714,Adyar,600020,ACTIVE
POS-BOI-38-1209,POS,13.048075,80.253071,Kilpauk,600010,INACTIVE
AEPS-UNION-39-1210,AEPS_MICRO_ATM,12.922242,80.093724,Tambaram,600045,ACTIVE
POS-INDUSIND-40-1211,POS,22.568558,88.33132,Park Street,700016,INACTIVE
POS-HDFC-41-1212,POS,22.554933,88.423846,Salt Lake Sector V,700091,ACTIVE
ATM-INDUSIND-42-1213,ATM_KIOSK,22.585728,88.445868,New Town Kolkata,700156,MAINTENANCE
POS-BARODA-43-1214,POS,22.581497,88.255337,Howrah,711101,ACTIVE
ATM-BOI-44-1215,ATM_KIOSK,22.542048,88.365921,Ballygunge,700019,INACTIVE
POS-PNB-45-1216,POS,22.499991,88.328646,Alipore,700027,INACTIVE
ATM-ICICI-46-1217,ATM_KIOSK,22.54385,88.384703,Gariahat,700029,INACTIVE
AEPS-BARODA-47-1218,AEPS_MICRO_ATM,22.64045,88.45118,Dum Dum,700028,ACTIVE
ATM-UNION-48-1219,ATM_KIOSK,18.518857,73.849284,Shivaji Nagar Pune,411005,ACTIVE
ATM-BOI-49-1220,ATM_KIOSK,18.596148,73.72266,Hinjewadi IT Park,411057,ACTIVE
AEPS-INDUSIND-50-1221,AEPS_MICRO_ATM,18.51524,73.959202,Magarpatta Hadapsar,411028,INACTIVE
ATM-SBI-51-1222,ATM_KIOSK,18.520924,73.794427,Kothrud,411038,ACTIVE
AEPS-YES-52-1223,AEPS_MICRO_ATM,18.594387,73.881154,Viman Nagar,411014,INACTIVE
AEPS-YES-53-1224,AEPS_MICRO_ATM,18.618016,73.763347,Wakad,411057,ACTIVE
ATM-HDFC-54-1225,ATM_KIOSK,18.535901,73.783278,Baner,411045,INACTIVE
ATM-INDUSIND-55-1226,ATM_KIOSK,18.485892,73.892292,Camp,411001,INACTIVE
AEPS-YES-56-1227,AEPS_MICRO_ATM,23.024691,72.532354,Navrangpura,380009,ACTIVE
AEPS-KOTAK-57-1228,AEPS_MICRO_ATM,23.036006,72.481544,SG Highway,380054,INACTIVE
POS-YES-58-1229,POS,22.96329,72.590568,Maninagar,380008,MAINTENANCE
ATM-KOTAK-59-1230,ATM_KIOSK,23.236197,72.640857,Gandhinagar Center,382010,ACTIVE
AEPS-CANARA-60-1231,AEPS_MICRO_ATM,23.01657,72.537273,Vastrapur,380015,ACTIVE
AEPS-AXIS-61-1232,AEPS_MICRO_ATM,23.000739,72.519496,Satellite,380015,ACTIVE
AEPS-UNION-62-1233,AEPS_MICRO_ATM,23.030879,72.485742,Prahlad Nagar,380015,ACTIVE
ATM-AXIS-63-1234,ATM_KIOSK,26.908424,75.801383,MI Road Jaipur,302001,ACTIVE
ATM-AXIS-64-1235,ATM_KIOSK,26.829137,75.83773,Malviya Nagar Jaipur,302017,ACTIVE
ATM-PNB-65-1236,ATM_KIOSK,26.923965,75.715436,Vaishali Nagar,302021,MAINTENANCE
ATM-ICICI-66-1237,ATM_KIOSK,26.866464,75.734349,Mansarovar,302020,INACTIVE
POS-INDUSIND-67-1238,POS,26.898247,75.792108,C-Scheme,302001,ACTIVE
POS-SBI-68-1239,POS,26.899778,75.849378,Raja Park,302004,ACTIVE
POS-BARODA-69-1240,POS,26.877823,80.925257,Hazratganj,226001,ACTIVE
ATM-AXIS-70-1241,ATM_KIOSK,26.825462,80.980751,Gomti Nagar Lucknow,226010,ACTIVE
ATM-AXIS-71-1242,ATM_KIOSK,26.822404,80.928052,Alambagh,226005,INACTIVE
ATM-YES-72-1243,ATM_KIOSK,26.904085,81.006345,Indira Nagar,226016,INACTIVE
POS-YES-73-1244,POS,26.8981,80.958714,Mahanagar,226006,ACTIVE
AEPS-SBI-74-1245,AEPS_MICRO_ATM,26.846145,80.945526,Charbagh,226004,ACTIVE
AEPS-PAYTM-75-1246,AEPS_MICRO_ATM,10.009853,76.292445,Ernakulam Central,682011,MAINTENANCE
POS-YES-76-1247,POS,10.028966,76.355676,Kakkanad InfoPark,682042,ACTIVE
AEPS-AXIS-77-1248,AEPS_MICRO_ATM,9.948609,76.235504,Fort Kochi,682001,ACTIVE
ATM-INDUSIND-78-1249,ATM_KIOSK,9.999767,76.309203,Edappally,682024,ACTIVE
AEPS-FINO-79-1250,AEPS_MICRO_ATM,9.987947,76.270178,Marine Drive,682031,ACTIVE
POS-UNION-80-1251,POS,21.218281,72.820685,Ring Road Surat,395002,INACTIVE
ATM-YES-81-1252,ATM_KIOSK,21.202834,72.783458,Adajan,395009,ACTIVE
ATM-SBI-82-1253,ATM_KIOSK,21.161364,72.770392,Vesu Surat,395007,ACTIVE
AEPS-PNB-83-1254,AEPS_MICRO_ATM,21.245505,72.871333,Varachha,395006,MAINTENANCE
AEPS-KOTAK-84-1255,AEPS_MICRO_ATM,21.15384,72.80011,Piplod,395007,ACTIVE
ATM-INDUSIND-85-1256,ATM_KIOSK,30.759722,76.774178,Sector 17 Chandigarh,160017,INACTIVE
POS-CANARA-86-1257,POS,30.738662,76.732967,Mohali Phase 7,160062,ACTIVE
POS-CANARA-87-1258,POS,30.662613,76.884355,Panchkula Sector 5,134109,ACTIVE
AEPS-PAYTM-88-1259,AEPS_MICRO_ATM,30.756429,76.837087,IT Park Chandigarh,160101,INACTIVE
AEPS-IPPB-89-1260,AEPS_MICRO_ATM,22.782906,75.924614,Vijay Nagar,452010,ACTIVE
ATM-AXIS-90-1261,ATM_KIOSK,22.690819,75.881139,Palasia,452001,ACTIVE
ATM-BARODA-91-1262,ATM_KIOSK,22.722063,75.888169,Rajwada,452002,ACTIVE
AEPS-FINO-92-1263,AEPS_MICRO_ATM,22.749104,75.861763,AB Road,452008,INACTIVE
ATM-HDFC-93-1264,ATM_KIOSK,25.62856,85.141963,Boring Road,800001,ACTIVE
POS-ICICI-94-1265,POS,25.60232,85.093831,Bailey Road,800014,ACTIVE
POS-UNION-95-1266,POS,25.565814,85.14252,Kankarbagh,800020,MAINTENANCE
POS-HDFC-96-1267,POS,25.594609,85.112694,Fraser Road,800001,ACTIVE
POS-INDUSIND-97-1268,POS,23.215164,77.449458,MP Nagar,462011,INACTIVE
POS-BARODA-98-1269,POS,23.244514,77.444394,Arera Colony,462016,ACTIVE
ATM-SBI-99-1270,ATM_KIOSK,23.257704,77.37112,New Market,462003,INACTIVE
POS-YES-100-1271,POS,23.172088,77.441518,Kolar Road,462042,MAINTENANCE
POS-ICICI-101-1272,POS,20.310003,85.829329,Saheed Nagar,751007,MAINTENANCE
POS-YES-102-1273,POS,20.385091,85.793669,Patia Infocity,751024,ACTIVE
POS-CANARA-103-1274,POS,20.300079,85.837107,Master Canteen,751001,ACTIVE
ATM-PNB-104-1275,ATM_KIOSK,20.30081,85.806869,Jayadev Vihar,751013,ACTIVE
ATM-YES-105-1276,ATM_KIOSK,11.042762,76.993392,Gandhipuram,641012,ACTIVE
AEPS-AXIS-106-1277,AEPS_MICRO_ATM,11.034429,76.963273,RS Puram,641002,ACTIVE
AEPS-SBI-107-1278,AEPS_MICRO_ATM,11.004307,76.981591,Peelamedu,641004,ACTIVE
ATM-SBI-108-1279,ATM_KIOSK,11.014892,76.967549,Race Course,641018,ACTIVE
POS-PNB-109-1280,POS,17.69945,83.316907,Dwaraka Nagar,530016,ACTIVE
AEPS-HDFC-110-1281,AEPS_MICRO_ATM,17.730904,83.297799,Beach Road,530002,ACTIVE
AEPS-HDFC-111-1282,AEPS_MICRO_ATM,17.766735,83.30941,MVP Colony,530017,MAINTENANCE
ATM-PNB-112-1283,ATM_KIOSK,17.658344,83.194318,Gajuwaka,530026,ACTIVE
POS-PNB-113-1284,POS,26.177811,91.810331,GS Road,781005,ACTIVE
ATM-PAYTM-114-1285,ATM_KIOSK,26.150337,91.771533,Paltan Bazaar,781008,ACTIVE
ATM-BOI-115-1286,ATM_KIOSK,26.151962,91.77487,Dispur,781006,ACTIVE
ATM-PNB-116-1287,ATM_KIOSK,26.203773,91.76247,Fancy Bazaar,781001,ACTIVE
AEPS-SBI-00-1288,AEPS_MICRO_ATM,28.604176,77.199382,New Delhi Central,110001,ACTIVE
ATM-IPPB-01-1289,ATM_KIOSK,28.516447,77.230919,South Delhi,110016,ACTIVE
POS-UNION-02-1290,POS,28.56458,77.360899,Noida,201301,ACTIVE
POS-CANARA-03-1291,POS,28.447529,76.995275,Gurugram,122001,ACTIVE
POS-BOI-04-1292,POS,28.5594,77.043146,Dwarka,110075,MAINTENANCE
ATM-UNION-05-1293,ATM_KIOSK,28.654719,77.188791,Karol Bagh,110005,ACTIVE
AEPS-BARODA-06-1294,AEPS_MICRO_ATM,28.660524,77.433711,Ghaziabad,201001,ACTIVE
AEPS-CANARA-07-1295,AEPS_MICRO_ATM,28.419527,77.283961,Faridabad,121001,MAINTENANCE
ATM-YES-08-1296,ATM_KIOSK,18.961483,72.817129,South Mumbai,400001,MAINTENANCE
AEPS-CANARA-09-1297,AEPS_MICRO_ATM,19.031327,72.862237,Bandra BKC,400051,ACTIVE
POS-FINO-10-1298,POS,19.124448,72.89026,Andheri,400053,MAINTENANCE
AEPS-IPPB-11-1299,AEPS_MICRO_ATM,19.052097,73.045959,Navi Mumbai,400703,ACTIVE
ATM-SBI-12-1300,ATM_KIOSK,19.18894,72.968978,Thane,400601,ACTIVE
AEPS-UNION-13-1301,AEPS_MICRO_ATM,19.215879,72.887942,Borivali,400091,ACTIVE
ATM-YES-14-1302,ATM_KIOSK,19.12098,72.911261,Powai,400076,ACTIVE
ATM-HDFC-15-1303,ATM_KIOSK,19.052322,72.867578,Dadar,400028,INACTIVE
AEPS-INDUSIND-16-1304,AEPS_MICRO_ATM,12.999856,77.597426,Central BLR,560001,MAINTENANCE
ATM-ICICI-17-1305,ATM_KIOSK,12.957595,77.607123,Koramangala,560034,ACTIVE
POS-CANARA-18-1306,POS,12.976498,77.728986,Whitefield,560066,MAINTENANCE
ATM-INDUSIND-19-1307,ATM_KIOSK,12.866008,77.687024,Electronic City,560100,ACTIVE
ATM-CANARA-20-1308,ATM_KIOSK,12.964848,77.660711,Indiranagar,560038,INACTIVE
AEPS-AXIS-21-1309,AEPS_MICRO_ATM,12.94556,77.623693,HSR Layout,560102,MAINTENANCE
AEPS-IPPB-22-1310,AEPS_MICRO_ATM,13.032668,77.555011,Malleshwaram,560003,ACTIVE
POS-FINO-23-1311,POS,12.933023,77.695769,Bellandur,560103,MAINTENANCE
ATM-PAYTM-24-1312,ATM_KIOSK,17.451743,78.352428,Hitec City,500081,INACTIVE
POS-PNB-25-1313,POS,17.394311,78.422351,Banjara Hills,500034,ACTIVE
ATM-FINO-26-1314,ATM_KIOSK,17.451308,78.486173,Secunderabad,500003,INACTIVE
POS-YES-27-1315,POS,17.390252,78.453253,Old City Hyderabad,500002,ACTIVE
POS-FINO-28-1316,POS,17.448383,78.318916,Gachibowli,500032,INACTIVE
POS-CANARA-29-1317,POS,17.450943,78.431508,Kukatpally,500072,ACTIVE
ATM-PAYTM-30-1318,ATM_KIOSK,17.438951,78.370363,Madhapur,500081,ACTIVE
POS-PAYTM-31-1319,POS,17.442548,78.381572,Jubilee Hills,500033,ACTIVE
POS-YES-32-1320,POS,13.058525,80.295146,Anna Salai,600002,ACTIVE
AEPS-CANARA-33-1321,AEPS_MICRO_ATM,12.99191,80.220955,OMR Taramani,600113,ACTIVE
POS-FINO-34-1322,POS,13.072705,80.244508,T-Nagar,600017,ACTIVE
ATM-SBI-35-1323,ATM_KIOSK,13.018611,80.230403,Guindy,600032,ACTIVE
AEPS-UNION-36-1324,AEPS_MICRO_ATM,12.956976,80.235834,Velachery,600042,ACTIVE
ATM-UNION-37-1325,ATM_KIOSK,13.023264,80.269825,Adyar,600020,ACTIVE
ATM-YES-38-1326,ATM_KIOSK,13.093665,80.243213,Kilpauk,600010,ACTIVE
ATM-BOI-39-1327,ATM_KIOSK,12.958111,80.065323,Tambaram,600045,MAINTENANCE
POS-FINO-40-1328,POS,22.54178,88.346327,Park Street,700016,ACTIVE
ATM-PAYTM-41-1329,ATM_KIOSK,22.585644,88.416846,Salt Lake Sector V,700091,INACTIVE
ATM-SBI-42-1330,ATM_KIOSK,22.574954,88.491248,New Town Kolkata,700156,INACTIVE
ATM-IPPB-43-1331,ATM_KIOSK,22.618789,88.266416,Howrah,711101,MAINTENANCE
POS-PAYTM-44-1332,POS,22.5365,88.387491,Ballygunge,700019,MAINTENANCE
POS-AXIS-45-1333,POS,22.55206,88.349245,Alipore,700027,ACTIVE
ATM-UNION-46-1334,ATM_KIOSK,22.520896,88.333588,Gariahat,700029,ACTIVE
POS-PNB-47-1335,POS,22.630709,88.462303,Dum Dum,700028,ACTIVE
AEPS-INDUSIND-48-1336,AEPS_MICRO_ATM,18.505616,73.825661,Shivaji Nagar Pune,411005,ACTIVE
AEPS-BOI-49-1337,AEPS_MICRO_ATM,18.561125,73.732665,Hinjewadi IT Park,411057,ACTIVE
ATM-AXIS-50-1338,ATM_KIOSK,18.540092,73.901817,Magarpatta Hadapsar,411028,ACTIVE
AEPS-SBI-51-1339,AEPS_MICRO_ATM,18.486213,73.840993,Kothrud,411038,ACTIVE
ATM-YES-52-1340,ATM_KIOSK,18.571508,73.942672,Viman Nagar,411014,ACTIVE
ATM-BOI-53-1341,ATM_KIOSK,18.57194,73.737853,Wakad,411057,ACTIVE
ATM-ICICI-54-1342,ATM_KIOSK,18.571842,73.788996,Baner,411045,ACTIVE
AEPS-ICICI-55-1343,AEPS_MICRO_ATM,18.490433,73.878416,Camp,411001,MAINTENANCE
ATM-SBI-56-1344,ATM_KIOSK,23.051977,72.57488,Navrangpura,380009,MAINTENANCE
POS-KOTAK-57-1345,POS,23.054022,72.519134,SG Highway,380054,ACTIVE
AEPS-AXIS-58-1346,AEPS_MICRO_ATM,23.013586,72.633265,Maninagar,380008,ACTIVE
POS-FINO-59-1347,POS,23.239784,72.644999,Gandhinagar Center,382010,ACTIVE
ATM-SBI-60-1348,ATM_KIOSK,23.045248,72.511377,Vastrapur,380015,INACTIVE
ATM-UNION-61-1349,ATM_KIOSK,23.020606,72.550786,Satellite,380015,ACTIVE
POS-BOI-62-1350,POS,23.010621,72.49921,Prahlad Nagar,380015,MAINTENANCE
ATM-PAYTM-63-1351,ATM_KIOSK,26.885571,75.800106,MI Road Jaipur,302001,MAINTENANCE
POS-UNION-64-1352,POS,26.86548,75.794498,Malviya Nagar Jaipur,302017,ACTIVE
POS-BARODA-65-1353,POS,26.941115,75.773582,Vaishali Nagar,302021,INACTIVE
ATM-KOTAK-66-1354,ATM_KIOSK,26.845652,75.77068,Mansarovar,302020,ACTIVE
ATM-ICICI-67-1355,ATM_KIOSK,26.912218,75.812802,C-Scheme,302001,INACTIVE
ATM-HDFC-68-1356,ATM_KIOSK,26.866269,75.84566,Raja Park,302004,MAINTENANCE
ATM-BOI-69-1357,ATM_KIOSK,26.8391,80.979892,Hazratganj,226001,ACTIVE
AEPS-PNB-70-1358,AEPS_MICRO_ATM,26.840967,80.987437,Gomti Nagar Lucknow,226010,ACTIVE
POS-PAYTM-71-1359,POS,26.781372,80.870861,Alambagh,226005,INACTIVE
POS-SBI-72-1360,POS,26.910425,80.989298,Indira Nagar,226016,ACTIVE
ATM-SBI-73-1361,ATM_KIOSK,26.891344,80.951947,Mahanagar,226006,MAINTENANCE
AEPS-SBI-74-1362,AEPS_MICRO_ATM,26.865417,80.903759,Charbagh,226004,ACTIVE
AEPS-ICICI-75-1363,AEPS_MICRO_ATM,10.000675,76.318674,Ernakulam Central,682011,INACTIVE
AEPS-BARODA-76-1364,AEPS_MICRO_ATM,10.037655,76.337327,Kakkanad InfoPark,682042,ACTIVE
POS-HDFC-77-1365,POS,9.954115,76.268694,Fort Kochi,682001,MAINTENANCE
POS-CANARA-78-1366,POS,10.013419,76.301277,Edappally,682024,ACTIVE
ATM-INDUSIND-79-1367,ATM_KIOSK,9.957735,76.248151,Marine Drive,682031,INACTIVE
POS-PNB-80-1368,POS,21.182754,72.797418,Ring Road Surat,395002,ACTIVE
POS-HDFC-81-1369,POS,21.192182,72.827224,Adajan,395009,ACTIVE
POS-INDUSIND-82-1370,POS,21.113015,72.775588,Vesu Surat,395007,ACTIVE
ATM-BARODA-83-1371,ATM_KIOSK,21.225308,72.885387,Varachha,395006,MAINTENANCE
POS-HDFC-84-1372,POS,21.161752,72.779678,Piplod,395007,ACTIVE
ATM-CANARA-85-1373,ATM_KIOSK,30.737268,76.772862,Sector 17 Chandigarh,160017,INACTIVE
AEPS-IPPB-86-1374,AEPS_MICRO_ATM,30.734735,76.72805,Mohali Phase 7,160062,ACTIVE
ATM-HDFC-87-1375,ATM_KIOSK,30.672121,76.860886,Panchkula Sector 5,134109,ACTIVE
AEPS-KOTAK-88-1376,AEPS_MICRO_ATM,30.707778,76.831425,IT Park Chandigarh,160101,MAINTENANCE
ATM-YES-89-1377,ATM_KIOSK,22.774476,75.894694,Vijay Nagar,452010,ACTIVE
AEPS-BOI-90-1378,AEPS_MICRO_ATM,22.729647,75.905807,Palasia,452001,ACTIVE
POS-YES-91-1379,POS,22.739477,75.845303,Rajwada,452002,ACTIVE
ATM-INDUSIND-92-1380,ATM_KIOSK,22.708351,75.920279,AB Road,452008,INACTIVE
ATM-AXIS-93-1381,ATM_KIOSK,25.598225,85.137494,Boring Road,800001,ACTIVE
POS-ICICI-94-1382,POS,25.628478,85.105443,Bailey Road,800014,INACTIVE
ATM-IPPB-95-1383,ATM_KIOSK,25.56277,85.131747,Kankarbagh,800020,ACTIVE
ATM-SBI-96-1384,ATM_KIOSK,25.599763,85.149697,Fraser Road,800001,INACTIVE
ATM-HDFC-97-1385,ATM_KIOSK,23.263285,77.400615,MP Nagar,462011,ACTIVE
AEPS-FINO-98-1386,AEPS_MICRO_ATM,23.18694,77.415179,Arera Colony,462016,ACTIVE
POS-HDFC-99-1387,POS,23.245689,77.382767,New Market,462003,ACTIVE
ATM-CANARA-100-1388,ATM_KIOSK,23.145758,77.442565,Kolar Road,462042,ACTIVE
POS-BARODA-101-1389,POS,20.289545,85.875823,Saheed Nagar,751007,ACTIVE
AEPS-ICICI-102-1390,AEPS_MICRO_ATM,20.371953,85.824605,Patia Infocity,751024,ACTIVE
AEPS-AXIS-103-1391,AEPS_MICRO_ATM,20.283761,85.822148,Master Canteen,751001,MAINTENANCE
POS-BOI-104-1392,POS,20.2899,85.84545,Jayadev Vihar,751013,ACTIVE
AEPS-HDFC-105-1393,AEPS_MICRO_ATM,11.042694,76.943044,Gandhipuram,641012,ACTIVE
AEPS-PAYTM-106-1394,AEPS_MICRO_ATM,11.012696,76.952851,RS Puram,641002,ACTIVE
ATM-PNB-107-1395,ATM_KIOSK,11.001885,76.977817,Peelamedu,641004,MAINTENANCE
POS-BARODA-108-1396,POS,10.985648,76.995874,Race Course,641018,ACTIVE
ATM-FINO-109-1397,ATM_KIOSK,17.725229,83.299135,Dwaraka Nagar,530016,ACTIVE
ATM-IPPB-110-1398,ATM_KIOSK,17.692278,83.35755,Beach Road,530002,ACTIVE
ATM-KOTAK-111-1399,ATM_KIOSK,17.751993,83.314212,MVP Colony,530017,ACTIVE
POS-SBI-112-1400,POS,17.679685,83.198405,Gajuwaka,530026,MAINTENANCE
ATM-BARODA-113-1401,ATM_KIOSK,26.183098,91.764962,GS Road,781005,MAINTENANCE
ATM-SBI-114-1402,ATM_KIOSK,26.200468,91.724931,Paltan Bazaar,781008,ACTIVE
POS-ICICI-115-1403,POS,26.133493,91.819676,Dispur,781006,MAINTENANCE
ATM-CANARA-116-1404,ATM_KIOSK,26.18729,91.735667,Fancy Bazaar,781001,INACTIVE
AEPS-BARODA-00-1405,AEPS_MICRO_ATM,28.630895,77.227796,New Delhi Central,110001,ACTIVE
POS-HDFC-01-1406,POS,28.539485,77.218959,South Delhi,110016,MAINTENANCE
POS-IPPB-02-1407,POS,28.564808,77.383301,Noida,201301,ACTIVE
AEPS-FINO-03-1408,AEPS_MICRO_ATM,28.469853,77.040689,Gurugram,122001,ACTIVE
POS-UNION-04-1409,POS,28.571196,77.034477,Dwarka,110075,ACTIVE
AEPS-IPPB-05-1410,AEPS_MICRO_ATM,28.630687,77.167934,Karol Bagh,110005,MAINTENANCE
POS-AXIS-06-1411,POS,28.661837,77.430083,Ghaziabad,201001,MAINTENANCE
POS-KOTAK-07-1412,POS,28.388624,77.299969,Faridabad,121001,ACTIVE
AEPS-ICICI-08-1413,AEPS_MICRO_ATM,18.957417,72.824764,South Mumbai,400001,INACTIVE
ATM-AXIS-09-1414,ATM_KIOSK,19.07706,72.859323,Bandra BKC,400051,MAINTENANCE
ATM-YES-10-1415,ATM_KIOSK,19.141134,72.897745,Andheri,400053,ACTIVE
POS-IPPB-11-1416,POS,19.018894,73.005106,Navi Mumbai,400703,ACTIVE
ATM-CANARA-12-1417,ATM_KIOSK,19.251645,72.991064,Thane,400601,ACTIVE
POS-KOTAK-13-1418,POS,19.196113,72.87346,Borivali,400091,ACTIVE
ATM-AXIS-14-1419,ATM_KIOSK,19.1477,72.896572,Powai,400076,INACTIVE
AEPS-INDUSIND-15-1420,AEPS_MICRO_ATM,19.016254,72.821894,Dadar,400028,ACTIVE
AEPS-PNB-16-1421,AEPS_MICRO_ATM,12.98572,77.62198,Central BLR,560001,INACTIVE
ATM-IPPB-17-1422,ATM_KIOSK,12.966739,77.620284,Koramangala,560034,ACTIVE
ATM-BOI-18-1423,ATM_KIOSK,12.993941,77.775364,Whitefield,560066,ACTIVE
AEPS-ICICI-19-1424,AEPS_MICRO_ATM,12.81996,77.689445,Electronic City,560100,ACTIVE
AEPS-INDUSIND-20-1425,AEPS_MICRO_ATM,13.004122,77.653995,Indiranagar,560038,INACTIVE
AEPS-HDFC-21-1426,AEPS_MICRO_ATM,12.941986,77.651114,HSR Layout,560102,INACTIVE
AEPS-PNB-22-1427,AEPS_MICRO_ATM,13.000988,77.58303,Malleshwaram,560003,INACTIVE
AEPS-IPPB-23-1428,AEPS_MICRO_ATM,12.904719,77.665671,Bellandur,560103,ACTIVE
POS-CANARA-24-1429,POS,17.416879,78.376584,Hitec City,500081,ACTIVE
ATM-INDUSIND-25-1430,ATM_KIOSK,17.450383,78.407802,Banjara Hills,500034,ACTIVE
ATM-BOI-26-1431,ATM_KIOSK,17.419677,78.480938,Secunderabad,500003,MAINTENANCE
POS-KOTAK-27-1432,POS,17.36651,78.455712,Old City Hyderabad,500002,MAINTENANCE
POS-PAYTM-28-1433,POS,17.42563,78.315099,Gachibowli,500032,INACTIVE
ATM-INDUSIND-29-1434,ATM_KIOSK,17.506268,78.412096,Kukatpally,500072,MAINTENANCE
AEPS-FINO-30-1435,AEPS_MICRO_ATM,17.429904,78.40017,Madhapur,500081,ACTIVE
POS-PAYTM-31-1436,POS,17.444904,78.429154,Jubilee Hills,500033,ACTIVE
ATM-YES-32-1437,ATM_KIOSK,13.085553,80.242159,Anna Salai,600002,INACTIVE
AEPS-YES-33-1438,AEPS_MICRO_ATM,12.978931,80.272309,OMR Taramani,600113,MAINTENANCE
POS-CANARA-34-1439,POS,13.069154,80.225576,T-Nagar,600017,ACTIVE
AEPS-PNB-35-1440,AEPS_MICRO_ATM,12.992238,80.234554,Guindy,600032,MAINTENANCE
POS-SBI-36-1441,POS,12.949914,80.200529,Velachery,600042,INACTIVE
ATM-INDUSIND-37-1442,ATM_KIOSK,12.983291,80.254232,Adyar,600020,INACTIVE
AEPS-SBI-38-1443,AEPS_MICRO_ATM,13.089347,80.258118,Kilpauk,600010,ACTIVE
AEPS-ICICI-39-1444,AEPS_MICRO_ATM,12.922627,80.072945,Tambaram,600045,ACTIVE
AEPS-IPPB-40-1445,AEPS_MICRO_ATM,22.565486,88.374778,Park Street,700016,ACTIVE
AEPS-BOI-41-1446,AEPS_MICRO_ATM,22.612962,88.425064,Salt Lake Sector V,700091,ACTIVE
AEPS-CANARA-42-1447,AEPS_MICRO_ATM,22.585296,88.47908,New Town Kolkata,700156,ACTIVE
ATM-AXIS-43-1448,ATM_KIOSK,22.593108,88.266119,Howrah,711101,MAINTENANCE
AEPS-UNION-44-1449,AEPS_MICRO_ATM,22.508753,88.343862,Ballygunge,700019,ACTIVE
ATM-SBI-45-1450,ATM_KIOSK,22.513666,88.350018,Alipore,700027,ACTIVE
POS-UNION-46-1451,POS,22.530748,88.35507,Gariahat,700029,MAINTENANCE
ATM-BOI-47-1452,ATM_KIOSK,22.625604,88.452281,Dum Dum,700028,MAINTENANCE
ATM-INDUSIND-48-1453,ATM_KIOSK,18.556896,73.872768,Shivaji Nagar Pune,411005,INACTIVE
AEPS-HDFC-49-1454,AEPS_MICRO_ATM,18.572741,73.739162,Hinjewadi IT Park,411057,ACTIVE
AEPS-ICICI-50-1455,AEPS_MICRO_ATM,18.542548,73.929373,Magarpatta Hadapsar,411028,MAINTENANCE
AEPS-BOI-51-1456,AEPS_MICRO_ATM,18.532725,73.787694,Kothrud,411038,ACTIVE
AEPS-YES-52-1457,AEPS_MICRO_ATM,18.54879,73.91538,Viman Nagar,411014,ACTIVE
AEPS-KOTAK-53-1458,AEPS_MICRO_ATM,18.588652,73.775546,Wakad,411057,MAINTENANCE
AEPS-BOI-54-1459,AEPS_MICRO_ATM,18.53766,73.80883,Baner,411045,ACTIVE
ATM-SBI-55-1460,ATM_KIOSK,18.548939,73.846549,Camp,411001,ACTIVE
ATM-BOI-56-1461,ATM_KIOSK,23.042799,72.575512,Navrangpura,380009,ACTIVE
ATM-YES-57-1462,ATM_KIOSK,23.069424,72.495681,SG Highway,380054,ACTIVE
POS-AXIS-58-1463,POS,22.978979,72.596746,Maninagar,380008,ACTIVE
ATM-PNB-59-1464,ATM_KIOSK,23.200152,72.607682,Gandhinagar Center,382010,MAINTENANCE
ATM-INDUSIND-60-1465,ATM_KIOSK,23.009785,72.544984,Vastrapur,380015,MAINTENANCE
ATM-KOTAK-61-1466,ATM_KIOSK,23.042481,72.489628,Satellite,380015,ACTIVE
AEPS-INDUSIND-62-1467,AEPS_MICRO_ATM,23.03887,72.474871,Prahlad Nagar,380015,ACTIVE
ATM-BARODA-63-1468,ATM_KIOSK,26.932077,75.792216,MI Road Jaipur,302001,ACTIVE
AEPS-PNB-64-1469,AEPS_MICRO_ATM,26.840421,75.806324,Malviya Nagar Jaipur,302017,ACTIVE
ATM-INDUSIND-65-1470,ATM_KIOSK,26.93387,75.713366,Vaishali Nagar,302021,MAINTENANCE
ATM-PNB-66-1471,ATM_KIOSK,26.87474,75.788184,Mansarovar,302020,ACTIVE
POS-HDFC-67-1472,POS,26.875991,75.812457,C-Scheme,302001,ACTIVE
AEPS-CANARA-68-1473,AEPS_MICRO_ATM,26.891183,75.823873,Raja Park,302004,ACTIVE
POS-IPPB-69-1474,POS,26.848929,80.956945,Hazratganj,226001,INACTIVE
ATM-YES-70-1475,ATM_KIOSK,26.822096,80.973613,Gomti Nagar Lucknow,226010,ACTIVE
AEPS-BOI-71-1476,AEPS_MICRO_ATM,26.802796,80.895042,Alambagh,226005,INACTIVE
ATM-ICICI-72-1477,ATM_KIOSK,26.900998,80.969315,Indira Nagar,226016,INACTIVE
POS-KOTAK-73-1478,POS,26.838276,80.987987,Mahanagar,226006,MAINTENANCE
ATM-AXIS-74-1479,ATM_KIOSK,26.817036,80.927366,Charbagh,226004,MAINTENANCE
ATM-BARODA-75-1480,ATM_KIOSK,10.000144,76.31948,Ernakulam Central,682011,INACTIVE
ATM-SBI-76-1481,ATM_KIOSK,9.999039,76.357088,Kakkanad InfoPark,682042,ACTIVE
POS-PNB-77-1482,POS,9.97388,76.241735,Fort Kochi,682001,ACTIVE
POS-ICICI-78-1483,POS,9.998588,76.302709,Edappally,682024,ACTIVE
AEPS-IPPB-79-1484,AEPS_MICRO_ATM,9.977784,76.256452,Marine Drive,682031,ACTIVE
POS-PAYTM-80-1485,POS,21.196758,72.821066,Ring Road Surat,395002,MAINTENANCE
AEPS-UNION-81-1486,AEPS_MICRO_ATM,21.224345,72.78293,Adajan,395009,ACTIVE
AEPS-SBI-82-1487,AEPS_MICRO_ATM,21.157694,72.769817,Vesu Surat,395007,MAINTENANCE
AEPS-INDUSIND-83-1488,AEPS_MICRO_ATM,21.242575,72.827926,Varachha,395006,ACTIVE
POS-SBI-84-1489,POS,21.184179,72.763927,Piplod,395007,ACTIVE
POS-INDUSIND-85-1490,POS,30.733163,76.755395,Sector 17 Chandigarh,160017,ACTIVE
POS-ICICI-86-1491,POS,30.692223,76.694259,Mohali Phase 7,160062,INACTIVE
POS-CANARA-87-1492,POS,30.709291,76.884161,Panchkula Sector 5,134109,INACTIVE
POS-AXIS-88-1493,POS,30.711487,76.816638,IT Park Chandigarh,160101,ACTIVE
AEPS-UNION-89-1494,AEPS_MICRO_ATM,22.783019,75.917898,Vijay Nagar,452010,ACTIVE
POS-PAYTM-90-1495,POS,22.750405,75.875726,Palasia,452001,INACTIVE
AEPS-INDUSIND-91-1496,AEPS_MICRO_ATM,22.725445,75.83658,Rajwada,452002,ACTIVE
POS-INDUSIND-92-1497,POS,22.735924,75.894239,AB Road,452008,ACTIVE
POS-BARODA-93-1498,POS,25.638684,85.107595,Boring Road,800001,ACTIVE
POS-PNB-94-1499,POS,25.607767,85.060441,Bailey Road,800014,ACTIVE
ATM-KOTAK-95-1500,ATM_KIOSK,25.628998,85.165492,Kankarbagh,800020,ACTIVE
ATM-INDUSIND-96-1501,ATM_KIOSK,25.608016,85.124144,Fraser Road,800001,ACTIVE
ATM-PNB-97-1502,ATM_KIOSK,23.215814,77.417534,MP Nagar,462011,ACTIVE
AEPS-FINO-98-1503,AEPS_MICRO_ATM,23.206203,77.409301,Arera Colony,462016,ACTIVE
AEPS-BOI-99-1504,AEPS_MICRO_ATM,23.252785,77.38228,New Market,462003,ACTIVE
POS-PNB-100-1505,POS,23.190967,77.405747,Kolar Road,462042,ACTIVE
ATM-CANARA-101-1506,ATM_KIOSK,20.29008,85.8179,Saheed Nagar,751007,ACTIVE
AEPS-BARODA-102-1507,AEPS_MICRO_ATM,20.350457,85.811953,Patia Infocity,751024,MAINTENANCE
POS-IPPB-103-1508,POS,20.2491,85.81431,Master Canteen,751001,MAINTENANCE
AEPS-SBI-104-1509,AEPS_MICRO_ATM,20.277135,85.82871,Jayadev Vihar,751013,ACTIVE
ATM-INDUSIND-105-1510,ATM_KIOSK,11.025553,76.982378,Gandhipuram,641012,ACTIVE
AEPS-BOI-106-1511,AEPS_MICRO_ATM,11.006385,76.956572,RS Puram,641002,ACTIVE
AEPS-UNION-107-1512,AEPS_MICRO_ATM,11.058075,76.986065,Peelamedu,641004,MAINTENANCE
POS-UNION-108-1513,POS,11.008576,77.001706,Race Course,641018,MAINTENANCE
ATM-BARODA-109-1514,ATM_KIOSK,17.753762,83.294166,Dwaraka Nagar,530016,ACTIVE
POS-CANARA-110-1515,POS,17.70928,83.313375,Beach Road,530002,ACTIVE
ATM-YES-111-1516,ATM_KIOSK,17.766178,83.358844,MVP Colony,530017,ACTIVE
ATM-UNION-112-1517,ATM_KIOSK,17.690374,83.240309,Gajuwaka,530026,MAINTENANCE
POS-INDUSIND-113-1518,POS,26.180391,91.744076,GS Road,781005,MAINTENANCE
AEPS-AXIS-114-1519,AEPS_MICRO_ATM,26.179225,91.774649,Paltan Bazaar,781008,MAINTENANCE
ATM-INDUSIND-115-1520,ATM_KIOSK,26.110643,91.788282,Dispur,781006,ACTIVE
AEPS-ICICI-116-1521,AEPS_MICRO_ATM,26.159229,91.762222,Fancy Bazaar,781001,ACTIVE
ATM-ICICI-00-1522,ATM_KIOSK,28.64306,77.200677,New Delhi Central,110001,ACTIVE
AEPS-HDFC-01-1523,AEPS_MICRO_ATM,28.577242,77.200885,South Delhi,110016,MAINTENANCE
ATM-IPPB-02-1524,ATM_KIOSK,28.540127,77.379906,Noida,201301,INACTIVE
AEPS-INDUSIND-03-1525,AEPS_MICRO_ATM,28.463978,77.057216,Gurugram,122001,INACTIVE
AEPS-FINO-04-1526,AEPS_MICRO_ATM,28.600403,77.079024,Dwarka,110075,INACTIVE
ATM-UNION-05-1527,ATM_KIOSK,28.62992,77.186306,Karol Bagh,110005,ACTIVE
POS-KOTAK-06-1528,POS,28.653243,77.429756,Ghaziabad,201001,ACTIVE
POS-CANARA-07-1529,POS,28.433537,77.309891,Faridabad,121001,MAINTENANCE
AEPS-BARODA-08-1530,AEPS_MICRO_ATM,18.949134,72.807922,South Mumbai,400001,INACTIVE
ATM-AXIS-09-1531,ATM_KIOSK,19.085143,72.799976,Bandra BKC,400051,ACTIVE
POS-SBI-10-1532,POS,19.148006,72.855001,Andheri,400053,ACTIVE
AEPS-BARODA-11-1533,AEPS_MICRO_ATM,19.062361,73.034724,Navi Mumbai,400703,ACTIVE
POS-KOTAK-12-1534,POS,19.191056,73.010091,Thane,400601,INACTIVE
POS-AXIS-13-1535,POS,19.196037,72.877105,Borivali,400091,ACTIVE
POS-ICICI-14-1536,POS,19.14302,72.932828,Powai,400076,ACTIVE
POS-BOI-15-1537,POS,18.982959,72.832443,Dadar,400028,ACTIVE
AEPS-CANARA-16-1538,AEPS_MICRO_ATM,12.96407,77.606407,Central BLR,560001,ACTIVE
AEPS-UNION-17-1539,AEPS_MICRO_ATM,12.932437,77.629848,Koramangala,560034,INACTIVE
ATM-BOI-18-1540,ATM_KIOSK,12.97258,77.764738,Whitefield,560066,ACTIVE
POS-BOI-19-1541,POS,12.817128,77.678663,Electronic City,560100,ACTIVE
POS-HDFC-20-1542,POS,12.972237,77.611028,Indiranagar,560038,ACTIVE
POS-PAYTM-21-1543,POS,12.920752,77.662012,HSR Layout,560102,ACTIVE
ATM-AXIS-22-1544,ATM_KIOSK,13.012209,77.583149,Malleshwaram,560003,ACTIVE
POS-CANARA-23-1545,POS,12.911466,77.678351,Bellandur,560103,MAINTENANCE
AEPS-YES-24-1546,AEPS_MICRO_ATM,17.414379,78.389031,Hitec City,500081,ACTIVE
AEPS-CANARA-25-1547,AEPS_MICRO_ATM,17.385956,78.443218,Banjara Hills,500034,ACTIVE
AEPS-UNION-26-1548,AEPS_MICRO_ATM,17.449051,78.507623,Secunderabad,500003,MAINTENANCE
ATM-ICICI-27-1549,ATM_KIOSK,17.342706,78.490914,Old City Hyderabad,500002,INACTIVE
POS-HDFC-28-1550,POS,17.431897,78.372153,Gachibowli,500032,MAINTENANCE
AEPS-UNION-29-1551,AEPS_MICRO_ATM,17.500056,78.382725,Kukatpally,500072,ACTIVE
AEPS-CANARA-30-1552,AEPS_MICRO_ATM,17.424548,78.37002,Madhapur,500081,MAINTENANCE
ATM-INDUSIND-31-1553,ATM_KIOSK,17.428083,78.403489,Jubilee Hills,500033,ACTIVE
ATM-HDFC-32-1554,ATM_KIOSK,13.106969,80.287724,Anna Salai,600002,ACTIVE
POS-BOI-33-1555,POS,12.981478,80.272708,OMR Taramani,600113,ACTIVE
AEPS-BARODA-34-1556,AEPS_MICRO_ATM,13.065343,80.255261,T-Nagar,600017,ACTIVE
AEPS-PAYTM-35-1557,AEPS_MICRO_ATM,12.990043,80.18687,Guindy,600032,MAINTENANCE
AEPS-UNION-36-1558,AEPS_MICRO_ATM,12.988457,80.232452,Velachery,600042,MAINTENANCE
POS-PNB-37-1559,POS,13.024626,80.289681,Adyar,600020,ACTIVE
AEPS-PNB-38-1560,AEPS_MICRO_ATM,13.11093,80.211686,Kilpauk,600010,ACTIVE
POS-PAYTM-39-1561,POS,12.90803,80.097843,Tambaram,600045,MAINTENANCE
POS-INDUSIND-40-1562,POS,22.542706,88.384095,Park Street,700016,MAINTENANCE
AEPS-ICICI-41-1563,AEPS_MICRO_ATM,22.556336,88.424081,Salt Lake Sector V,700091,ACTIVE
ATM-PNB-42-1564,ATM_KIOSK,22.580165,88.496759,New Town Kolkata,700156,ACTIVE
ATM-YES-43-1565,ATM_KIOSK,22.56282,88.239876,Howrah,711101,ACTIVE
AEPS-CANARA-44-1566,AEPS_MICRO_ATM,22.500284,88.362369,Ballygunge,700019,ACTIVE
AEPS-KOTAK-45-1567,AEPS_MICRO_ATM,22.558713,88.314779,Alipore,700027,ACTIVE
ATM-KOTAK-46-1568,ATM_KIOSK,22.517633,88.375361,Gariahat,700029,MAINTENANCE
ATM-UNION-47-1569,ATM_KIOSK,22.621354,88.422058,Dum Dum,700028,INACTIVE
ATM-YES-48-1570,ATM_KIOSK,18.500273,73.869302,Shivaji Nagar Pune,411005,ACTIVE
POS-KOTAK-49-1571,POS,18.602076,73.722312,Hinjewadi IT Park,411057,ACTIVE
ATM-BARODA-50-1572,ATM_KIOSK,18.482833,73.928432,Magarpatta Hadapsar,411028,ACTIVE
AEPS-YES-51-1573,AEPS_MICRO_ATM,18.496243,73.787292,Kothrud,411038,INACTIVE
AEPS-INDUSIND-52-1574,AEPS_MICRO_ATM,18.566069,73.908316,Viman Nagar,411014,ACTIVE
POS-AXIS-53-1575,POS,18.568778,73.759973,Wakad,411057,MAINTENANCE
AEPS-UNION-54-1576,AEPS_MICRO_ATM,18.532632,73.811198,Baner,411045,ACTIVE
ATM-PNB-55-1577,ATM_KIOSK,18.510206,73.880162,Camp,411001,ACTIVE
ATM-YES-56-1578,ATM_KIOSK,23.051502,72.590147,Navrangpura,380009,ACTIVE
POS-SBI-57-1579,POS,23.085411,72.520897,SG Highway,380054,INACTIVE
AEPS-IPPB-58-1580,AEPS_MICRO_ATM,22.976631,72.625868,Maninagar,380008,INACTIVE
ATM-AXIS-59-1581,ATM_KIOSK,23.210274,72.6252,Gandhinagar Center,382010,ACTIVE
ATM-BARODA-60-1582,ATM_KIOSK,23.043239,72.538573,Vastrapur,380015,ACTIVE
ATM-KOTAK-61-1583,ATM_KIOSK,23.041995,72.534663,Satellite,380015,ACTIVE
ATM-ICICI-62-1584,ATM_KIOSK,23.034678,72.476153,Prahlad Nagar,380015,ACTIVE
AEPS-CANARA-63-1585,AEPS_MICRO_ATM,26.924597,75.820137,MI Road Jaipur,302001,ACTIVE
POS-ICICI-64-1586,POS,26.819419,75.771432,Malviya Nagar Jaipur,302017,MAINTENANCE
AEPS-PAYTM-65-1587,AEPS_MICRO_ATM,26.932079,75.747945,Vaishali Nagar,302021,ACTIVE
POS-FINO-66-1588,POS,26.888421,75.772064,Mansarovar,302020,ACTIVE
AEPS-PNB-67-1589,AEPS_MICRO_ATM,26.916436,75.786743,C-Scheme,302001,ACTIVE
ATM-FINO-68-1590,ATM_KIOSK,26.913023,75.831797,Raja Park,302004,ACTIVE
AEPS-YES-69-1591,AEPS_MICRO_ATM,26.860768,80.966812,Hazratganj,226001,ACTIVE
POS-BOI-70-1592,POS,26.831112,81.027791,Gomti Nagar Lucknow,226010,INACTIVE
POS-KOTAK-71-1593,POS,26.808024,80.92287,Alambagh,226005,ACTIVE
AEPS-FINO-72-1594,AEPS_MICRO_ATM,26.917763,81.012465,Indira Nagar,226016,ACTIVE
POS-AXIS-73-1595,POS,26.842325,80.918307,Mahanagar,226006,ACTIVE
ATM-CANARA-74-1596,ATM_KIOSK,26.808674,80.899059,Charbagh,226004,MAINTENANCE
AEPS-YES-75-1597,AEPS_MICRO_ATM,9.970011,76.320078,Ernakulam Central,682011,MAINTENANCE
AEPS-CANARA-76-1598,AEPS_MICRO_ATM,10.049907,76.333018,Kakkanad InfoPark,682042,ACTIVE
AEPS-UNION-77-1599,AEPS_MICRO_ATM,9.977775,76.228039,Fort Kochi,682001,ACTIVE
ATM-CANARA-78-1600,ATM_KIOSK,10.042897,76.287092,Edappally,682024,MAINTENANCE
AEPS-YES-79-1601,AEPS_MICRO_ATM,9.96495,76.248683,Marine Drive,682031,ACTIVE
AEPS-YES-80-1602,AEPS_MICRO_ATM,21.202813,72.808018,Ring Road Surat,395002,ACTIVE
POS-PNB-81-1603,POS,21.191751,72.771761,Adajan,395009,ACTIVE
POS-BARODA-82-1604,POS,21.155465,72.789814,Vesu Surat,395007,ACTIVE
ATM-ICICI-83-1605,ATM_KIOSK,21.194973,72.83419,Varachha,395006,ACTIVE
POS-ICICI-84-1606,POS,21.179457,72.783954,Piplod,395007,ACTIVE
POS-SBI-85-1607,POS,30.764474,76.80264,Sector 17 Chandigarh,160017,ACTIVE
AEPS-INDUSIND-86-1608,AEPS_MICRO_ATM,30.725618,76.716545,Mohali Phase 7,160062,INACTIVE
POS-CANARA-87-1609,POS,30.683144,76.86668,Panchkula Sector 5,134109,ACTIVE
POS-YES-88-1610,POS,30.731059,76.813456,IT Park Chandigarh,160101,MAINTENANCE
AEPS-INDUSIND-89-1611,AEPS_MICRO_ATM,22.756289,75.888281,Vijay Nagar,452010,INACTIVE
ATM-PNB-90-1612,ATM_KIOSK,22.75918,75.882879,Palasia,452001,MAINTENANCE
AEPS-PAYTM-91-1613,AEPS_MICRO_ATM,22.694548,75.852283,Rajwada,452002,ACTIVE
AEPS-UNION-92-1614,AEPS_MICRO_ATM,22.771554,75.889441,AB Road,452008,ACTIVE
AEPS-BARODA-93-1615,AEPS_MICRO_ATM,25.589344,85.100462,Boring Road,800001,ACTIVE
ATM-IPPB-94-1616,ATM_KIOSK,25.582815,85.119974,Bailey Road,800014,INACTIVE
AEPS-AXIS-95-1617,AEPS_MICRO_ATM,25.626854,85.154219,Kankarbagh,800020,MAINTENANCE
ATM-FINO-96-1618,ATM_KIOSK,25.586634,85.11971,Fraser Road,800001,ACTIVE
AEPS-BOI-97-1619,AEPS_MICRO_ATM,23.205215,77.43951,MP Nagar,462011,MAINTENANCE
POS-YES-98-1620,POS,23.232964,77.454449,Arera Colony,462016,ACTIVE
POS-HDFC-99-1621,POS,23.251611,77.413687,New Market,462003,ACTIVE
AEPS-BOI-100-1622,AEPS_MICRO_ATM,23.161785,77.45502,Kolar Road,462042,ACTIVE
AEPS-BOI-101-1623,AEPS_MICRO_ATM,20.276553,85.877832,Saheed Nagar,751007,ACTIVE
AEPS-INDUSIND-102-1624,AEPS_MICRO_ATM,20.368699,85.820017,Patia Infocity,751024,ACTIVE
POS-PAYTM-103-1625,POS,20.256683,85.844231,Master Canteen,751001,INACTIVE
ATM-ICICI-104-1626,ATM_KIOSK,20.308915,85.832896,Jayadev Vihar,751013,ACTIVE
ATM-PAYTM-105-1627,ATM_KIOSK,10.988354,76.928922,Gandhipuram,641012,ACTIVE
POS-CANARA-106-1628,POS,11.031712,76.970189,RS Puram,641002,MAINTENANCE
POS-PAYTM-107-1629,POS,11.004267,77.025555,Peelamedu,641004,ACTIVE
AEPS-BARODA-108-1630,AEPS_MICRO_ATM,11.004031,76.997844,Race Course,641018,ACTIVE
POS-UNION-109-1631,POS,17.722273,83.331863,Dwaraka Nagar,530016,INACTIVE
POS-UNION-110-1632,POS,17.728489,83.354062,Beach Road,530002,MAINTENANCE
ATM-BARODA-111-1633,ATM_KIOSK,17.776829,83.307647,MVP Colony,530017,MAINTENANCE
POS-BOI-112-1634,POS,17.722389,83.219738,Gajuwaka,530026,ACTIVE
AEPS-INDUSIND-113-1635,AEPS_MICRO_ATM,26.186473,91.796854,GS Road,781005,ACTIVE
POS-YES-114-1636,POS,26.208499,91.734343,Paltan Bazaar,781008,ACTIVE
ATM-SBI-115-1637,ATM_KIOSK,26.167645,91.77961,Dispur,781006,INACTIVE
AEPS-HDFC-116-1638,AEPS_MICRO_ATM,26.21189,91.756369,Fancy Bazaar,781001,INACTIVE
AEPS-BOI-00-1639,AEPS_MICRO_ATM,28.604196,77.195109,New Delhi Central,110001,ACTIVE
POS-KOTAK-01-1640,POS,28.558026,77.222658,South Delhi,110016,MAINTENANCE
AEPS-ICICI-02-1641,AEPS_MICRO_ATM,28.515279,77.383083,Noida,201301,ACTIVE
AEPS-AXIS-03-1642,AEPS_MICRO_ATM,28.447137,77.006726,Gurugram,122001,ACTIVE
AEPS-UNION-04-1643,AEPS_MICRO_ATM,28.592739,77.012376,Dwarka,110075,MAINTENANCE
AEPS-CANARA-05-1644,AEPS_MICRO_ATM,28.684609,77.206634,Karol Bagh,110005,ACTIVE
AEPS-HDFC-06-1645,AEPS_MICRO_ATM,28.651905,77.462837,Ghaziabad,201001,ACTIVE
ATM-YES-07-1646,ATM_KIOSK,28.432226,77.292101,Faridabad,121001,INACTIVE
POS-KOTAK-08-1647,POS,18.911321,72.845579,South Mumbai,400001,ACTIVE
ATM-UNION-09-1648,ATM_KIOSK,19.031378,72.848124,Bandra BKC,400051,ACTIVE
ATM-INDUSIND-10-1649,ATM_KIOSK,19.127899,72.90216,Andheri,400053,ACTIVE
AEPS-AXIS-11-1650,AEPS_MICRO_ATM,19.015948,73.031758,Navi Mumbai,400703,ACTIVE
POS-ICICI-12-1651,POS,19.21106,73.002314,Thane,400601,INACTIVE
POS-CANARA-13-1652,POS,19.231578,72.8585,Borivali,400091,ACTIVE
ATM-BARODA-14-1653,ATM_KIOSK,19.091537,72.873554,Powai,400076,ACTIVE
AEPS-ICICI-15-1654,AEPS_MICRO_ATM,19.038787,72.850143,Dadar,400028,ACTIVE
ATM-PAYTM-16-1655,ATM_KIOSK,13.0034,77.60993,Central BLR,560001,ACTIVE
ATM-INDUSIND-17-1656,ATM_KIOSK,12.93498,77.643904,Koramangala,560034,MAINTENANCE
AEPS-BARODA-18-1657,AEPS_MICRO_ATM,12.981926,77.733413,Whitefield,560066,ACTIVE
ATM-HDFC-19-1658,ATM_KIOSK,12.832359,77.649343,Electronic City,560100,ACTIVE
POS-IPPB-20-1659,POS,12.965631,77.61373,Indiranagar,560038,MAINTENANCE
POS-FINO-21-1660,POS,12.937273,77.669054,HSR Layout,560102,MAINTENANCE
AEPS-CANARA-22-1661,AEPS_MICRO_ATM,13.034755,77.586209,Malleshwaram,560003,ACTIVE
POS-UNION-23-1662,POS,12.897085,77.65946,Bellandur,560103,ACTIVE
AEPS-KOTAK-24-1663,AEPS_MICRO_ATM,17.431462,78.342552,Hitec City,500081,ACTIVE
POS-PAYTM-25-1664,POS,17.414242,78.41404,Banjara Hills,500034,INACTIVE
AEPS-UNION-26-1665,AEPS_MICRO_ATM,17.474898,78.521349,Secunderabad,500003,INACTIVE
ATM-KOTAK-27-1666,ATM_KIOSK,17.363604,78.44228,Old City Hyderabad,500002,INACTIVE
ATM-FINO-28-1667,ATM_KIOSK,17.409682,78.381054,Gachibowli,500032,ACTIVE
ATM-PAYTM-29-1668,ATM_KIOSK,17.480789,78.420175,Kukatpally,500072,MAINTENANCE
POS-BOI-30-1669,POS,17.44496,78.378767,Madhapur,500081,ACTIVE
POS-INDUSIND-31-1670,POS,17.420777,78.435317,Jubilee Hills,500033,MAINTENANCE
POS-SBI-32-1671,POS,13.057336,80.249325,Anna Salai,600002,ACTIVE
POS-KOTAK-33-1672,POS,12.979915,80.21887,OMR Taramani,600113,MAINTENANCE
ATM-BARODA-34-1673,ATM_KIOSK,13.047494,80.211793,T-Nagar,600017,ACTIVE
AEPS-CANARA-35-1674,AEPS_MICRO_ATM,12.980313,80.198995,Guindy,600032,ACTIVE
POS-SBI-36-1675,POS,12.970413,80.238327,Velachery,600042,ACTIVE
AEPS-UNION-37-1676,AEPS_MICRO_ATM,13.004109,80.287594,Adyar,600020,ACTIVE
POS-KOTAK-38-1677,POS,13.098981,80.213452,Kilpauk,600010,ACTIVE
POS-CANARA-39-1678,POS,12.895669,80.12759,Tambaram,600045,ACTIVE
ATM-BOI-40-1679,ATM_KIOSK,22.583312,88.350475,Park Street,700016,MAINTENANCE
ATM-INDUSIND-41-1680,ATM_KIOSK,22.560455,88.425241,Salt Lake Sector V,700091,ACTIVE
ATM-PNB-42-1681,ATM_KIOSK,22.596633,88.449546,New Town Kolkata,700156,MAINTENANCE
POS-KOTAK-43-1682,POS,22.585894,88.294213,Howrah,711101,MAINTENANCE
AEPS-PNB-44-1683,AEPS_MICRO_ATM,22.536111,88.348102,Ballygunge,700019,ACTIVE
POS-HDFC-45-1684,POS,22.566145,88.345751,Alipore,700027,ACTIVE
ATM-YES-46-1685,ATM_KIOSK,22.482223,88.345136,Gariahat,700029,MAINTENANCE
ATM-IPPB-47-1686,ATM_KIOSK,22.617316,88.443466,Dum Dum,700028,ACTIVE
POS-BOI-48-1687,POS,18.547044,73.824369,Shivaji Nagar Pune,411005,ACTIVE
ATM-PAYTM-49-1688,ATM_KIOSK,18.591324,73.717991,Hinjewadi IT Park,411057,ACTIVE
AEPS-KOTAK-50-1689,AEPS_MICRO_ATM,18.496479,73.931644,Magarpatta Hadapsar,411028,INACTIVE
ATM-KOTAK-51-1690,ATM_KIOSK,18.539613,73.810737,Kothrud,411038,ACTIVE
POS-YES-52-1691,POS,18.561647,73.908919,Viman Nagar,411014,ACTIVE
POS-BARODA-53-1692,POS,18.608137,73.78868,Wakad,411057,ACTIVE
AEPS-CANARA-54-1693,AEPS_MICRO_ATM,18.58774,73.778226,Baner,411045,ACTIVE
POS-SBI-55-1694,POS,18.523398,73.895212,Camp,411001,MAINTENANCE
AEPS-SBI-56-1695,AEPS_MICRO_ATM,23.007035,72.53655,Navrangpura,380009,MAINTENANCE
ATM-BARODA-57-1696,ATM_KIOSK,23.046595,72.489264,SG Highway,380054,ACTIVE
POS-BARODA-58-1697,POS,23.011931,72.631881,Maninagar,380008,ACTIVE
POS-IPPB-59-1698,POS,23.223573,72.669797,Gandhinagar Center,382010,INACTIVE
POS-INDUSIND-60-1699,POS,23.060802,72.502133,Vastrapur,380015,ACTIVE
POS-KOTAK-61-1700,POS,23.001395,72.545166,Satellite,380015,MAINTENANCE
ATM-BOI-62-1701,ATM_KIOSK,22.999203,72.50585,Prahlad Nagar,380015,ACTIVE
ATM-BARODA-63-1702,ATM_KIOSK,26.932341,75.807111,MI Road Jaipur,302001,MAINTENANCE
POS-IPPB-64-1703,POS,26.875991,75.832918,Malviya Nagar Jaipur,302017,MAINTENANCE
AEPS-PNB-65-1704,AEPS_MICRO_ATM,26.939681,75.765076,Vaishali Nagar,302021,ACTIVE
AEPS-SBI-66-1705,AEPS_MICRO_ATM,26.844975,75.796253,Mansarovar,302020,ACTIVE
AEPS-FINO-67-1706,AEPS_MICRO_ATM,26.941492,75.767807,C-Scheme,302001,MAINTENANCE
POS-INDUSIND-68-1707,POS,26.900512,75.823999,Raja Park,302004,ACTIVE
ATM-ICICI-69-1708,ATM_KIOSK,26.871241,80.943533,Hazratganj,226001,ACTIVE
ATM-INDUSIND-70-1709,ATM_KIOSK,26.867823,80.971507,Gomti Nagar Lucknow,226010,ACTIVE
AEPS-CANARA-71-1710,AEPS_MICRO_ATM,26.810447,80.888773,Alambagh,226005,INACTIVE
ATM-PNB-72-1711,ATM_KIOSK,26.851229,80.985604,Indira Nagar,226016,MAINTENANCE
ATM-BARODA-73-1712,ATM_KIOSK,26.845287,80.968142,Mahanagar,226006,MAINTENANCE
POS-HDFC-74-1713,POS,26.809336,80.936642,Charbagh,226004,ACTIVE
POS-PAYTM-75-1714,POS,9.984275,76.32238,Ernakulam Central,682011,ACTIVE
POS-AXIS-76-1715,POS,10.035588,76.36359,Kakkanad InfoPark,682042,ACTIVE
ATM-HDFC-77-1716,ATM_KIOSK,9.970045,76.267004,Fort Kochi,682001,ACTIVE
AEPS-AXIS-78-1717,AEPS_MICRO_ATM,10.048139,76.340387,Edappally,682024,ACTIVE
POS-KOTAK-79-1718,POS,9.957906,76.268654,Marine Drive,682031,ACTIVE
POS-PAYTM-80-1719,POS,21.202197,72.825217,Ring Road Surat,395002,ACTIVE
POS-ICICI-81-1720,POS,21.213677,72.797842,Adajan,395009,ACTIVE
POS-SBI-82-1721,POS,21.109004,72.737426,Vesu Surat,395007,ACTIVE
ATM-UNION-83-1722,ATM_KIOSK,21.192694,72.860225,Varachha,395006,ACTIVE
AEPS-BOI-84-1723,AEPS_MICRO_ATM,21.168517,72.792962,Piplod,395007,ACTIVE
POS-UNION-85-1724,POS,30.76397,76.782099,Sector 17 Chandigarh,160017,MAINTENANCE
AEPS-SBI-86-1725,AEPS_MICRO_ATM,30.734774,76.687212,Mohali Phase 7,160062,MAINTENANCE
POS-ICICI-87-1726,POS,30.685344,76.891324,Panchkula Sector 5,134109,INACTIVE
POS-HDFC-88-1727,POS,30.705288,76.835062,IT Park Chandigarh,160101,ACTIVE
AEPS-YES-89-1728,AEPS_MICRO_ATM,22.728245,75.914474,Vijay Nagar,452010,INACTIVE
POS-AXIS-90-1729,POS,22.748585,75.887495,Palasia,452001,ACTIVE
ATM-KOTAK-91-1730,ATM_KIOSK,22.726858,75.880751,Rajwada,452002,MAINTENANCE
ATM-UNION-92-1731,ATM_KIOSK,22.74825,75.921289,AB Road,452008,ACTIVE
ATM-PNB-93-1732,ATM_KIOSK,25.604556,85.110828,Boring Road,800001,ACTIVE
ATM-BARODA-94-1733,ATM_KIOSK,25.620398,85.09583,Bailey Road,800014,INACTIVE
ATM-HDFC-95-1734,ATM_KIOSK,25.610805,85.138034,Kankarbagh,800020,INACTIVE
ATM-INDUSIND-96-1735,ATM_KIOSK,25.6066,85.166387,Fraser Road,800001,ACTIVE
POS-ICICI-97-1736,POS,23.264402,77.399682,MP Nagar,462011,ACTIVE
ATM-PNB-98-1737,ATM_KIOSK,23.180185,77.433688,Arera Colony,462016,INACTIVE
ATM-PAYTM-99-1738,ATM_KIOSK,23.211535,77.379038,New Market,462003,ACTIVE
POS-BARODA-100-1739,POS,23.204138,77.408202,Kolar Road,462042,ACTIVE
AEPS-INDUSIND-101-1740,AEPS_MICRO_ATM,20.253375,85.842154,Saheed Nagar,751007,ACTIVE
POS-KOTAK-102-1741,POS,20.366548,85.843063,Patia Infocity,751024,ACTIVE
AEPS-HDFC-103-1742,AEPS_MICRO_ATM,20.289097,85.810282,Master Canteen,751001,ACTIVE
AEPS-SBI-104-1743,AEPS_MICRO_ATM,20.290112,85.788294,Jayadev Vihar,751013,INACTIVE
ATM-SBI-105-1744,ATM_KIOSK,10.993889,76.966788,Gandhipuram,641012,ACTIVE
POS-KOTAK-106-1745,POS,11.034633,76.959627,RS Puram,641002,ACTIVE
POS-AXIS-107-1746,POS,11.005837,76.990008,Peelamedu,641004,ACTIVE
POS-CANARA-108-1747,POS,10.9704,77.000452,Race Course,641018,ACTIVE
POS-YES-109-1748,POS,17.713645,83.321779,Dwaraka Nagar,530016,ACTIVE
AEPS-BOI-110-1749,AEPS_MICRO_ATM,17.690228,83.312579,Beach Road,530002,ACTIVE
ATM-INDUSIND-111-1750,ATM_KIOSK,17.74686,83.319992,MVP Colony,530017,ACTIVE
AEPS-BOI-112-1751,AEPS_MICRO_ATM,17.683255,83.210922,Gajuwaka,530026,ACTIVE
AEPS-UNION-113-1752,AEPS_MICRO_ATM,26.174799,91.76775,GS Road,781005,ACTIVE
ATM-PAYTM-114-1753,ATM_KIOSK,26.199184,91.71818,Paltan Bazaar,781008,ACTIVE
AEPS-UNION-115-1754,AEPS_MICRO_ATM,26.149171,91.817276,Dispur,781006,INACTIVE
POS-BOI-116-1755,POS,26.164657,91.757595,Fancy Bazaar,781001,MAINTENANCE
AEPS-FINO-00-1756,AEPS_MICRO_ATM,28.622983,77.232052,New Delhi Central,110001,ACTIVE
AEPS-ICICI-01-1757,AEPS_MICRO_ATM,28.524205,77.181203,South Delhi,110016,INACTIVE
ATM-PNB-02-1758,ATM_KIOSK,28.504606,77.394569,Noida,201301,INACTIVE
ATM-PNB-03-1759,ATM_KIOSK,28.434779,77.029154,Gurugram,122001,MAINTENANCE
AEPS-ICICI-04-1760,AEPS_MICRO_ATM,28.55998,77.02255,Dwarka,110075,MAINTENANCE
AEPS-ICICI-05-1761,AEPS_MICRO_ATM,28.664169,77.192572,Karol Bagh,110005,ACTIVE
POS-BARODA-06-1762,POS,28.702407,77.481194,Ghaziabad,201001,ACTIVE
AEPS-PAYTM-07-1763,AEPS_MICRO_ATM,28.387278,77.322291,Faridabad,121001,INACTIVE
AEPS-SBI-08-1764,AEPS_MICRO_ATM,18.956057,72.829553,South Mumbai,400001,MAINTENANCE
POS-INDUSIND-09-1765,POS,19.051767,72.823905,Bandra BKC,400051,INACTIVE
ATM-CANARA-10-1766,ATM_KIOSK,19.129144,72.882025,Andheri,400053,ACTIVE
AEPS-PNB-11-1767,AEPS_MICRO_ATM,18.99938,73.047451,Navi Mumbai,400703,MAINTENANCE
ATM-BARODA-12-1768,ATM_KIOSK,19.234319,72.947547,Thane,400601,ACTIVE
ATM-CANARA-13-1769,ATM_KIOSK,19.213693,72.831553,Borivali,400091,ACTIVE
AEPS-ICICI-14-1770,AEPS_MICRO_ATM,19.115507,72.902073,Powai,400076,ACTIVE
POS-YES-15-1771,POS,19.006422,72.836141,Dadar,400028,MAINTENANCE
AEPS-AXIS-16-1772,AEPS_MICRO_ATM,13.005585,77.602982,Central BLR,560001,INACTIVE
ATM-SBI-17-1773,ATM_KIOSK,12.937531,77.63562,Koramangala,560034,ACTIVE
POS-UNION-18-1774,POS,12.972851,77.717223,Whitefield,560066,ACTIVE
POS-AXIS-19-1775,POS,12.874232,77.668455,Electronic City,560100,ACTIVE
ATM-KOTAK-20-1776,ATM_KIOSK,12.994428,77.617465,Indiranagar,560038,INACTIVE
AEPS-CANARA-21-1777,AEPS_MICRO_ATM,12.90735,77.622353,HSR Layout,560102,ACTIVE
ATM-BOI-22-1778,ATM_KIOSK,13.018453,77.538085,Malleshwaram,560003,MAINTENANCE
AEPS-IPPB-23-1779,AEPS_MICRO_ATM,12.921489,77.699932,Bellandur,560103,INACTIVE
ATM-IPPB-24-1780,ATM_KIOSK,17.409755,78.411524,Hitec City,500081,ACTIVE
POS-BARODA-25-1781,POS,17.400603,78.420827,Banjara Hills,500034,ACTIVE
POS-UNION-26-1782,POS,17.435621,78.497481,Secunderabad,500003,MAINTENANCE
AEPS-UNION-27-1783,AEPS_MICRO_ATM,17.361967,78.448041,Old City Hyderabad,500002,ACTIVE
AEPS-AXIS-28-1784,AEPS_MICRO_ATM,17.46171,78.318661,Gachibowli,500032,ACTIVE
ATM-SBI-29-1785,ATM_KIOSK,17.494414,78.444921,Kukatpally,500072,MAINTENANCE
AEPS-SBI-30-1786,AEPS_MICRO_ATM,17.45209,78.408707,Madhapur,500081,INACTIVE
POS-IPPB-31-1787,POS,17.427619,78.380708,Jubilee Hills,500033,ACTIVE
POS-UNION-32-1788,POS,13.081547,80.274564,Anna Salai,600002,MAINTENANCE
POS-BOI-33-1789,POS,12.967187,80.214046,OMR Taramani,600113,ACTIVE
POS-UNION-34-1790,POS,13.056554,80.206254,T-Nagar,600017,ACTIVE
AEPS-BOI-35-1791,AEPS_MICRO_ATM,12.974019,80.204241,Guindy,600032,MAINTENANCE
ATM-UNION-36-1792,ATM_KIOSK,12.994404,80.193569,Velachery,600042,ACTIVE
AEPS-AXIS-37-1793,AEPS_MICRO_ATM,12.977343,80.246759,Adyar,600020,ACTIVE
ATM-FINO-38-1794,ATM_KIOSK,13.062343,80.250591,Kilpauk,600010,ACTIVE
POS-AXIS-39-1795,POS,12.917018,80.11498,Tambaram,600045,ACTIVE
POS-YES-40-1796,POS,22.582252,88.382105,Park Street,700016,ACTIVE
ATM-BARODA-41-1797,ATM_KIOSK,22.559827,88.459127,Salt Lake Sector V,700091,ACTIVE
AEPS-HDFC-42-1798,AEPS_MICRO_ATM,22.590138,88.449117,New Town Kolkata,700156,ACTIVE
ATM-UNION-43-1799,ATM_KIOSK,22.56445,88.295322,Howrah,711101,ACTIVE
ATM-IPPB-44-1800,ATM_KIOSK,22.557466,88.354668,Ballygunge,700019,ACTIVE
POS-SBI-45-1801,POS,22.521341,88.336381,Alipore,700027,ACTIVE
POS-YES-46-1802,POS,22.495303,88.364173,Gariahat,700029,ACTIVE
AEPS-KOTAK-47-1803,AEPS_MICRO_ATM,22.65355,88.416681,Dum Dum,700028,ACTIVE
ATM-BOI-48-1804,ATM_KIOSK,18.536094,73.874603,Shivaji Nagar Pune,411005,ACTIVE
AEPS-PNB-49-1805,AEPS_MICRO_ATM,18.607268,73.720193,Hinjewadi IT Park,411057,ACTIVE
ATM-IPPB-50-1806,ATM_KIOSK,18.498318,73.932656,Magarpatta Hadapsar,411028,ACTIVE
ATM-IPPB-51-1807,ATM_KIOSK,18.52124,73.841957,Kothrud,411038,ACTIVE
ATM-IPPB-52-1808,ATM_KIOSK,18.575158,73.925881,Viman Nagar,411014,INACTIVE
POS-BOI-53-1809,POS,18.624868,73.740962,Wakad,411057,ACTIVE
AEPS-IPPB-54-1810,AEPS_MICRO_ATM,18.584082,73.793721,Baner,411045,ACTIVE
POS-UNION-55-1811,POS,18.526211,73.902608,Camp,411001,ACTIVE
AEPS-PNB-56-1812,AEPS_MICRO_ATM,23.00938,72.586465,Navrangpura,380009,MAINTENANCE
AEPS-HDFC-57-1813,AEPS_MICRO_ATM,23.037235,72.504884,SG Highway,380054,ACTIVE
ATM-CANARA-58-1814,ATM_KIOSK,23.018172,72.597525,Maninagar,380008,ACTIVE
AEPS-YES-59-1815,AEPS_MICRO_ATM,23.217639,72.656894,Gandhinagar Center,382010,INACTIVE
POS-BARODA-60-1816,POS,23.002032,72.551822,Vastrapur,380015,ACTIVE
ATM-KOTAK-61-1817,ATM_KIOSK,22.996422,72.490187,Satellite,380015,ACTIVE
ATM-CANARA-62-1818,ATM_KIOSK,22.99602,72.503566,Prahlad Nagar,380015,INACTIVE
ATM-KOTAK-63-1819,ATM_KIOSK,26.894241,75.763473,MI Road Jaipur,302001,INACTIVE
AEPS-INDUSIND-64-1820,AEPS_MICRO_ATM,26.837582,75.81718,Malviya Nagar Jaipur,302017,ACTIVE
AEPS-YES-65-1821,AEPS_MICRO_ATM,26.882739,75.76441,Vaishali Nagar,302021,ACTIVE
ATM-INDUSIND-66-1822,ATM_KIOSK,26.876039,75.778984,Mansarovar,302020,ACTIVE
POS-KOTAK-67-1823,POS,26.885499,75.771398,C-Scheme,302001,INACTIVE
POS-BOI-68-1824,POS,26.902158,75.842471,Raja Park,302004,MAINTENANCE
AEPS-BOI-69-1825,AEPS_MICRO_ATM,26.851192,80.916076,Hazratganj,226001,ACTIVE
ATM-PAYTM-70-1826,ATM_KIOSK,26.865396,80.976987,Gomti Nagar Lucknow,226010,ACTIVE
POS-SBI-71-1827,POS,26.825044,80.920318,Alambagh,226005,ACTIVE
ATM-IPPB-72-1828,ATM_KIOSK,26.90864,80.948882,Indira Nagar,226016,MAINTENANCE
AEPS-CANARA-73-1829,AEPS_MICRO_ATM,26.882151,80.948833,Mahanagar,226006,ACTIVE
POS-AXIS-74-1830,POS,26.832662,80.898178,Charbagh,226004,ACTIVE
POS-HDFC-75-1831,POS,10.000898,76.294175,Ernakulam Central,682011,MAINTENANCE
ATM-CANARA-76-1832,ATM_KIOSK,10.040954,76.342188,Kakkanad InfoPark,682042,ACTIVE
POS-AXIS-77-1833,POS,9.945457,76.213214,Fort Kochi,682001,ACTIVE
POS-PNB-78-1834,POS,10.056866,76.291063,Edappally,682024,INACTIVE
AEPS-SBI-79-1835,AEPS_MICRO_ATM,9.948976,76.255663,Marine Drive,682031,ACTIVE
AEPS-AXIS-80-1836,AEPS_MICRO_ATM,21.19501,72.850461,Ring Road Surat,395002,MAINTENANCE
ATM-FINO-81-1837,ATM_KIOSK,21.222884,72.806431,Adajan,395009,ACTIVE
ATM-INDUSIND-82-1838,ATM_KIOSK,21.138376,72.776441,Vesu Surat,395007,ACTIVE
AEPS-HDFC-83-1839,AEPS_MICRO_ATM,21.21437,72.846644,Varachha,395006,ACTIVE
AEPS-CANARA-84-1840,AEPS_MICRO_ATM,21.143405,72.753424,Piplod,395007,ACTIVE
POS-HDFC-85-1841,POS,30.742501,76.809252,Sector 17 Chandigarh,160017,INACTIVE
ATM-HDFC-86-1842,ATM_KIOSK,30.671635,76.693673,Mohali Phase 7,160062,INACTIVE
AEPS-AXIS-87-1843,AEPS_MICRO_ATM,30.694056,76.873765,Panchkula Sector 5,134109,MAINTENANCE
POS-ICICI-88-1844,POS,30.715496,76.842586,IT Park Chandigarh,160101,ACTIVE
POS-CANARA-89-1845,POS,22.757415,75.875232,Vijay Nagar,452010,ACTIVE
ATM-SBI-90-1846,ATM_KIOSK,22.730921,75.918746,Palasia,452001,ACTIVE
POS-PAYTM-91-1847,POS,22.705684,75.828563,Rajwada,452002,ACTIVE
POS-AXIS-92-1848,POS,22.739254,75.857424,AB Road,452008,ACTIVE
POS-AXIS-93-1849,POS,25.607099,85.134267,Boring Road,800001,INACTIVE
AEPS-ICICI-94-1850,AEPS_MICRO_ATM,25.605966,85.065336,Bailey Road,800014,INACTIVE
ATM-BOI-95-1851,ATM_KIOSK,25.560278,85.17091,Kankarbagh,800020,MAINTENANCE
ATM-AXIS-96-1852,ATM_KIOSK,25.629836,85.157751,Fraser Road,800001,ACTIVE
AEPS-CANARA-97-1853,AEPS_MICRO_ATM,23.239033,77.411616,MP Nagar,462011,MAINTENANCE
AEPS-IPPB-98-1854,AEPS_MICRO_ATM,23.195698,77.444013,Arera Colony,462016,ACTIVE
AEPS-FINO-99-1855,AEPS_MICRO_ATM,23.237616,77.397424,New Market,462003,INACTIVE
ATM-CANARA-100-1856,ATM_KIOSK,23.182736,77.444515,Kolar Road,462042,ACTIVE
POS-BARODA-101-1857,POS,20.316006,85.86317,Saheed Nagar,751007,ACTIVE
POS-FINO-102-1858,POS,20.373951,85.787368,Patia Infocity,751024,MAINTENANCE
ATM-AXIS-103-1859,ATM_KIOSK,20.281944,85.859744,Master Canteen,751001,ACTIVE
AEPS-BOI-104-1860,AEPS_MICRO_ATM,20.31585,85.842216,Jayadev Vihar,751013,ACTIVE
POS-FINO-105-1861,POS,11.033219,76.934954,Gandhipuram,641012,ACTIVE
POS-ICICI-106-1862,POS,11.023339,76.937591,RS Puram,641002,ACTIVE
AEPS-PNB-107-1863,AEPS_MICRO_ATM,11.062603,76.995039,Peelamedu,641004,ACTIVE
ATM-KOTAK-108-1864,ATM_KIOSK,11.012252,76.969471,Race Course,641018,ACTIVE
AEPS-FINO-109-1865,AEPS_MICRO_ATM,17.71441,83.284485,Dwaraka Nagar,530016,INACTIVE
AEPS-KOTAK-110-1866,AEPS_MICRO_ATM,17.718305,83.306253,Beach Road,530002,ACTIVE
ATM-AXIS-111-1867,ATM_KIOSK,17.729798,83.355717,MVP Colony,530017,ACTIVE
POS-HDFC-112-1868,POS,17.660083,83.252618,Gajuwaka,530026,ACTIVE
AEPS-SBI-113-1869,AEPS_MICRO_ATM,26.128589,91.749876,GS Road,781005,ACTIVE
POS-FINO-114-1870,POS,26.147069,91.736954,Paltan Bazaar,781008,INACTIVE
POS-BOI-115-1871,POS,26.166703,91.785702,Dispur,781006,ACTIVE
AEPS-PNB-116-1872,AEPS_MICRO_ATM,26.200867,91.735584,Fancy Bazaar,781001,INACTIVE
POS-IPPB-00-1873,POS,28.599802,77.228695,New Delhi Central,110001,ACTIVE
ATM-CANARA-01-1874,ATM_KIOSK,28.570336,77.229214,South Delhi,110016,ACTIVE
ATM-IPPB-02-1875,ATM_KIOSK,28.532591,77.387009,Noida,201301,ACTIVE
ATM-FINO-03-1876,ATM_KIOSK,28.43121,77.015216,Gurugram,122001,ACTIVE
AEPS-IPPB-04-1877,AEPS_MICRO_ATM,28.593948,77.051203,Dwarka,110075,ACTIVE
POS-IPPB-05-1878,POS,28.617232,77.196592,Karol Bagh,110005,INACTIVE
POS-IPPB-06-1879,POS,28.656093,77.435048,Ghaziabad,201001,ACTIVE
AEPS-KOTAK-07-1880,AEPS_MICRO_ATM,28.399365,77.320208,Faridabad,121001,MAINTENANCE
POS-INDUSIND-08-1881,POS,18.919093,72.808044,South Mumbai,400001,ACTIVE
AEPS-FINO-09-1882,AEPS_MICRO_ATM,19.082612,72.796767,Bandra BKC,400051,MAINTENANCE
ATM-PNB-10-1883,ATM_KIOSK,19.088521,72.877254,Andheri,400053,ACTIVE
AEPS-AXIS-11-1884,AEPS_MICRO_ATM,19.039743,73.023245,Navi Mumbai,400703,ACTIVE
ATM-INDUSIND-12-1885,ATM_KIOSK,19.223981,72.99489,Thane,400601,INACTIVE
ATM-BARODA-13-1886,ATM_KIOSK,19.217392,72.860032,Borivali,400091,ACTIVE
ATM-SBI-14-1887,ATM_KIOSK,19.145365,72.886159,Powai,400076,ACTIVE
AEPS-BARODA-15-1888,AEPS_MICRO_ATM,19.00307,72.830413,Dadar,400028,INACTIVE
POS-HDFC-16-1889,POS,12.952983,77.609296,Central BLR,560001,MAINTENANCE
ATM-SBI-17-1890,ATM_KIOSK,12.968674,77.608055,Koramangala,560034,MAINTENANCE
ATM-UNION-18-1891,ATM_KIOSK,12.944346,77.719386,Whitefield,560066,ACTIVE
ATM-YES-19-1892,ATM_KIOSK,12.84348,77.699211,Electronic City,560100,MAINTENANCE
ATM-AXIS-20-1893,ATM_KIOSK,13.004786,77.655393,Indiranagar,560038,ACTIVE
ATM-BOI-21-1894,ATM_KIOSK,12.883392,77.644019,HSR Layout,560102,ACTIVE
ATM-IPPB-22-1895,ATM_KIOSK,12.996229,77.572741,Malleshwaram,560003,MAINTENANCE
AEPS-SBI-23-1896,AEPS_MICRO_ATM,12.89126,77.669597,Bellandur,560103,INACTIVE
AEPS-BOI-24-1897,AEPS_MICRO_ATM,17.409639,78.38118,Hitec City,500081,ACTIVE
AEPS-FINO-25-1898,AEPS_MICRO_ATM,17.424312,78.44517,Banjara Hills,500034,ACTIVE
POS-BOI-26-1899,POS,17.445245,78.501076,Secunderabad,500003,INACTIVE
AEPS-CANARA-27-1900,AEPS_MICRO_ATM,17.326686,78.488083,Old City Hyderabad,500002,ACTIVE
POS-SBI-28-1901,POS,17.425774,78.379364,Gachibowli,500032,ACTIVE
ATM-YES-29-1902,ATM_KIOSK,17.504977,78.401431,Kukatpally,500072,ACTIVE
AEPS-PAYTM-30-1903,AEPS_MICRO_ATM,17.442915,78.419977,Madhapur,500081,ACTIVE
AEPS-FINO-31-1904,AEPS_MICRO_ATM,17.443768,78.407861,Jubilee Hills,500033,ACTIVE
ATM-BOI-32-1905,ATM_KIOSK,13.080917,80.271905,Anna Salai,600002,ACTIVE
ATM-PAYTM-33-1906,ATM_KIOSK,12.98396,80.257279,OMR Taramani,600113,MAINTENANCE
ATM-FINO-34-1907,ATM_KIOSK,13.050524,80.231771,T-Nagar,600017,MAINTENANCE
AEPS-UNION-35-1908,AEPS_MICRO_ATM,13.011351,80.188635,Guindy,600032,INACTIVE
POS-SBI-36-1909,POS,12.957791,80.215854,Velachery,600042,ACTIVE
ATM-BARODA-37-1910,ATM_KIOSK,12.983893,80.230664,Adyar,600020,MAINTENANCE
ATM-SBI-38-1911,ATM_KIOSK,13.062934,80.261206,Kilpauk,600010,ACTIVE
AEPS-YES-39-1912,AEPS_MICRO_ATM,12.910248,80.096769,Tambaram,600045,ACTIVE
AEPS-FINO-40-1913,AEPS_MICRO_ATM,22.560866,88.386921,Park Street,700016,MAINTENANCE
AEPS-IPPB-41-1914,AEPS_MICRO_ATM,22.57795,88.447864,Salt Lake Sector V,700091,ACTIVE
ATM-KOTAK-42-1915,ATM_KIOSK,22.612975,88.470786,New Town Kolkata,700156,ACTIVE
POS-PAYTM-43-1916,POS,22.60046,88.257724,Howrah,711101,MAINTENANCE
ATM-YES-44-1917,ATM_KIOSK,22.519359,88.343269,Ballygunge,700019,ACTIVE
AEPS-AXIS-45-1918,AEPS_MICRO_ATM,22.562271,88.324848,Alipore,700027,ACTIVE
ATM-FINO-46-1919,ATM_KIOSK,22.546824,88.334824,Gariahat,700029,ACTIVE
POS-CANARA-47-1920,POS,22.647012,88.412831,Dum Dum,700028,INACTIVE
AEPS-AXIS-48-1921,AEPS_MICRO_ATM,18.558239,73.842583,Shivaji Nagar Pune,411005,INACTIVE
AEPS-BOI-49-1922,AEPS_MICRO_ATM,18.579541,73.729746,Hinjewadi IT Park,411057,ACTIVE
AEPS-PNB-50-1923,AEPS_MICRO_ATM,18.531767,73.964191,Magarpatta Hadapsar,411028,ACTIVE
ATM-IPPB-51-1924,ATM_KIOSK,18.53242,73.782877,Kothrud,411038,INACTIVE
ATM-BOI-52-1925,ATM_KIOSK,18.571903,73.881862,Viman Nagar,411014,ACTIVE
ATM-KOTAK-53-1926,ATM_KIOSK,18.577082,73.771069,Wakad,411057,ACTIVE
AEPS-YES-54-1927,AEPS_MICRO_ATM,18.542049,73.798397,Baner,411045,ACTIVE
ATM-CANARA-55-1928,ATM_KIOSK,18.539929,73.882575,Camp,411001,INACTIVE
ATM-UNION-56-1929,ATM_KIOSK,23.049216,72.533893,Navrangpura,380009,ACTIVE
ATM-BARODA-57-1930,ATM_KIOSK,23.040963,72.48157,SG Highway,380054,ACTIVE
AEPS-BOI-58-1931,AEPS_MICRO_ATM,22.982869,72.598444,Maninagar,380008,MAINTENANCE
ATM-FINO-59-1932,ATM_KIOSK,23.181214,72.6253,Gandhinagar Center,382010,ACTIVE
ATM-UNION-60-1933,ATM_KIOSK,23.001832,72.528365,Vastrapur,380015,ACTIVE
POS-HDFC-61-1934,POS,23.025351,72.536734,Satellite,380015,MAINTENANCE
ATM-FINO-62-1935,ATM_KIOSK,23.042062,72.530227,Prahlad Nagar,380015,INACTIVE
ATM-KOTAK-63-1936,ATM_KIOSK,26.878636,75.78315,MI Road Jaipur,302001,ACTIVE
ATM-IPPB-64-1937,ATM_KIOSK,26.830802,75.809552,Malviya Nagar Jaipur,302017,MAINTENANCE
ATM-PAYTM-65-1938,ATM_KIOSK,26.883654,75.766119,Vaishali Nagar,302021,INACTIVE
ATM-AXIS-66-1939,ATM_KIOSK,26.84878,75.789657,Mansarovar,302020,MAINTENANCE
POS-FINO-67-1940,POS,26.892184,75.831223,C-Scheme,302001,ACTIVE
AEPS-CANARA-68-1941,AEPS_MICRO_ATM,26.911294,75.827992,Raja Park,302004,MAINTENANCE
ATM-BARODA-69-1942,ATM_KIOSK,26.812106,80.942246,Hazratganj,226001,ACTIVE
AEPS-ICICI-70-1943,AEPS_MICRO_ATM,26.819204,80.99754,Gomti Nagar Lucknow,226010,ACTIVE
POS-BARODA-71-1944,POS,26.843128,80.896377,Alambagh,226005,ACTIVE
ATM-BARODA-72-1945,ATM_KIOSK,26.878055,80.954537,Indira Nagar,226016,MAINTENANCE
AEPS-KOTAK-73-1946,AEPS_MICRO_ATM,26.859382,80.940894,Mahanagar,226006,ACTIVE
POS-BARODA-74-1947,POS,26.821001,80.909728,Charbagh,226004,ACTIVE
ATM-HDFC-75-1948,ATM_KIOSK,9.976507,76.269657,Ernakulam Central,682011,ACTIVE
ATM-PAYTM-76-1949,ATM_KIOSK,10.024544,76.338159,Kakkanad InfoPark,682042,ACTIVE
ATM-YES-77-1950,ATM_KIOSK,9.953498,76.265239,Fort Kochi,682001,ACTIVE
POS-KOTAK-78-1951,POS,10.026531,76.282751,Edappally,682024,ACTIVE
ATM-CANARA-79-1952,ATM_KIOSK,9.966516,76.247325,Marine Drive,682031,ACTIVE
AEPS-KOTAK-80-1953,AEPS_MICRO_ATM,21.222842,72.839806,Ring Road Surat,395002,INACTIVE
ATM-YES-81-1954,ATM_KIOSK,21.216289,72.772682,Adajan,395009,INACTIVE
POS-HDFC-82-1955,POS,21.1324,72.768837,Vesu Surat,395007,ACTIVE
POS-SBI-83-1956,POS,21.218441,72.866744,Varachha,395006,INACTIVE
POS-IPPB-84-1957,POS,21.180422,72.806911,Piplod,395007,ACTIVE
POS-YES-85-1958,POS,30.718549,76.76034,Sector 17 Chandigarh,160017,MAINTENANCE
POS-PAYTM-86-1959,POS,30.673844,76.693793,Mohali Phase 7,160062,INACTIVE
AEPS-PAYTM-87-1960,AEPS_MICRO_ATM,30.716119,76.858098,Panchkula Sector 5,134109,ACTIVE
ATM-INDUSIND-88-1961,ATM_KIOSK,30.690149,76.821077,IT Park Chandigarh,160101,ACTIVE
POS-ICICI-89-1962,POS,22.76479,75.924315,Vijay Nagar,452010,ACTIVE
POS-KOTAK-90-1963,POS,22.744713,75.914854,Palasia,452001,ACTIVE
ATM-BARODA-91-1964,ATM_KIOSK,22.718349,75.849562,Rajwada,452002,ACTIVE
AEPS-YES-92-1965,AEPS_MICRO_ATM,22.715796,75.8953,AB Road,452008,ACTIVE
POS-IPPB-93-1966,POS,25.633857,85.113512,Boring Road,800001,MAINTENANCE
ATM-ICICI-94-1967,ATM_KIOSK,25.597077,85.114389,Bailey Road,800014,ACTIVE
ATM-HDFC-95-1968,ATM_KIOSK,25.625188,85.124085,Kankarbagh,800020,ACTIVE
ATM-YES-96-1969,ATM_KIOSK,25.627224,85.122651,Fraser Road,800001,MAINTENANCE
AEPS-AXIS-97-1970,AEPS_MICRO_ATM,23.2649,77.403894,MP Nagar,462011,INACTIVE
AEPS-PNB-98-1971,AEPS_MICRO_ATM,23.198381,77.416387,Arera Colony,462016,ACTIVE
AEPS-BARODA-99-1972,AEPS_MICRO_ATM,23.228197,77.38372,New Market,462003,ACTIVE
ATM-FINO-100-1973,ATM_KIOSK,23.176701,77.453536,Kolar Road,462042,ACTIVE
AEPS-SBI-101-1974,AEPS_MICRO_ATM,20.309098,85.873797,Saheed Nagar,751007,INACTIVE
POS-PNB-102-1975,POS,20.364122,85.825636,Patia Infocity,751024,ACTIVE
ATM-FINO-103-1976,ATM_KIOSK,20.258164,85.862258,Master Canteen,751001,ACTIVE
ATM-HDFC-104-1977,ATM_KIOSK,20.281978,85.834757,Jayadev Vihar,751013,MAINTENANCE
POS-PAYTM-105-1978,POS,11.048912,76.932823,Gandhipuram,641012,ACTIVE
AEPS-ICICI-106-1979,AEPS_MICRO_ATM,11.015952,76.976742,RS Puram,641002,MAINTENANCE
ATM-ICICI-107-1980,ATM_KIOSK,10.994031,76.994458,Peelamedu,641004,ACTIVE
ATM-IPPB-108-1981,ATM_KIOSK,10.973358,76.967901,Race Course,641018,ACTIVE
POS-CANARA-109-1982,POS,17.69882,83.327444,Dwaraka Nagar,530016,INACTIVE
ATM-HDFC-110-1983,ATM_KIOSK,17.728636,83.313157,Beach Road,530002,ACTIVE
POS-CANARA-111-1984,POS,17.751569,83.318155,MVP Colony,530017,ACTIVE
POS-AXIS-112-1985,POS,17.714703,83.192477,Gajuwaka,530026,ACTIVE
POS-PNB-113-1986,POS,26.178064,91.80489,GS Road,781005,ACTIVE
AEPS-FINO-114-1987,AEPS_MICRO_ATM,26.181547,91.74167,Paltan Bazaar,781008,MAINTENANCE
POS-KOTAK-115-1988,POS,26.138873,91.765749,Dispur,781006,INACTIVE
ATM-INDUSIND-116-1989,ATM_KIOSK,26.177178,91.722273,Fancy Bazaar,781001,MAINTENANCE
ATM-HDFC-00-1990,ATM_KIOSK,28.590475,77.236441,New Delhi Central,110001,ACTIVE
AEPS-PNB-01-1991,AEPS_MICRO_ATM,28.557659,77.17709,South Delhi,110016,ACTIVE
POS-PNB-02-1992,POS,28.522178,77.36201,Noida,201301,MAINTENANCE
ATM-BOI-03-1993,ATM_KIOSK,28.469685,77.034875,Gurugram,122001,ACTIVE
AEPS-SBI-04-1994,AEPS_MICRO_ATM,28.620906,77.029685,Dwarka,110075,ACTIVE
ATM-INDUSIND-05-1995,ATM_KIOSK,28.620878,77.163738,Karol Bagh,110005,ACTIVE
AEPS-BOI-06-1996,AEPS_MICRO_ATM,28.6662,77.465409,Ghaziabad,201001,ACTIVE
ATM-HDFC-07-1997,ATM_KIOSK,28.435475,77.331675,Faridabad,121001,INACTIVE
AEPS-PNB-08-1998,AEPS_MICRO_ATM,18.926852,72.869321,South Mumbai,400001,INACTIVE
ATM-IPPB-09-1999,ATM_KIOSK,19.094044,72.858788,Bandra BKC,400051,MAINTENANCE
ATM-IPPB-10-2000,ATM_KIOSK,19.109569,72.893061,Andheri,400053,ACTIVE
POS-KOTAK-11-2001,POS,19.0332,73.006001,Navi Mumbai,400703,ACTIVE
AEPS-BOI-12-2002,AEPS_MICRO_ATM,19.214042,73.008603,Thane,400601,MAINTENANCE
AEPS-INDUSIND-13-2003,AEPS_MICRO_ATM,19.260971,72.859054,Borivali,400091,ACTIVE
ATM-HDFC-14-2004,ATM_KIOSK,19.124607,72.903816,Powai,400076,ACTIVE
ATM-CANARA-15-2005,ATM_KIOSK,19.028315,72.851082,Dadar,400028,INACTIVE
AEPS-BOI-16-2006,AEPS_MICRO_ATM,13.00608,77.594853,Central BLR,560001,MAINTENANCE
POS-SBI-17-2007,POS,12.912419,77.59546,Koramangala,560034,ACTIVE
ATM-INDUSIND-18-2008,ATM_KIOSK,12.956839,77.769147,Whitefield,560066,INACTIVE
ATM-IPPB-19-2009,ATM_KIOSK,12.872999,77.693256,Electronic City,560100,ACTIVE
POS-HDFC-20-2010,POS,12.957124,77.642232,Indiranagar,560038,ACTIVE
ATM-UNION-21-2011,ATM_KIOSK,12.901834,77.661134,HSR Layout,560102,INACTIVE
ATM-AXIS-22-2012,ATM_KIOSK,12.971877,77.587218,Malleshwaram,560003,ACTIVE
POS-BOI-23-2013,POS,12.937232,77.645751,Bellandur,560103,ACTIVE
AEPS-CANARA-24-2014,AEPS_MICRO_ATM,17.450119,78.346084,Hitec City,500081,MAINTENANCE
AEPS-KOTAK-25-2015,AEPS_MICRO_ATM,17.432399,78.412608,Banjara Hills,500034,ACTIVE
AEPS-PNB-26-2016,AEPS_MICRO_ATM,17.432603,78.527784,Secunderabad,500003,INACTIVE
AEPS-PAYTM-27-2017,AEPS_MICRO_ATM,17.364487,78.504078,Old City Hyderabad,500002,MAINTENANCE
POS-UNION-28-2018,POS,17.42979,78.369593,Gachibowli,500032,ACTIVE
POS-AXIS-29-2019,POS,17.481473,78.426462,Kukatpally,500072,MAINTENANCE
POS-PNB-30-2020,POS,17.468256,78.411018,Madhapur,500081,ACTIVE
POS-SBI-31-2021,POS,17.460949,78.419855,Jubilee Hills,500033,ACTIVE
POS-ICICI-32-2022,POS,13.06988,80.255322,Anna Salai,600002,MAINTENANCE
ATM-YES-33-2023,ATM_KIOSK,12.961667,80.253611,OMR Taramani,600113,MAINTENANCE
ATM-CANARA-34-2024,ATM_KIOSK,13.03268,80.214196,T-Nagar,600017,ACTIVE
POS-SBI-35-2025,POS,13.022051,80.177986,Guindy,600032,INACTIVE
ATM-BOI-36-2026,ATM_KIOSK,12.990173,80.18611,Velachery,600042,MAINTENANCE
AEPS-INDUSIND-37-2027,AEPS_MICRO_ATM,12.986294,80.291408,Adyar,600020,ACTIVE
AEPS-IPPB-38-2028,AEPS_MICRO_ATM,13.109265,80.218391,Kilpauk,600010,ACTIVE
POS-HDFC-39-2029,POS,12.948165,80.101231,Tambaram,600045,MAINTENANCE
AEPS-HDFC-40-2030,AEPS_MICRO_ATM,22.56073,88.358405,Park Street,700016,MAINTENANCE
AEPS-PAYTM-41-2031,AEPS_MICRO_ATM,22.60985,88.423765,Salt Lake Sector V,700091,MAINTENANCE
POS-PNB-42-2032,POS,22.594125,88.502403,New Town Kolkata,700156,ACTIVE
AEPS-AXIS-43-2033,AEPS_MICRO_ATM,22.628603,88.237078,Howrah,711101,INACTIVE
ATM-ICICI-44-2034,ATM_KIOSK,22.494925,88.340114,Ballygunge,700019,ACTIVE
POS-UNION-45-2035,POS,22.513216,88.355982,Alipore,700027,ACTIVE
AEPS-FINO-46-2036,AEPS_MICRO_ATM,22.524217,88.350005,Gariahat,700029,MAINTENANCE
POS-CANARA-47-2037,POS,22.646743,88.426324,Dum Dum,700028,ACTIVE
POS-AXIS-48-2038,POS,18.541176,73.876276,Shivaji Nagar Pune,411005,ACTIVE
POS-CANARA-49-2039,POS,18.587395,73.743536,Hinjewadi IT Park,411057,ACTIVE
ATM-UNION-50-2040,ATM_KIOSK,18.480163,73.938243,Magarpatta Hadapsar,411028,ACTIVE
POS-KOTAK-51-2041,POS,18.472945,73.80804,Kothrud,411038,INACTIVE
AEPS-ICICI-52-2042,AEPS_MICRO_ATM,18.582792,73.882776,Viman Nagar,411014,MAINTENANCE
AEPS-PAYTM-53-2043,AEPS_MICRO_ATM,18.583573,73.765811,Wakad,411057,INACTIVE
POS-BOI-54-2044,POS,18.563841,73.755495,Baner,411045,ACTIVE
AEPS-INDUSIND-55-2045,AEPS_MICRO_ATM,18.489827,73.901833,Camp,411001,ACTIVE
AEPS-IPPB-56-2046,AEPS_MICRO_ATM,23.049744,72.586172,Navrangpura,380009,ACTIVE
AEPS-FINO-57-2047,AEPS_MICRO_ATM,23.03695,72.515161,SG Highway,380054,ACTIVE
ATM-IPPB-58-2048,ATM_KIOSK,23.023128,72.583723,Maninagar,380008,ACTIVE
AEPS-AXIS-59-2049,AEPS_MICRO_ATM,23.205954,72.641421,Gandhinagar Center,382010,MAINTENANCE
AEPS-SBI-60-2050,AEPS_MICRO_ATM,23.006707,72.544082,Vastrapur,380015,ACTIVE
POS-FINO-61-2051,POS,23.048302,72.530155,Satellite,380015,MAINTENANCE
AEPS-IPPB-62-2052,AEPS_MICRO_ATM,23.009096,72.497459,Prahlad Nagar,380015,MAINTENANCE
ATM-BOI-63-2053,ATM_KIOSK,26.937501,75.782529,MI Road Jaipur,302001,ACTIVE
AEPS-UNION-64-2054,AEPS_MICRO_ATM,26.832904,75.839885,Malviya Nagar Jaipur,302017,ACTIVE
ATM-IPPB-65-2055,ATM_KIOSK,26.94922,75.766793,Vaishali Nagar,302021,ACTIVE
AEPS-YES-66-2056,AEPS_MICRO_ATM,26.88258,75.790441,Mansarovar,302020,INACTIVE
ATM-CANARA-67-2057,ATM_KIOSK,26.878491,75.782845,C-Scheme,302001,ACTIVE
POS-ICICI-68-2058,POS,26.904414,75.797798,Raja Park,302004,MAINTENANCE
POS-CANARA-69-2059,POS,26.842002,80.968393,Hazratganj,226001,MAINTENANCE
AEPS-YES-70-2060,AEPS_MICRO_ATM,26.842774,80.972233,Gomti Nagar Lucknow,226010,ACTIVE
AEPS-PAYTM-71-2061,AEPS_MICRO_ATM,26.782094,80.886641,Alambagh,226005,ACTIVE
ATM-AXIS-72-2062,ATM_KIOSK,26.886012,81.015206,Indira Nagar,226016,ACTIVE
ATM-HDFC-73-2063,ATM_KIOSK,26.858345,80.921661,Mahanagar,226006,INACTIVE
AEPS-KOTAK-74-2064,AEPS_MICRO_ATM,26.797016,80.919356,Charbagh,226004,INACTIVE
AEPS-BOI-75-2065,AEPS_MICRO_ATM,9.992993,76.317849,Ernakulam Central,682011,ACTIVE
POS-SBI-76-2066,POS,10.032575,76.384841,Kakkanad InfoPark,682042,MAINTENANCE
POS-PAYTM-77-2067,POS,9.974495,76.269574,Fort Kochi,682001,ACTIVE
ATM-PAYTM-78-2068,ATM_KIOSK,10.045893,76.290058,Edappally,682024,ACTIVE
AEPS-FINO-79-2069,AEPS_MICRO_ATM,9.966779,76.293301,Marine Drive,682031,INACTIVE
POS-SBI-80-2070,POS,21.16445,72.846542,Ring Road Surat,395002,ACTIVE
POS-BARODA-81-2071,POS,21.195832,72.796063,Adajan,395009,ACTIVE
AEPS-IPPB-82-2072,AEPS_MICRO_ATM,21.143185,72.777902,Vesu Surat,395007,ACTIVE
ATM-PNB-83-2073,ATM_KIOSK,21.223202,72.870892,Varachha,395006,ACTIVE
AEPS-SBI-84-2074,AEPS_MICRO_ATM,21.195185,72.77912,Piplod,395007,MAINTENANCE
ATM-FINO-85-2075,ATM_KIOSK,30.764674,76.780096,Sector 17 Chandigarh,160017,ACTIVE
ATM-PNB-86-2076,ATM_KIOSK,30.694173,76.725881,Mohali Phase 7,160062,ACTIVE
POS-BOI-87-2077,POS,30.683661,76.852812,Panchkula Sector 5,134109,ACTIVE
ATM-KOTAK-88-2078,ATM_KIOSK,30.723962,76.816482,IT Park Chandigarh,160101,ACTIVE
AEPS-IPPB-89-2079,AEPS_MICRO_ATM,22.775335,75.860042,Vijay Nagar,452010,INACTIVE
POS-SBI-90-2080,POS,22.756208,75.903907,Palasia,452001,ACTIVE
POS-INDUSIND-91-2081,POS,22.689157,75.840801,Rajwada,452002,ACTIVE
ATM-INDUSIND-92-2082,ATM_KIOSK,22.72484,75.868906,AB Road,452008,INACTIVE
POS-IPPB-93-2083,POS,25.611168,85.083435,Boring Road,800001,MAINTENANCE
POS-KOTAK-94-2084,POS,25.63238,85.121726,Bailey Road,800014,ACTIVE
AEPS-SBI-95-2085,AEPS_MICRO_ATM,25.564406,85.153494,Kankarbagh,800020,MAINTENANCE
AEPS-YES-96-2086,AEPS_MICRO_ATM,25.613793,85.121921,Fraser Road,800001,ACTIVE
ATM-BOI-97-2087,ATM_KIOSK,23.212113,77.431005,MP Nagar,462011,ACTIVE
AEPS-KOTAK-98-2088,AEPS_MICRO_ATM,23.20212,77.438818,Arera Colony,462016,INACTIVE
POS-SBI-99-2089,POS,23.250968,77.368403,New Market,462003,ACTIVE
POS-HDFC-100-2090,POS,23.162108,77.440796,Kolar Road,462042,MAINTENANCE
POS-YES-101-2091,POS,20.274822,85.878854,Saheed Nagar,751007,MAINTENANCE
POS-AXIS-102-2092,POS,20.368773,85.79554,Patia Infocity,751024,ACTIVE
ATM-IPPB-103-2093,ATM_KIOSK,20.282846,85.813134,Master Canteen,751001,MAINTENANCE
AEPS-YES-104-2094,AEPS_MICRO_ATM,20.320469,85.82561,Jayadev Vihar,751013,ACTIVE
ATM-ICICI-105-2095,ATM_KIOSK,11.004842,76.941748,Gandhipuram,641012,ACTIVE
ATM-YES-106-2096,ATM_KIOSK,11.028797,76.961882,RS Puram,641002,ACTIVE
POS-PAYTM-107-2097,POS,11.041042,76.988352,Peelamedu,641004,INACTIVE
ATM-KOTAK-108-2098,ATM_KIOSK,10.993324,76.943819,Race Course,641018,ACTIVE
AEPS-UNION-109-2099,AEPS_MICRO_ATM,17.726123,83.289409,Dwaraka Nagar,530016,ACTIVE
ATM-FINO-110-2100,ATM_KIOSK,17.716466,83.34049,Beach Road,530002,ACTIVE
AEPS-INDUSIND-111-2101,AEPS_MICRO_ATM,17.751723,83.332888,MVP Colony,530017,ACTIVE
POS-BOI-112-2102,POS,17.670103,83.248122,Gajuwaka,530026,ACTIVE
POS-FINO-113-2103,POS,26.12244,91.750023,GS Road,781005,MAINTENANCE
POS-INDUSIND-114-2104,POS,26.211617,91.773743,Paltan Bazaar,781008,INACTIVE
AEPS-YES-115-2105,AEPS_MICRO_ATM,26.111149,91.798736,Dispur,781006,ACTIVE
POS-AXIS-116-2106,POS,26.1937,91.771226,Fancy Bazaar,781001,ACTIVE
AEPS-BARODA-00-2107,AEPS_MICRO_ATM,28.595498,77.233478,New Delhi Central,110001,MAINTENANCE
ATM-YES-01-2108,ATM_KIOSK,28.554722,77.227313,South Delhi,110016,MAINTENANCE
POS-PNB-02-2109,POS,28.554467,77.38479,Noida,201301,MAINTENANCE
AEPS-IPPB-03-2110,AEPS_MICRO_ATM,28.484086,77.025745,Gurugram,122001,ACTIVE
ATM-BARODA-04-2111,ATM_KIOSK,28.625831,77.049391,Dwarka,110075,INACTIVE
ATM-FINO-05-2112,ATM_KIOSK,28.619817,77.224963,Karol Bagh,110005,ACTIVE
POS-PNB-06-2113,POS,28.675409,77.484547,Ghaziabad,201001,ACTIVE
AEPS-ICICI-07-2114,AEPS_MICRO_ATM,28.404148,77.314228,Faridabad,121001,ACTIVE
AEPS-KOTAK-08-2115,AEPS_MICRO_ATM,18.96639,72.813185,South Mumbai,400001,ACTIVE
AEPS-BARODA-09-2116,AEPS_MICRO_ATM,19.0359,72.811462,Bandra BKC,400051,ACTIVE
ATM-BOI-10-2117,ATM_KIOSK,19.081575,72.903643,Andheri,400053,ACTIVE
POS-ICICI-11-2118,POS,19.005463,73.012625,Navi Mumbai,400703,MAINTENANCE
ATM-SBI-12-2119,ATM_KIOSK,19.22051,72.986342,Thane,400601,ACTIVE
ATM-CANARA-13-2120,ATM_KIOSK,19.265522,72.843042,Borivali,400091,ACTIVE
AEPS-PNB-14-2121,AEPS_MICRO_ATM,19.092363,72.913456,Powai,400076,ACTIVE
POS-UNION-15-2122,POS,19.018461,72.835451,Dadar,400028,ACTIVE
AEPS-FINO-16-2123,AEPS_MICRO_ATM,12.97477,77.561971,Central BLR,560001,INACTIVE
POS-AXIS-17-2124,POS,12.938721,77.6425,Koramangala,560034,MAINTENANCE
ATM-FINO-18-2125,ATM_KIOSK,12.986105,77.774888,Whitefield,560066,ACTIVE
ATM-BARODA-19-2126,ATM_KIOSK,12.849621,77.703422,Electronic City,560100,ACTIVE
AEPS-SBI-20-2127,AEPS_MICRO_ATM,13.012025,77.658958,Indiranagar,560038,ACTIVE
AEPS-PAYTM-21-2128,AEPS_MICRO_ATM,12.886142,77.615175,HSR Layout,560102,ACTIVE
ATM-HDFC-22-2129,ATM_KIOSK,12.970727,77.574947,Malleshwaram,560003,ACTIVE
ATM-HDFC-23-2130,ATM_KIOSK,12.948006,77.695792,Bellandur,560103,ACTIVE
POS-PAYTM-24-2131,POS,17.477436,78.403158,Hitec City,500081,ACTIVE
POS-IPPB-25-2132,POS,17.390159,78.410065,Banjara Hills,500034,MAINTENANCE
POS-AXIS-26-2133,POS,17.410039,78.527068,Secunderabad,500003,ACTIVE
ATM-AXIS-27-2134,ATM_KIOSK,17.382997,78.461415,Old City Hyderabad,500002,ACTIVE
POS-YES-28-2135,POS,17.453249,78.324801,Gachibowli,500032,ACTIVE
POS-INDUSIND-29-2136,POS,17.513267,78.418791,Kukatpally,500072,ACTIVE
POS-PAYTM-30-2137,POS,17.414063,78.377952,Madhapur,500081,ACTIVE
AEPS-BARODA-31-2138,AEPS_MICRO_ATM,17.432911,78.422069,Jubilee Hills,500033,ACTIVE
ATM-YES-32-2139,ATM_KIOSK,13.107176,80.28684,Anna Salai,600002,ACTIVE
AEPS-YES-33-2140,AEPS_MICRO_ATM,12.951878,80.233036,OMR Taramani,600113,ACTIVE
POS-IPPB-34-2141,POS,13.008976,80.202724,T-Nagar,600017,INACTIVE
AEPS-PNB-35-2142,AEPS_MICRO_ATM,13.001076,80.203088,Guindy,600032,ACTIVE
POS-ICICI-36-2143,POS,13.006331,80.202983,Velachery,600042,ACTIVE
POS-CANARA-37-2144,POS,12.969381,80.284544,Adyar,600020,MAINTENANCE
ATM-AXIS-38-2145,ATM_KIOSK,13.054655,80.224191,Kilpauk,600010,ACTIVE
ATM-ICICI-39-2146,ATM_KIOSK,12.936783,80.088504,Tambaram,600045,ACTIVE
ATM-IPPB-40-2147,ATM_KIOSK,22.555771,88.362584,Park Street,700016,ACTIVE
ATM-PAYTM-41-2148,ATM_KIOSK,22.547301,88.42446,Salt Lake Sector V,700091,ACTIVE
AEPS-PAYTM-42-2149,AEPS_MICRO_ATM,22.627465,88.513372,New Town Kolkata,700156,ACTIVE
ATM-CANARA-43-2150,ATM_KIOSK,22.617148,88.231177,Howrah,711101,ACTIVE
ATM-FINO-44-2151,ATM_KIOSK,22.559636,88.334102,Ballygunge,700019,ACTIVE
AEPS-PAYTM-45-2152,AEPS_MICRO_ATM,22.502305,88.292783,Alipore,700027,ACTIVE
AEPS-KOTAK-46-2153,AEPS_MICRO_ATM,22.489253,88.36209,Gariahat,700029,INACTIVE
POS-UNION-47-2154,POS,22.649745,88.434671,Dum Dum,700028,ACTIVE
AEPS-INDUSIND-48-2155,AEPS_MICRO_ATM,18.554622,73.831021,Shivaji Nagar Pune,411005,INACTIVE
AEPS-UNION-49-2156,AEPS_MICRO_ATM,18.595245,73.727837,Hinjewadi IT Park,411057,ACTIVE
AEPS-PAYTM-50-2157,AEPS_MICRO_ATM,18.538875,73.947594,Magarpatta Hadapsar,411028,INACTIVE
POS-HDFC-51-2158,POS,18.504891,73.786013,Kothrud,411038,MAINTENANCE
POS-PAYTM-52-2159,POS,18.573116,73.917367,Viman Nagar,411014,MAINTENANCE
POS-IPPB-53-2160,POS,18.583686,73.794088,Wakad,411057,ACTIVE
ATM-PNB-54-2161,ATM_KIOSK,18.558563,73.753063,Baner,411045,ACTIVE
ATM-INDUSIND-55-2162,ATM_KIOSK,18.528688,73.852089,Camp,411001,ACTIVE
AEPS-BARODA-56-2163,AEPS_MICRO_ATM,23.027383,72.588276,Navrangpura,380009,ACTIVE
ATM-YES-57-2164,ATM_KIOSK,23.05661,72.498026,SG Highway,380054,ACTIVE
AEPS-BOI-58-2165,AEPS_MICRO_ATM,22.971069,72.576321,Maninagar,380008,ACTIVE
ATM-BOI-59-2166,ATM_KIOSK,23.191763,72.651903,Gandhinagar Center,382010,ACTIVE
ATM-HDFC-60-2167,ATM_KIOSK,23.057985,72.51224,Vastrapur,380015,ACTIVE
POS-KOTAK-61-2168,POS,23.013381,72.527583,Satellite,380015,MAINTENANCE
ATM-KOTAK-62-2169,ATM_KIOSK,23.026817,72.475352,Prahlad Nagar,380015,ACTIVE
ATM-PAYTM-63-2170,ATM_KIOSK,26.921628,75.787597,MI Road Jaipur,302001,ACTIVE
POS-SBI-64-2171,POS,26.825149,75.824537,Malviya Nagar Jaipur,302017,MAINTENANCE
ATM-AXIS-65-2172,ATM_KIOSK,26.897442,75.774844,Vaishali Nagar,302021,ACTIVE
POS-INDUSIND-66-2173,POS,26.892148,75.791708,Mansarovar,302020,INACTIVE
ATM-AXIS-67-2174,ATM_KIOSK,26.894268,75.788425,C-Scheme,302001,ACTIVE
AEPS-YES-68-2175,AEPS_MICRO_ATM,26.920406,75.839439,Raja Park,302004,ACTIVE
AEPS-SBI-69-2176,AEPS_MICRO_ATM,26.869188,80.962205,Hazratganj,226001,ACTIVE
ATM-AXIS-70-2177,ATM_KIOSK,26.877768,81.033213,Gomti Nagar Lucknow,226010,MAINTENANCE
POS-CANARA-71-2178,POS,26.802954,80.915059,Alambagh,226005,INACTIVE
POS-BOI-72-2179,POS,26.881366,80.952646,Indira Nagar,226016,ACTIVE
ATM-CANARA-73-2180,ATM_KIOSK,26.870974,80.930397,Mahanagar,226006,MAINTENANCE
ATM-BARODA-74-2181,ATM_KIOSK,26.804159,80.938441,Charbagh,226004,ACTIVE
AEPS-KOTAK-75-2182,AEPS_MICRO_ATM,9.963743,76.291083,Ernakulam Central,682011,ACTIVE
ATM-CANARA-76-2183,ATM_KIOSK,10.018602,76.33516,Kakkanad InfoPark,682042,ACTIVE
POS-IPPB-77-2184,POS,9.941211,76.259603,Fort Kochi,682001,MAINTENANCE
POS-FINO-78-2185,POS,9.990966,76.291087,Edappally,682024,INACTIVE
POS-INDUSIND-79-2186,POS,9.983833,76.296053,Marine Drive,682031,ACTIVE
POS-SBI-80-2187,POS,21.193783,72.852244,Ring Road Surat,395002,MAINTENANCE
AEPS-BARODA-81-2188,AEPS_MICRO_ATM,21.224281,72.789445,Adajan,395009,ACTIVE
AEPS-FINO-82-2189,AEPS_MICRO_ATM,21.146543,72.791549,Vesu Surat,395007,ACTIVE
AEPS-FINO-83-2190,AEPS_MICRO_ATM,21.233506,72.881611,Varachha,395006,ACTIVE
AEPS-KOTAK-84-2191,AEPS_MICRO_ATM,21.157268,72.788753,Piplod,395007,ACTIVE
POS-PNB-85-2192,POS,30.766545,76.763527,Sector 17 Chandigarh,160017,ACTIVE
ATM-CANARA-86-2193,ATM_KIOSK,30.696597,76.741183,Mohali Phase 7,160062,INACTIVE
ATM-IPPB-87-2194,ATM_KIOSK,30.708963,76.880932,Panchkula Sector 5,134109,ACTIVE
POS-INDUSIND-88-2195,POS,30.71408,76.87665,IT Park Chandigarh,160101,ACTIVE
AEPS-BOI-89-2196,AEPS_MICRO_ATM,22.758973,75.879916,Vijay Nagar,452010,INACTIVE
ATM-SBI-90-2197,ATM_KIOSK,22.740854,75.911148,Palasia,452001,INACTIVE
POS-BARODA-91-2198,POS,22.687693,75.887456,Rajwada,452002,INACTIVE
ATM-CANARA-92-2199,ATM_KIOSK,22.73442,75.911559,AB Road,452008,ACTIVE
ATM-FINO-93-2200,ATM_KIOSK,25.605808,85.118761,Boring Road,800001,MAINTENANCE
ATM-ICICI-94-2201,ATM_KIOSK,25.632619,85.089394,Bailey Road,800014,ACTIVE
ATM-IPPB-95-2202,ATM_KIOSK,25.624975,85.155021,Kankarbagh,800020,ACTIVE
POS-PNB-96-2203,POS,25.636975,85.155586,Fraser Road,800001,ACTIVE
POS-INDUSIND-97-2204,POS,23.249953,77.441966,MP Nagar,462011,ACTIVE
AEPS-CANARA-98-2205,AEPS_MICRO_ATM,23.20948,77.454899,Arera Colony,462016,ACTIVE
ATM-KOTAK-99-2206,ATM_KIOSK,23.216045,77.383585,New Market,462003,ACTIVE
ATM-ICICI-100-2207,ATM_KIOSK,23.160609,77.424949,Kolar Road,462042,ACTIVE
POS-BARODA-101-2208,POS,20.256668,85.853118,Saheed Nagar,751007,ACTIVE
AEPS-UNION-102-2209,AEPS_MICRO_ATM,20.383183,85.848578,Patia Infocity,751024,INACTIVE
ATM-BARODA-103-2210,ATM_KIOSK,20.242918,85.85182,Master Canteen,751001,ACTIVE
POS-BOI-104-2211,POS,20.288737,85.818634,Jayadev Vihar,751013,INACTIVE
ATM-IPPB-105-2212,ATM_KIOSK,10.995843,76.984503,Gandhipuram,641012,ACTIVE
POS-ICICI-106-2213,POS,10.976074,76.96668,RS Puram,641002,ACTIVE
POS-BOI-107-2214,POS,11.061989,76.977494,Peelamedu,641004,ACTIVE
ATM-KOTAK-108-2215,ATM_KIOSK,11.008159,76.954787,Race Course,641018,ACTIVE
POS-PAYTM-109-2216,POS,17.699863,83.320588,Dwaraka Nagar,530016,ACTIVE
ATM-FINO-110-2217,ATM_KIOSK,17.705005,83.295703,Beach Road,530002,ACTIVE
ATM-UNION-111-2218,ATM_KIOSK,17.721716,83.358951,MVP Colony,530017,MAINTENANCE
POS-AXIS-112-2219,POS,17.69771,83.228097,Gajuwaka,530026,ACTIVE
AEPS-HDFC-113-2220,AEPS_MICRO_ATM,26.133679,91.789668,GS Road,781005,ACTIVE
POS-BOI-114-2221,POS,26.165951,91.745212,Paltan Bazaar,781008,MAINTENANCE
ATM-PAYTM-115-2222,ATM_KIOSK,26.141485,91.763164,Dispur,781006,ACTIVE
POS-BARODA-116-2223,POS,26.217103,91.775416,Fancy Bazaar,781001,MAINTENANCE
ATM-KOTAK-00-2224,ATM_KIOSK,28.619253,77.222819,New Delhi Central,110001,INACTIVE
POS-FINO-01-2225,POS,28.515534,77.228579,South Delhi,110016,MAINTENANCE
AEPS-KOTAK-02-2226,AEPS_MICRO_ATM,28.510004,77.400483,Noida,201301,ACTIVE
ATM-INDUSIND-03-2227,ATM_KIOSK,28.451878,76.994034,Gurugram,122001,ACTIVE
POS-PNB-04-2228,POS,28.585843,77.070956,Dwarka,110075,MAINTENANCE
AEPS-AXIS-05-2229,AEPS_MICRO_ATM,28.644328,77.171275,Karol Bagh,110005,ACTIVE
AEPS-ICICI-06-2230,AEPS_MICRO_ATM,28.677233,77.437215,Ghaziabad,201001,ACTIVE
AEPS-PAYTM-07-2231,AEPS_MICRO_ATM,28.391815,77.283082,Faridabad,121001,ACTIVE
AEPS-BARODA-08-2232,AEPS_MICRO_ATM,18.960649,72.852548,South Mumbai,400001,ACTIVE
POS-PNB-09-2233,POS,19.091207,72.800949,Bandra BKC,400051,ACTIVE
ATM-BARODA-10-2234,ATM_KIOSK,19.140269,72.875921,Andheri,400053,ACTIVE
AEPS-CANARA-11-2235,AEPS_MICRO_ATM,19.059287,73.056351,Navi Mumbai,400703,INACTIVE
AEPS-BOI-12-2236,AEPS_MICRO_ATM,19.191967,72.993188,Thane,400601,ACTIVE
ATM-BARODA-13-2237,ATM_KIOSK,19.238875,72.843322,Borivali,400091,ACTIVE
ATM-KOTAK-14-2238,ATM_KIOSK,19.122092,72.906506,Powai,400076,ACTIVE
ATM-SBI-15-2239,ATM_KIOSK,19.01705,72.882382,Dadar,400028,ACTIVE
ATM-IPPB-16-2240,ATM_KIOSK,12.966736,77.602893,Central BLR,560001,MAINTENANCE
ATM-INDUSIND-17-2241,ATM_KIOSK,12.951536,77.644862,Koramangala,560034,ACTIVE
POS-CANARA-18-2242,POS,12.961303,77.743608,Whitefield,560066,ACTIVE
ATM-BARODA-19-2243,ATM_KIOSK,12.810601,77.653864,Electronic City,560100,ACTIVE
ATM-HDFC-20-2244,ATM_KIOSK,12.969903,77.641699,Indiranagar,560038,MAINTENANCE
ATM-SBI-21-2245,ATM_KIOSK,12.915381,77.67665,HSR Layout,560102,ACTIVE
AEPS-PNB-22-2246,AEPS_MICRO_ATM,12.990102,77.559852,Malleshwaram,560003,ACTIVE
AEPS-UNION-23-2247,AEPS_MICRO_ATM,12.949898,77.678938,Bellandur,560103,MAINTENANCE
ATM-ICICI-24-2248,ATM_KIOSK,17.420528,78.370308,Hitec City,500081,INACTIVE
ATM-HDFC-25-2249,ATM_KIOSK,17.424155,78.438153,Banjara Hills,500034,ACTIVE
AEPS-INDUSIND-26-2250,AEPS_MICRO_ATM,17.407231,78.507957,Secunderabad,500003,ACTIVE
ATM-IPPB-27-2251,ATM_KIOSK,17.364762,78.462654,Old City Hyderabad,500002,MAINTENANCE
AEPS-YES-28-2252,AEPS_MICRO_ATM,17.413412,78.380927,Gachibowli,500032,ACTIVE
AEPS-CANARA-29-2253,AEPS_MICRO_ATM,17.516256,78.438657,Kukatpally,500072,ACTIVE
AEPS-BARODA-30-2254,AEPS_MICRO_ATM,17.439444,78.380523,Madhapur,500081,ACTIVE
AEPS-BOI-31-2255,AEPS_MICRO_ATM,17.41357,78.439465,Jubilee Hills,500033,ACTIVE
ATM-IPPB-32-2256,ATM_KIOSK,13.11697,80.25355,Anna Salai,600002,MAINTENANCE
AEPS-KOTAK-33-2257,AEPS_MICRO_ATM,12.99255,80.237228,OMR Taramani,600113,ACTIVE
AEPS-HDFC-34-2258,AEPS_MICRO_ATM,13.027806,80.251024,T-Nagar,600017,ACTIVE
AEPS-PNB-35-2259,AEPS_MICRO_ATM,13.017904,80.232766,Guindy,600032,ACTIVE
ATM-HDFC-36-2260,ATM_KIOSK,12.953826,80.214223,Velachery,600042,ACTIVE
AEPS-SBI-37-2261,AEPS_MICRO_ATM,12.983808,80.222635,Adyar,600020,ACTIVE
ATM-PAYTM-38-2262,ATM_KIOSK,13.067832,80.209668,Kilpauk,600010,INACTIVE
ATM-KOTAK-39-2263,ATM_KIOSK,12.899179,80.087055,Tambaram,600045,ACTIVE
POS-INDUSIND-40-2264,POS,22.554105,88.321807,Park Street,700016,ACTIVE
AEPS-KOTAK-41-2265,AEPS_MICRO_ATM,22.57625,88.421398,Salt Lake Sector V,700091,ACTIVE
POS-KOTAK-42-2266,POS,22.612945,88.500967,New Town Kolkata,700156,INACTIVE
ATM-KOTAK-43-2267,ATM_KIOSK,22.586435,88.289325,Howrah,711101,ACTIVE
ATM-KOTAK-44-2268,ATM_KIOSK,22.515321,88.354434,Ballygunge,700019,ACTIVE
POS-UNION-45-2269,POS,22.537239,88.317338,Alipore,700027,ACTIVE
AEPS-IPPB-46-2270,AEPS_MICRO_ATM,22.499827,88.387687,Gariahat,700029,INACTIVE
AEPS-UNION-47-2271,AEPS_MICRO_ATM,22.622911,88.460249,Dum Dum,700028,ACTIVE
ATM-BOI-48-2272,ATM_KIOSK,18.499683,73.825875,Shivaji Nagar Pune,411005,ACTIVE
AEPS-PAYTM-49-2273,AEPS_MICRO_ATM,18.623229,73.739489,Hinjewadi IT Park,411057,ACTIVE
POS-SBI-50-2274,POS,18.493261,73.960681,Magarpatta Hadapsar,411028,ACTIVE
ATM-PAYTM-51-2275,ATM_KIOSK,18.488712,73.822791,Kothrud,411038,MAINTENANCE
POS-KOTAK-52-2276,POS,18.599778,73.91802,Viman Nagar,411014,MAINTENANCE
ATM-SBI-53-2277,ATM_KIOSK,18.633477,73.765314,Wakad,411057,ACTIVE
AEPS-PNB-54-2278,AEPS_MICRO_ATM,18.562419,73.792519,Baner,411045,ACTIVE
ATM-BOI-55-2279,ATM_KIOSK,18.488586,73.850907,Camp,411001,MAINTENANCE
ATM-FINO-56-2280,ATM_KIOSK,23.041722,72.570226,Navrangpura,380009,ACTIVE
AEPS-INDUSIND-57-2281,AEPS_MICRO_ATM,23.070671,72.520945,SG Highway,380054,INACTIVE
AEPS-IPPB-58-2282,AEPS_MICRO_ATM,22.974271,72.601955,Maninagar,380008,ACTIVE
POS-BARODA-59-2283,POS,23.206289,72.610167,Gandhinagar Center,382010,ACTIVE
POS-AXIS-60-2284,POS,23.034342,72.506219,Vastrapur,380015,ACTIVE
AEPS-CANARA-61-2285,AEPS_MICRO_ATM,23.046454,72.547685,Satellite,380015,MAINTENANCE
ATM-PNB-62-2286,ATM_KIOSK,23.032409,72.502959,Prahlad Nagar,380015,INACTIVE
AEPS-YES-63-2287,AEPS_MICRO_ATM,26.881868,75.768515,MI Road Jaipur,302001,ACTIVE
AEPS-YES-64-2288,AEPS_MICRO_ATM,26.822266,75.830604,Malviya Nagar Jaipur,302017,ACTIVE
POS-AXIS-65-2289,POS,26.932169,75.736274,Vaishali Nagar,302021,MAINTENANCE
POS-YES-66-2290,POS,26.859004,75.74848,Mansarovar,302020,ACTIVE
POS-YES-67-2291,POS,26.940154,75.811984,C-Scheme,302001,MAINTENANCE
ATM-UNION-68-2292,ATM_KIOSK,26.899396,75.807047,Raja Park,302004,MAINTENANCE
AEPS-PAYTM-69-2293,AEPS_MICRO_ATM,26.879001,80.975818,Hazratganj,226001,ACTIVE
POS-UNION-70-2294,POS,26.861797,81.017988,Gomti Nagar Lucknow,226010,ACTIVE
ATM-SBI-71-2295,ATM_KIOSK,26.83542,80.920324,Alambagh,226005,INACTIVE
POS-INDUSIND-72-2296,POS,26.869919,80.974562,Indira Nagar,226016,INACTIVE
AEPS-PNB-73-2297,AEPS_MICRO_ATM,26.839325,80.934116,Mahanagar,226006,INACTIVE
AEPS-BOI-74-2298,AEPS_MICRO_ATM,26.836579,80.907565,Charbagh,226004,INACTIVE
AEPS-YES-75-2299,AEPS_MICRO_ATM,9.970874,76.268998,Ernakulam Central,682011,ACTIVE
AEPS-ICICI-76-2300,AEPS_MICRO_ATM,10.015091,76.361484,Kakkanad InfoPark,682042,ACTIVE
POS-UNION-77-2301,POS,9.974569,76.23436,Fort Kochi,682001,ACTIVE
POS-SBI-78-2302,POS,10.010374,76.329844,Edappally,682024,ACTIVE
POS-PNB-79-2303,POS,9.985959,76.254758,Marine Drive,682031,ACTIVE
POS-YES-80-2304,POS,21.195359,72.838662,Ring Road Surat,395002,ACTIVE
POS-IPPB-81-2305,POS,21.187862,72.773423,Adajan,395009,INACTIVE
ATM-INDUSIND-82-2306,ATM_KIOSK,21.133415,72.794901,Vesu Surat,395007,ACTIVE
ATM-INDUSIND-83-2307,ATM_KIOSK,21.251239,72.852729,Varachha,395006,ACTIVE
AEPS-HDFC-84-2308,AEPS_MICRO_ATM,21.18562,72.797151,Piplod,395007,MAINTENANCE
POS-UNION-85-2309,POS,30.753865,76.817224,Sector 17 Chandigarh,160017,INACTIVE
AEPS-PAYTM-86-2310,AEPS_MICRO_ATM,30.710503,76.704678,Mohali Phase 7,160062,ACTIVE
AEPS-AXIS-87-2311,AEPS_MICRO_ATM,30.690224,76.827613,Panchkula Sector 5,134109,ACTIVE
POS-KOTAK-88-2312,POS,30.753998,76.818512,IT Park Chandigarh,160101,MAINTENANCE
POS-HDFC-89-2313,POS,22.753305,75.889756,Vijay Nagar,452010,ACTIVE
POS-KOTAK-90-2314,POS,22.733829,75.879878,Palasia,452001,INACTIVE
AEPS-KOTAK-91-2315,AEPS_MICRO_ATM,22.68643,75.839688,Rajwada,452002,ACTIVE
ATM-IPPB-92-2316,ATM_KIOSK,22.743997,75.889986,AB Road,452008,ACTIVE
POS-ICICI-93-2317,POS,25.630751,85.083126,Boring Road,800001,MAINTENANCE
AEPS-ICICI-94-2318,AEPS_MICRO_ATM,25.608382,85.116122,Bailey Road,800014,ACTIVE
POS-CANARA-95-2319,POS,25.600156,85.164125,Kankarbagh,800020,INACTIVE
ATM-FINO-96-2320,ATM_KIOSK,25.640901,85.15591,Fraser Road,800001,ACTIVE
ATM-UNION-97-2321,ATM_KIOSK,23.259379,77.406289,MP Nagar,462011,ACTIVE
AEPS-BARODA-98-2322,AEPS_MICRO_ATM,23.185005,77.462256,Arera Colony,462016,ACTIVE
ATM-ICICI-99-2323,ATM_KIOSK,23.219123,77.383746,New Market,462003,ACTIVE
ATM-KOTAK-100-2324,ATM_KIOSK,23.200206,77.445201,Kolar Road,462042,MAINTENANCE
AEPS-PNB-101-2325,AEPS_MICRO_ATM,20.292299,85.812617,Saheed Nagar,751007,MAINTENANCE
AEPS-YES-102-2326,AEPS_MICRO_ATM,20.364537,85.791059,Patia Infocity,751024,ACTIVE
ATM-SBI-103-2327,ATM_KIOSK,20.277267,85.804524,Master Canteen,751001,MAINTENANCE
ATM-BOI-104-2328,ATM_KIOSK,20.327652,85.824223,Jayadev Vihar,751013,ACTIVE
AEPS-YES-105-2329,AEPS_MICRO_ATM,11.037151,76.977298,Gandhipuram,641012,MAINTENANCE
AEPS-UNION-106-2330,AEPS_MICRO_ATM,10.97667,76.931332,RS Puram,641002,ACTIVE
AEPS-IPPB-107-2331,AEPS_MICRO_ATM,11.030358,77.028402,Peelamedu,641004,MAINTENANCE
AEPS-BOI-108-2332,AEPS_MICRO_ATM,10.97573,77.001482,Race Course,641018,ACTIVE
AEPS-PNB-109-2333,AEPS_MICRO_ATM,17.760601,83.302103,Dwaraka Nagar,530016,ACTIVE
AEPS-SBI-110-2334,AEPS_MICRO_ATM,17.704648,83.304552,Beach Road,530002,INACTIVE
AEPS-IPPB-111-2335,AEPS_MICRO_ATM,17.727811,83.322463,MVP Colony,530017,ACTIVE
AEPS-PAYTM-112-2336,AEPS_MICRO_ATM,17.712866,83.197666,Gajuwaka,530026,MAINTENANCE
AEPS-HDFC-113-2337,AEPS_MICRO_ATM,26.171233,91.772963,GS Road,781005,ACTIVE
ATM-INDUSIND-114-2338,ATM_KIOSK,26.195682,91.784018,Paltan Bazaar,781008,MAINTENANCE
ATM-FINO-115-2339,ATM_KIOSK,26.11874,91.806437,Dispur,781006,ACTIVE
POS-FINO-116-2340,POS,26.223799,91.745497,Fancy Bazaar,781001,MAINTENANCE
ATM-BARODA-00-2341,ATM_KIOSK,28.607388,77.195563,New Delhi Central,110001,MAINTENANCE
POS-PNB-01-2342,POS,28.565889,77.196816,South Delhi,110016,ACTIVE
AEPS-AXIS-02-2343,AEPS_MICRO_ATM,28.538112,77.424431,Noida,201301,MAINTENANCE
AEPS-YES-03-2344,AEPS_MICRO_ATM,28.48881,77.034342,Gurugram,122001,ACTIVE
AEPS-CANARA-04-2345,AEPS_MICRO_ATM,28.611707,77.047553,Dwarka,110075,ACTIVE
AEPS-YES-05-2346,AEPS_MICRO_ATM,28.66753,77.161117,Karol Bagh,110005,ACTIVE
POS-BOI-06-2347,POS,28.658186,77.447782,Ghaziabad,201001,ACTIVE
ATM-IPPB-07-2348,ATM_KIOSK,28.4227,77.325224,Faridabad,121001,MAINTENANCE
ATM-INDUSIND-08-2349,ATM_KIOSK,18.943512,72.846498,South Mumbai,400001,INACTIVE
AEPS-PAYTM-09-2350,AEPS_MICRO_ATM,19.041705,72.835283,Bandra BKC,400051,MAINTENANCE
ATM-BOI-10-2351,ATM_KIOSK,19.118699,72.872202,Andheri,400053,ACTIVE
POS-PNB-11-2352,POS,19.04242,73.023598,Navi Mumbai,400703,MAINTENANCE
POS-SBI-12-2353,POS,19.221533,72.986703,Thane,400601,ACTIVE
ATM-AXIS-13-2354,ATM_KIOSK,19.229489,72.873499,Borivali,400091,ACTIVE
POS-YES-14-2355,POS,19.097199,72.876818,Powai,400076,ACTIVE
POS-PNB-15-2356,POS,19.014484,72.820854,Dadar,400028,MAINTENANCE
POS-ICICI-16-2357,POS,12.990278,77.628188,Central BLR,560001,ACTIVE
AEPS-CANARA-17-2358,AEPS_MICRO_ATM,12.931597,77.618639,Koramangala,560034,MAINTENANCE
POS-ICICI-18-2359,POS,12.967678,77.756359,Whitefield,560066,ACTIVE
AEPS-SBI-19-2360,AEPS_MICRO_ATM,12.80598,77.698851,Electronic City,560100,ACTIVE
ATM-BOI-20-2361,ATM_KIOSK,13.01031,77.653364,Indiranagar,560038,MAINTENANCE
AEPS-SBI-21-2362,AEPS_MICRO_ATM,12.91669,77.674049,HSR Layout,560102,ACTIVE
ATM-BARODA-22-2363,ATM_KIOSK,13.032103,77.586584,Malleshwaram,560003,MAINTENANCE
ATM-BOI-23-2364,ATM_KIOSK,12.925065,77.644379,Bellandur,560103,ACTIVE
AEPS-PNB-24-2365,AEPS_MICRO_ATM,17.475176,78.399511,Hitec City,500081,MAINTENANCE
POS-ICICI-25-2366,POS,17.40664,78.43405,Banjara Hills,500034,INACTIVE
AEPS-INDUSIND-26-2367,AEPS_MICRO_ATM,17.464324,78.522661,Secunderabad,500003,ACTIVE
POS-IPPB-27-2368,POS,17.335419,78.453418,Old City Hyderabad,500002,MAINTENANCE
ATM-HDFC-28-2369,ATM_KIOSK,17.468974,78.347047,Gachibowli,500032,ACTIVE
ATM-IPPB-29-2370,ATM_KIOSK,17.470097,78.389944,Kukatpally,500072,ACTIVE
POS-PNB-30-2371,POS,17.441837,78.373019,Madhapur,500081,ACTIVE
POS-YES-31-2372,POS,17.466661,78.414456,Jubilee Hills,500033,ACTIVE
POS-BOI-32-2373,POS,13.05999,80.269102,Anna Salai,600002,ACTIVE
AEPS-BOI-33-2374,AEPS_MICRO_ATM,12.975431,80.254258,OMR Taramani,600113,ACTIVE
POS-AXIS-34-2375,POS,13.023182,80.231513,T-Nagar,600017,ACTIVE
ATM-AXIS-35-2376,ATM_KIOSK,13.038267,80.233127,Guindy,600032,ACTIVE
AEPS-BARODA-36-2377,AEPS_MICRO_ATM,12.947082,80.251014,Velachery,600042,INACTIVE
ATM-AXIS-37-2378,ATM_KIOSK,12.982903,80.28756,Adyar,600020,ACTIVE
AEPS-PNB-38-2379,AEPS_MICRO_ATM,13.083412,80.252674,Kilpauk,600010,INACTIVE
AEPS-PNB-39-2380,AEPS_MICRO_ATM,12.921281,80.084412,Tambaram,600045,ACTIVE
AEPS-YES-40-2381,AEPS_MICRO_ATM,22.578027,88.381823,Park Street,700016,ACTIVE
ATM-INDUSIND-41-2382,ATM_KIOSK,22.568769,88.467577,Salt Lake Sector V,700091,MAINTENANCE
POS-PNB-42-2383,POS,22.621248,88.510847,New Town Kolkata,700156,ACTIVE
ATM-YES-43-2384,ATM_KIOSK,22.607732,88.290345,Howrah,711101,ACTIVE
POS-CANARA-44-2385,POS,22.561266,88.370879,Ballygunge,700019,ACTIVE
AEPS-INDUSIND-45-2386,AEPS_MICRO_ATM,22.522365,88.338644,Alipore,700027,ACTIVE
AEPS-KOTAK-46-2387,AEPS_MICRO_ATM,22.549679,88.350147,Gariahat,700029,ACTIVE
POS-HDFC-47-2388,POS,22.627902,88.440981,Dum Dum,700028,INACTIVE
AEPS-IPPB-48-2389,AEPS_MICRO_ATM,18.524277,73.843115,Shivaji Nagar Pune,411005,ACTIVE
AEPS-PNB-49-2390,AEPS_MICRO_ATM,18.604698,73.738144,Hinjewadi IT Park,411057,MAINTENANCE
ATM-YES-50-2391,ATM_KIOSK,18.517642,73.902537,Magarpatta Hadapsar,411028,ACTIVE
ATM-BARODA-51-2392,ATM_KIOSK,18.537461,73.788378,Kothrud,411038,INACTIVE
POS-KOTAK-52-2393,POS,18.587193,73.879333,Viman Nagar,411014,ACTIVE
ATM-CANARA-53-2394,ATM_KIOSK,18.588227,73.741162,Wakad,411057,ACTIVE
ATM-YES-54-2395,ATM_KIOSK,18.537926,73.814289,Baner,411045,INACTIVE
POS-UNION-55-2396,POS,18.542584,73.84505,Camp,411001,ACTIVE
POS-SBI-56-2397,POS,23.051896,72.588041,Navrangpura,380009,ACTIVE
AEPS-PAYTM-57-2398,AEPS_MICRO_ATM,23.037827,72.519546,SG Highway,380054,INACTIVE
POS-ICICI-58-2399,POS,23.003618,72.574868,Maninagar,380008,MAINTENANCE
ATM-FINO-59-2400,ATM_KIOSK,23.230232,72.633721,Gandhinagar Center,382010,ACTIVE
ATM-BARODA-60-2401,ATM_KIOSK,23.035319,72.499944,Vastrapur,380015,INACTIVE
POS-UNION-61-2402,POS,23.060108,72.488517,Satellite,380015,ACTIVE
AEPS-AXIS-62-2403,AEPS_MICRO_ATM,22.989553,72.504531,Prahlad Nagar,380015,ACTIVE
AEPS-IPPB-63-2404,AEPS_MICRO_ATM,26.922891,75.815977,MI Road Jaipur,302001,ACTIVE
ATM-UNION-64-2405,ATM_KIOSK,26.867723,75.80648,Malviya Nagar Jaipur,302017,ACTIVE
ATM-KOTAK-65-2406,ATM_KIOSK,26.945392,75.747957,Vaishali Nagar,302021,ACTIVE
AEPS-INDUSIND-66-2407,AEPS_MICRO_ATM,26.833686,75.764702,Mansarovar,302020,INACTIVE
POS-UNION-67-2408,POS,26.881798,75.797205,C-Scheme,302001,ACTIVE
POS-AXIS-68-2409,POS,26.877986,75.796268,Raja Park,302004,ACTIVE
ATM-FINO-69-2410,ATM_KIOSK,26.812127,80.942629,Hazratganj,226001,ACTIVE
AEPS-IPPB-70-2411,AEPS_MICRO_ATM,26.877802,80.973712,Gomti Nagar Lucknow,226010,ACTIVE
ATM-AXIS-71-2412,ATM_KIOSK,26.82089,80.907683,Alambagh,226005,ACTIVE
ATM-BOI-72-2413,ATM_KIOSK,26.917336,80.974236,Indira Nagar,226016,MAINTENANCE
POS-INDUSIND-73-2414,POS,26.83926,80.92143,Mahanagar,226006,ACTIVE
POS-CANARA-74-2415,POS,26.81068,80.902731,Charbagh,226004,ACTIVE
ATM-YES-75-2416,ATM_KIOSK,9.967594,76.266685,Ernakulam Central,682011,ACTIVE
ATM-PNB-76-2417,ATM_KIOSK,10.017025,76.335828,Kakkanad InfoPark,682042,MAINTENANCE
AEPS-SBI-77-2418,AEPS_MICRO_ATM,9.933556,76.213756,Fort Kochi,682001,INACTIVE
AEPS-BOI-78-2419,AEPS_MICRO_ATM,10.051252,76.304685,Edappally,682024,MAINTENANCE
AEPS-BARODA-79-2420,AEPS_MICRO_ATM,10.005173,76.296174,Marine Drive,682031,ACTIVE
AEPS-SBI-80-2421,AEPS_MICRO_ATM,21.181068,72.850768,Ring Road Surat,395002,MAINTENANCE
ATM-KOTAK-81-2422,ATM_KIOSK,21.170514,72.794777,Adajan,395009,ACTIVE
POS-BOI-82-2423,POS,21.113778,72.744773,Vesu Surat,395007,ACTIVE
POS-ICICI-83-2424,POS,21.226155,72.865334,Varachha,395006,MAINTENANCE
AEPS-HDFC-84-2425,AEPS_MICRO_ATM,21.179615,72.803993,Piplod,395007,ACTIVE
POS-FINO-85-2426,POS,30.725981,76.815017,Sector 17 Chandigarh,160017,ACTIVE
AEPS-ICICI-86-2427,AEPS_MICRO_ATM,30.673725,76.695581,Mohali Phase 7,160062,MAINTENANCE
POS-AXIS-87-2428,POS,30.693883,76.893069,Panchkula Sector 5,134109,INACTIVE
ATM-AXIS-88-2429,ATM_KIOSK,30.749583,76.827034,IT Park Chandigarh,160101,ACTIVE
ATM-IPPB-89-2430,ATM_KIOSK,22.775288,75.883411,Vijay Nagar,452010,INACTIVE
POS-SBI-90-2431,POS,22.759295,75.876396,Palasia,452001,INACTIVE
ATM-PAYTM-91-2432,ATM_KIOSK,22.744706,75.87987,Rajwada,452002,ACTIVE
POS-SBI-92-2433,POS,22.775792,75.891773,AB Road,452008,ACTIVE
POS-PNB-93-2434,POS,25.602329,85.115996,Boring Road,800001,MAINTENANCE
ATM-CANARA-94-2435,ATM_KIOSK,25.576467,85.103272,Bailey Road,800014,MAINTENANCE
POS-INDUSIND-95-2436,POS,25.628685,85.168108,Kankarbagh,800020,ACTIVE
AEPS-AXIS-96-2437,AEPS_MICRO_ATM,25.607278,85.114294,Fraser Road,800001,ACTIVE
AEPS-PAYTM-97-2438,AEPS_MICRO_ATM,23.263553,77.449945,MP Nagar,462011,ACTIVE
AEPS-FINO-98-2439,AEPS_MICRO_ATM,23.200431,77.417138,Arera Colony,462016,ACTIVE
AEPS-INDUSIND-99-2440,AEPS_MICRO_ATM,23.222796,77.435443,New Market,462003,MAINTENANCE
ATM-IPPB-100-2441,ATM_KIOSK,23.182383,77.391205,Kolar Road,462042,INACTIVE
ATM-UNION-101-2442,ATM_KIOSK,20.253593,85.812498,Saheed Nagar,751007,ACTIVE
POS-AXIS-102-2443,POS,20.321624,85.821091,Patia Infocity,751024,INACTIVE
POS-FINO-103-2444,POS,20.268509,85.807647,Master Canteen,751001,ACTIVE
AEPS-INDUSIND-104-2445,AEPS_MICRO_ATM,20.327551,85.79025,Jayadev Vihar,751013,ACTIVE
ATM-PNB-105-2446,ATM_KIOSK,10.994549,76.994141,Gandhipuram,641012,ACTIVE
ATM-FINO-106-2447,ATM_KIOSK,10.984488,76.952836,RS Puram,641002,ACTIVE
POS-PNB-107-2448,POS,11.018284,77.002576,Peelamedu,641004,ACTIVE
ATM-FINO-108-2449,ATM_KIOSK,11.008367,76.941335,Race Course,641018,ACTIVE
AEPS-SBI-109-2450,AEPS_MICRO_ATM,17.717578,83.331616,Dwaraka Nagar,530016,ACTIVE
ATM-PNB-110-2451,ATM_KIOSK,17.690005,83.328702,Beach Road,530002,ACTIVE
ATM-PAYTM-111-2452,ATM_KIOSK,17.776317,83.368893,MVP Colony,530017,ACTIVE
POS-CANARA-112-2453,POS,17.677413,83.189245,Gajuwaka,530026,ACTIVE
AEPS-KOTAK-113-2454,AEPS_MICRO_ATM,26.123139,91.783356,GS Road,781005,ACTIVE
AEPS-YES-114-2455,AEPS_MICRO_ATM,26.18601,91.755891,Paltan Bazaar,781008,ACTIVE
AEPS-ICICI-115-2456,AEPS_MICRO_ATM,26.121072,91.800448,Dispur,781006,ACTIVE
ATM-BARODA-116-2457,ATM_KIOSK,26.19526,91.736748,Fancy Bazaar,781001,MAINTENANCE
POS-SBI-00-2458,POS,28.597252,77.22965,New Delhi Central,110001,ACTIVE
POS-AXIS-01-2459,POS,28.579022,77.183342,South Delhi,110016,MAINTENANCE
POS-SBI-02-2460,POS,28.545935,77.393729,Noida,201301,ACTIVE
ATM-FINO-03-2461,ATM_KIOSK,28.430274,77.029962,Gurugram,122001,ACTIVE
ATM-ICICI-04-2462,ATM_KIOSK,28.589341,77.023793,Dwarka,110075,ACTIVE
AEPS-YES-05-2463,AEPS_MICRO_ATM,28.64794,77.178816,Karol Bagh,110005,ACTIVE
ATM-CANARA-06-2464,ATM_KIOSK,28.66051,77.437927,Ghaziabad,201001,ACTIVE
ATM-BOI-07-2465,ATM_KIOSK,28.378203,77.291468,Faridabad,121001,ACTIVE
POS-KOTAK-08-2466,POS,18.918476,72.817456,South Mumbai,400001,INACTIVE
AEPS-BOI-09-2467,AEPS_MICRO_ATM,19.059804,72.823752,Bandra BKC,400051,ACTIVE
AEPS-FINO-10-2468,AEPS_MICRO_ATM,19.123484,72.883721,Andheri,400053,ACTIVE
AEPS-KOTAK-11-2469,AEPS_MICRO_ATM,19.035645,73.036125,Navi Mumbai,400703,ACTIVE
POS-CANARA-12-2470,POS,19.246784,72.955392,Thane,400601,INACTIVE
ATM-PAYTM-13-2471,ATM_KIOSK,19.235044,72.822414,Borivali,400091,ACTIVE
AEPS-INDUSIND-14-2472,AEPS_MICRO_ATM,19.149447,72.936487,Powai,400076,ACTIVE
POS-UNION-15-2473,POS,19.047893,72.831666,Dadar,400028,ACTIVE
ATM-YES-16-2474,ATM_KIOSK,12.996649,77.616435,Central BLR,560001,MAINTENANCE
POS-UNION-17-2475,POS,12.922565,77.606817,Koramangala,560034,ACTIVE
POS-INDUSIND-18-2476,POS,12.964741,77.740244,Whitefield,560066,ACTIVE
POS-CANARA-19-2477,POS,12.814915,77.704675,Electronic City,560100,ACTIVE
ATM-PNB-20-2478,ATM_KIOSK,12.990793,77.669605,Indiranagar,560038,ACTIVE
ATM-FINO-21-2479,ATM_KIOSK,12.88479,77.632754,HSR Layout,560102,ACTIVE
ATM-PAYTM-22-2480,ATM_KIOSK,12.972508,77.565569,Malleshwaram,560003,ACTIVE
POS-INDUSIND-23-2481,POS,12.921719,77.677591,Bellandur,560103,ACTIVE
ATM-BARODA-24-2482,ATM_KIOSK,17.463822,78.390199,Hitec City,500081,ACTIVE
POS-YES-25-2483,POS,17.402007,78.467519,Banjara Hills,500034,ACTIVE
AEPS-IPPB-26-2484,AEPS_MICRO_ATM,17.451171,78.475897,Secunderabad,500003,MAINTENANCE
POS-UNION-27-2485,POS,17.346535,78.49479,Old City Hyderabad,500002,MAINTENANCE
ATM-YES-28-2486,ATM_KIOSK,17.434502,78.378957,Gachibowli,500032,MAINTENANCE
AEPS-UNION-29-2487,AEPS_MICRO_ATM,17.461302,78.436651,Kukatpally,500072,ACTIVE
ATM-PNB-30-2488,ATM_KIOSK,17.463385,78.360645,Madhapur,500081,ACTIVE
AEPS-KOTAK-31-2489,AEPS_MICRO_ATM,17.450617,78.417952,Jubilee Hills,500033,INACTIVE
ATM-HDFC-32-2490,ATM_KIOSK,13.081677,80.299516,Anna Salai,600002,INACTIVE
AEPS-PNB-33-2491,AEPS_MICRO_ATM,12.964935,80.253592,OMR Taramani,600113,ACTIVE
ATM-ICICI-34-2492,ATM_KIOSK,13.011071,80.248421,T-Nagar,600017,INACTIVE
AEPS-YES-35-2493,AEPS_MICRO_ATM,13.005903,80.231471,Guindy,600032,MAINTENANCE
POS-AXIS-36-2494,POS,12.989202,80.203851,Velachery,600042,ACTIVE
POS-KOTAK-37-2495,POS,13.034358,80.281175,Adyar,600020,MAINTENANCE
ATM-SBI-38-2496,ATM_KIOSK,13.061848,80.226283,Kilpauk,600010,ACTIVE
POS-CANARA-39-2497,POS,12.898283,80.131667,Tambaram,600045,ACTIVE
ATM-FINO-40-2498,ATM_KIOSK,22.547388,88.321701,Park Street,700016,ACTIVE
POS-PAYTM-41-2499,POS,22.561961,88.466807,Salt Lake Sector V,700091,INACTIVE
AEPS-ICICI-42-2500,AEPS_MICRO_ATM,22.572719,88.489158,New Town Kolkata,700156,ACTIVE
